seed,lead,channel,gamma,beta
0,ii,0,0.44538387656211853,-0.10926304757595062
0,ii,1,1.2470667362213135,-0.0568288192152977
0,ii,2,0.9532918930053711,0.12217975407838821
0,ii,3,1.3390388488769531,-0.17762047052383423
0,ii,4,1.6127954721450806,-0.17706431448459625
0,ii,5,1.2209904193878174,-0.17619726061820984
0,ii,6,0.9314454197883606,-0.21874724328517914
0,ii,7,1.5508941411972046,0.07012378424406052
0,ii,8,0.9006206393241882,0.030214281752705574
0,ii,9,2.531147003173828,-0.01570507138967514
0,ii,10,0.38302695751190186,0.11863987147808075
0,ii,11,1.3553279638290405,-0.1326458901166916
0,ii,12,2.033825159072876,-0.20898528397083282
0,ii,13,1.0889112949371338,-0.20453712344169617
0,ii,14,2.1026570796966553,-0.33444690704345703
0,ii,15,1.379468321800232,-0.17009177803993225
0,ii,16,0.06501216441392899,-0.019285177811980247
0,ii,17,1.113996982574463,0.08467460423707962
0,ii,18,0.6813666820526123,-0.15017946064472198
0,ii,19,1.1756986379623413,-0.03992856666445732
0,ii,20,0.6269404292106628,-0.028135159984230995
0,ii,21,0.1578523963689804,-0.14199323952198029
0,ii,22,1.7281602621078491,-0.016269918531179428
0,ii,23,1.3327550888061523,-0.18996736407279968
0,ii,24,1.6677324771881104,-0.01854264922440052
0,ii,25,0.11451669037342072,-0.026051266118884087
0,ii,26,1.021052360534668,-0.10401863604784012
0,ii,27,1.4951515197753906,-0.0520620234310627
0,ii,28,0.6174185276031494,-0.27667585015296936
0,ii,29,2.012906312942505,-0.4179267883300781
0,ii,30,1.969289779663086,-0.022024471312761307
0,ii,31,1.0050750970840454,-0.07486816495656967
0,ii,32,1.7483320236206055,0.13464000821113586
0,ii,33,0.608031153678894,-0.04761700704693794
0,ii,34,1.8860489130020142,-0.2918853759765625
0,ii,35,1.0321825742721558,-0.09428737312555313
0,ii,36,0.6298995018005371,-0.0665307566523552
0,ii,37,1.149574875831604,0.0908084362745285
0,ii,38,1.3300700187683105,-0.10005372017621994
0,ii,39,0.8035285472869873,0.1562042087316513
0,ii,40,1.2933143377304077,0.10524322092533112
0,ii,41,2.010890245437622,0.15353350341320038
0,ii,42,2.092916965484619,0.01098368689417839
0,ii,43,1.6649935245513916,-0.1679200530052185
0,ii,44,1.346714735031128,0.012880739755928516
0,ii,45,1.0872116088867188,-0.0869016945362091
0,ii,46,1.1076592206954956,-0.3704628050327301
0,ii,47,1.377647876739502,0.09625421464443207
0,ii,48,1.8339622020721436,-0.0957002118229866
0,ii,49,0.855782687664032,-0.0968838483095169
0,ii,50,1.6840649843215942,0.03591511771082878
0,ii,51,1.5342997312545776,-0.3041200637817383
0,ii,52,0.6119685769081116,-0.029102176427841187
0,ii,53,1.4620401859283447,-0.1269637793302536
0,ii,54,0.20601949095726013,-0.02319198101758957
0,ii,55,1.4763004779815674,0.004278765991330147
0,ii,56,2.263496160507202,0.05907190218567848
0,ii,57,0.46774822473526,-0.12477199733257294
0,ii,58,0.8504647016525269,0.0579252615571022
0,ii,59,1.9813917875289917,-0.18516656756401062
0,ii,60,2.1905953884124756,-0.19042053818702698
0,ii,61,1.1726136207580566,-0.05936824902892113
0,ii,62,0.7635118365287781,-0.12976211309432983
0,ii,63,0.7150108218193054,-0.15835458040237427
0,iii,0,1.8828718662261963,0.04419242963194847
0,iii,1,0.6085354089736938,-0.017897047102451324
0,iii,2,0.5787438154220581,-0.17701323330402374
0,iii,3,2.1267688274383545,0.009380527772009373
0,iii,4,0.7041671276092529,-0.050483785569667816
0,iii,5,1.1372759342193604,-0.2230890989303589
0,iii,6,2.6119866371154785,-0.03137611970305443
0,iii,7,2.3698902130126953,0.30280551314353943
0,iii,8,2.8260531425476074,0.1258939504623413
0,iii,9,1.0459171533584595,-0.031851328909397125
0,iii,10,1.0436515808105469,-0.08486995100975037
0,iii,11,0.6389209032058716,-0.2491031289100647
0,iii,12,2.077461004257202,-0.06929665058851242
0,iii,13,1.2470632791519165,-0.18042071163654327
0,iii,14,1.7275861501693726,0.061890747398138046
0,iii,15,1.7661195993423462,-0.04741375520825386
0,iii,16,1.3541181087493896,-0.04735610634088516
0,iii,17,0.4523611068725586,-0.37282150983810425
0,iii,18,1.5342508554458618,-0.059772949665784836
0,iii,19,0.812822163105011,-0.02032856084406376
0,iii,20,1.517627477645874,-0.03980088233947754
0,iii,21,1.7536627054214478,-0.01937694102525711
0,iii,22,1.0984983444213867,0.2592927813529968
0,iii,23,1.518532633781433,-0.10722708702087402
0,iii,24,0.9310294985771179,0.2073419988155365
0,iii,25,0.8443008661270142,0.06947062909603119
0,iii,26,1.0381768941879272,-0.3020869493484497
0,iii,27,1.5503020286560059,-0.1356937289237976
0,iii,28,1.2901866436004639,-0.07440822571516037
0,iii,29,1.8594462871551514,0.06508796662092209
0,iii,30,0.784381628036499,-0.036437951028347015
0,iii,31,0.432313472032547,-0.0452994629740715
0,iii,32,1.785307765007019,0.31555044651031494
0,iii,33,1.0583196878433228,-0.23098091781139374
0,iii,34,0.9911096096038818,-0.2497989386320114
0,iii,35,1.1981762647628784,0.04382774606347084
0,iii,36,1.5622615814208984,-0.1779782474040985
0,iii,37,0.12356318533420563,-0.13443665206432343
0,iii,38,1.388154149055481,-0.13697853684425354
0,iii,39,1.81383216381073,-0.09482939541339874
0,iii,40,1.014338493347168,-0.20614305138587952
0,iii,41,1.0321117639541626,0.0015112377004697919
0,iii,42,1.4704174995422363,-0.022309934720396996
0,iii,43,1.159063696861267,-0.2653457224369049
0,iii,44,0.7866417765617371,0.06189265474677086
0,iii,45,0.44038113951683044,-0.20963424444198608
0,iii,46,1.1564372777938843,-0.3383742868900299
0,iii,47,1.5884802341461182,0.036905597895383835
0,iii,48,1.3236202001571655,-0.010497961193323135
0,iii,49,1.5395638942718506,-0.0901828333735466
0,iii,50,2.560260534286499,-0.0580306351184845
0,iii,51,1.685648798942566,-0.14558251202106476
0,iii,52,1.4127984046936035,-0.17064030468463898
0,iii,53,2.288215398788452,0.04567048326134682
0,iii,54,0.48835811018943787,-0.19743910431861877
0,iii,55,1.6827362775802612,-0.23622353374958038
0,iii,56,1.521262288093567,-0.1823863834142685
0,iii,57,1.592327356338501,-0.13219960033893585
0,iii,58,0.3288196325302124,-0.2855059802532196
0,iii,59,1.9609318971633911,-0.093977190554142
0,iii,60,1.863427758216858,-0.1295630931854248
0,iii,61,1.4768197536468506,-0.05013327673077583
0,iii,62,2.131793260574341,-0.17671282589435577
0,iii,63,1.1073873043060303,0.11820827424526215
0,v1,0,2.2382895946502686,-0.03361782804131508
0,v1,1,2.184314012527466,-0.020778100937604904
0,v1,2,1.441970944404602,-0.23512166738510132
0,v1,3,0.6449759602546692,-0.11015219986438751
0,v1,4,1.4147307872772217,-0.018300842493772507
0,v1,5,0.9445732831954956,-0.046257536858320236
0,v1,6,0.974618136882782,-0.410685658454895
0,v1,7,1.1166752576828003,0.02980014868080616
0,v1,8,0.5128871202468872,0.05534706637263298
0,v1,9,1.611953616142273,-0.15477974712848663
0,v1,10,1.144827961921692,-0.31754663586616516
0,v1,11,1.66086745262146,0.01372101902961731
0,v1,12,1.189106822013855,0.020951658487319946
0,v1,13,0.6901586651802063,0.16607047617435455
0,v1,14,0.8873453736305237,-0.2232821136713028
0,v1,15,2.4039127826690674,-0.14530856907367706
0,v1,16,1.5060750246047974,-0.04669826850295067
0,v1,17,0.6529406309127808,-0.1260814517736435
0,v1,18,0.6395139098167419,-0.2871684730052948
0,v1,19,0.33038607239723206,-0.00885202456265688
0,v1,20,1.7125581502914429,-0.12059156596660614
0,v1,21,1.7790473699569702,-0.050992462784051895
0,v1,22,0.29650646448135376,-0.08182205259799957
0,v1,23,1.8553341627120972,0.3097778856754303
0,v1,24,1.6953178644180298,-0.06071781367063522
0,v1,25,0.8565398454666138,-0.11099392920732498
0,v1,26,1.6119410991668701,-0.021580137312412262
0,v1,27,0.1909087598323822,-0.10066258162260056
0,v1,28,2.008600950241089,-0.08528601378202438
0,v1,29,2.1234943866729736,-0.015600159764289856
0,v1,30,1.3728010654449463,-0.2591017782688141
0,v1,31,1.3957889080047607,-0.2859801650047302
0,v1,32,1.3896352052688599,0.10580847412347794
0,v1,33,1.0521615743637085,0.1677444577217102
0,v1,34,1.2986664772033691,-0.12027586251497269
0,v1,35,0.550839364528656,-0.1167648434638977
0,v1,36,2.610687732696533,-0.0009278350626118481
0,v1,37,0.0379149354994297,-0.32193535566329956
0,v1,38,1.5149497985839844,-0.35011640191078186
0,v1,39,1.823893427848816,-0.1094963327050209
0,v1,40,2.256067991256714,0.033435117453336716
0,v1,41,0.6258704662322998,0.13219283521175385
0,v1,42,1.0115416049957275,0.006794325076043606
0,v1,43,1.1301389932632446,-0.09312719851732254
0,v1,44,1.77500319480896,-0.1288687139749527
0,v1,45,1.1661115884780884,-0.13055549561977386
0,v1,46,1.1620975732803345,0.09655793011188507
0,v1,47,-0.05376820266246796,-0.20896023511886597
0,v1,48,1.903446078300476,-0.17849166691303253
0,v1,49,2.5036230087280273,0.12054344266653061
0,v1,50,1.2575180530548096,-0.15898990631103516
0,v1,51,1.320807695388794,0.014163888990879059
0,v1,52,1.8820176124572754,-0.09518083184957504
0,v1,53,0.9854059219360352,-0.2261076271533966
0,v1,54,0.8325704336166382,0.05257529392838478
0,v1,55,0.9758070111274719,-0.12439022213220596
0,v1,56,0.7229426503181458,-0.012658702209591866
0,v1,57,0.9047555327415466,-0.3682907521724701
0,v1,58,1.577750563621521,0.08418021351099014
0,v1,59,0.029355816543102264,-0.017322905361652374
0,v1,60,1.2722904682159424,-0.22130624949932098
0,v1,61,1.3600401878356934,-0.38437405228614807
0,v1,62,0.5020014047622681,0.2917995750904083
0,v1,63,1.198060393333435,0.13476279377937317
0,v2,0,0.7111328840255737,-0.19866660237312317
0,v2,1,0.7060879468917847,0.07409248501062393
0,v2,2,1.148250937461853,-0.0007091404404491186
0,v2,3,1.07059645652771,0.1751953512430191
0,v2,4,1.3815431594848633,-0.1730376034975052
0,v2,5,1.2867985963821411,0.017490362748503685
0,v2,6,0.9945356845855713,0.17601549625396729
0,v2,7,1.1410791873931885,-0.20202112197875977
0,v2,8,2.2464613914489746,-0.08212576061487198
0,v2,9,1.8581504821777344,0.031151752918958664
0,v2,10,1.5218757390975952,0.1471184641122818
0,v2,11,1.7541691064834595,-0.00903419777750969
0,v2,12,1.538689136505127,-0.0797797217965126
0,v2,13,1.112241506576538,-0.03187324106693268
0,v2,14,2.1836793422698975,-0.14523862302303314
0,v2,15,2.1793642044067383,-0.04511886090040207
0,v2,16,1.6761188507080078,0.045700084418058395
0,v2,17,2.4369754791259766,-0.2590616047382355
0,v2,18,2.5803310871124268,0.12815885245800018
0,v2,19,0.7634521722793579,-0.00267940666526556
0,v2,20,1.052491545677185,-0.09401562064886093
0,v2,21,-0.11833182722330093,0.16402967274188995
0,v2,22,0.9300704598426819,-0.20546646416187286
0,v2,23,1.4735229015350342,-0.009566874243319035
0,v2,24,2.095360040664673,-0.07210288941860199
0,v2,25,1.0905675888061523,-0.0425231009721756
0,v2,26,1.557145595550537,0.07724952697753906
0,v2,27,0.6062979698181152,-0.3234449326992035
0,v2,28,1.7642511129379272,-0.04129064455628395
0,v2,29,1.9466058015823364,0.06999381631612778
0,v2,30,1.2561235427856445,-0.13331882655620575
0,v2,31,1.2225780487060547,-0.11343498528003693
0,v2,32,1.1342365741729736,-0.057086240500211716
0,v2,33,1.4335908889770508,0.12893833220005035
0,v2,34,1.6515963077545166,0.10909231752157211
0,v2,35,0.7008788585662842,-0.3530040383338928
0,v2,36,1.598871111869812,0.18949668109416962
0,v2,37,1.2012975215911865,-0.1709388643503189
0,v2,38,1.380839467048645,-0.0788668692111969
0,v2,39,0.5841424465179443,-0.005618024617433548
0,v2,40,1.8018736839294434,-0.10868772119283676
0,v2,41,0.6428090929985046,0.042932163923978806
0,v2,42,2.216846227645874,-0.28971657156944275
0,v2,43,1.1472100019454956,0.020819662138819695
0,v2,44,1.0835469961166382,0.15643835067749023
0,v2,45,0.290289044380188,0.03049582801759243
0,v2,46,0.8230245113372803,0.00541909271851182
0,v2,47,0.6874372959136963,-0.21058796346187592
0,v2,48,1.7208173274993896,-0.12141057848930359
0,v2,49,0.3967857360839844,-0.36052486300468445
0,v2,50,1.2267102003097534,0.12338949739933014
0,v2,51,0.6271238923072815,-0.17640180885791779
0,v2,52,1.1014235019683838,0.17147278785705566
0,v2,53,2.1388115882873535,-0.0035075449850410223
0,v2,54,0.8663464188575745,0.1437586098909378
0,v2,55,1.6531575918197632,-0.16435900330543518
0,v2,56,1.317849040031433,0.006733155809342861
0,v2,57,1.4671505689620972,-0.0998954102396965
0,v2,58,2.58559250831604,-0.007926617749035358
0,v2,59,0.990497887134552,-0.07082431763410568
0,v2,60,1.9708735942840576,-0.11347256600856781
0,v2,61,1.0589191913604736,-0.09877044707536697
0,v2,62,0.9308077692985535,-0.0023330210242420435
0,v2,63,2.0657193660736084,0.12257347255945206
0,v3,0,0.6834861636161804,0.17670303583145142
0,v3,1,0.2864607274532318,-0.2428717464208603
0,v3,2,0.8795743584632874,0.059830442070961
0,v3,3,0.048443350940942764,-0.206539586186409
0,v3,4,2.011202096939087,-0.17835618555545807
0,v3,5,1.7644480466842651,-0.06271885335445404
0,v3,6,0.8361419439315796,-0.24938583374023438
0,v3,7,1.0846002101898193,-0.062191955745220184
0,v3,8,2.0724852085113525,-0.0884365662932396
0,v3,9,1.119747519493103,-0.05373130366206169
0,v3,10,1.0112143754959106,0.006911915726959705
0,v3,11,0.9566693305969238,-0.1300351917743683
0,v3,12,0.2488221973180771,-0.1972070038318634
0,v3,13,2.175769329071045,-0.04795104265213013
0,v3,14,1.6554189920425415,-0.26366305351257324
0,v3,15,1.2485637664794922,0.013158997520804405
0,v3,16,1.1865384578704834,-0.08019666373729706
0,v3,17,2.8448312282562256,-0.02962968498468399
0,v3,18,1.3322646617889404,-0.12033344805240631
0,v3,19,1.1054738759994507,-0.14336082339286804
0,v3,20,2.8185157775878906,-0.14597070217132568
0,v3,21,1.0019259452819824,-0.32988640666007996
0,v3,22,0.8417751789093018,-0.1617482304573059
0,v3,23,1.8861010074615479,0.12498634308576584
0,v3,24,0.2076091170310974,-0.34535905718803406
0,v3,25,0.1786365658044815,-0.12118779122829437
0,v3,26,1.5672416687011719,0.05519628897309303
0,v3,27,2.223917007446289,-0.0698290467262268
0,v3,28,1.3220692873001099,-0.08817108720541
0,v3,29,0.3265894055366516,-0.1131376102566719
0,v3,30,0.22203275561332703,0.14211958646774292
0,v3,31,1.1859058141708374,0.011033499613404274
0,v3,32,0.10916964709758759,-0.06341861933469772
0,v3,33,0.40922820568084717,-0.09438459575176239
0,v3,34,1.0521894693374634,-0.2702903747558594
0,v3,35,0.5243662595748901,-0.05924975872039795
0,v3,36,1.862810730934143,-0.14493577182292938
0,v3,37,1.2328749895095825,-0.3062420189380646
0,v3,38,1.1281529664993286,0.03771407902240753
0,v3,39,1.4782403707504272,0.1803615838289261
0,v3,40,1.173545241355896,-0.12354272603988647
0,v3,41,1.8967925310134888,0.1013849601149559
0,v3,42,1.508664608001709,0.04924332723021507
0,v3,43,2.311246395111084,0.20156601071357727
0,v3,44,2.34628963470459,-0.05016350373625755
0,v3,45,0.5599523186683655,-0.0201968215405941
0,v3,46,1.0900568962097168,-0.22025518119335175
0,v3,47,0.8051303029060364,0.10860385745763779
0,v3,48,0.9972699880599976,0.2342083603143692
0,v3,49,1.6337215900421143,-0.004311177413910627
0,v3,50,2.225214958190918,-0.06268206238746643
0,v3,51,1.533381700515747,0.31451743841171265
0,v3,52,1.4758294820785522,0.09967264533042908
0,v3,53,0.6330984830856323,-0.17259763181209564
0,v3,54,1.3843927383422852,-0.02726907841861248
0,v3,55,0.54823899269104,0.057113178074359894
0,v3,56,0.7621665000915527,-0.27496030926704407
0,v3,57,1.193816900253296,-0.045077912509441376
0,v3,58,2.425570487976074,-0.06814311444759369
0,v3,59,0.8562915921211243,0.02293102629482746
0,v3,60,1.1522910594940186,-0.16587312519550323
0,v3,61,2.012702465057373,-0.18180203437805176
0,v3,62,1.5563429594039917,0.019739767536520958
0,v3,63,1.096610188484192,-0.28625619411468506
0,v4,0,0.4770508110523224,-0.2023991346359253
0,v4,1,2.023944854736328,-0.13964974880218506
0,v4,2,2.3178060054779053,0.023998424410820007
0,v4,3,1.4877151250839233,-0.07307443022727966
0,v4,4,1.6560635566711426,-0.04613509401679039
0,v4,5,2.1947968006134033,0.1440904438495636
0,v4,6,2.002476930618286,-0.00813543051481247
0,v4,7,0.8658562898635864,-0.20844177901744843
0,v4,8,2.3258056640625,0.13845708966255188
0,v4,9,0.6766218543052673,0.05100579187273979
0,v4,10,1.0877827405929565,-0.18415866792201996
0,v4,11,0.7538133263587952,0.01749785616993904
0,v4,12,1.2397594451904297,-0.42303118109703064
0,v4,13,1.4942618608474731,-0.2094854712486267
0,v4,14,1.5072641372680664,-0.02797800488770008
0,v4,15,2.5087685585021973,-0.0034703912679105997
0,v4,16,1.8362759351730347,0.27058175206184387
0,v4,17,1.3167810440063477,0.08822272717952728
0,v4,18,1.2960933446884155,-0.005968856625258923
0,v4,19,0.7669025659561157,-0.3752027153968811
0,v4,20,1.5735996961593628,-0.11307403445243835
0,v4,21,1.1146221160888672,-0.011259163729846478
0,v4,22,2.363553524017334,-0.07383421808481216
0,v4,23,1.6207069158554077,-0.139822855591774
0,v4,24,1.0146175622940063,-0.16067516803741455
0,v4,25,2.2441582679748535,-0.25992465019226074
0,v4,26,1.6275404691696167,-0.007710480131208897
0,v4,27,2.334444284439087,-0.07430396229028702
0,v4,28,1.4417572021484375,-0.24199225008487701
0,v4,29,2.077723741531372,-0.040858108550310135
0,v4,30,1.5932637453079224,0.041353218257427216
0,v4,31,1.1404081583023071,-0.16406811773777008
0,v4,32,1.6618380546569824,-0.1339084357023239
0,v4,33,1.5352705717086792,0.10064411163330078
0,v4,34,2.2741708755493164,-0.10806773602962494
0,v4,35,2.019744634628296,-0.207310289144516
0,v4,36,1.8818035125732422,-0.04607481509447098
0,v4,37,0.7235881686210632,-0.10543175041675568
0,v4,38,1.428965449333191,-0.1257028877735138
0,v4,39,0.6092171669006348,-0.10817274451255798
0,v4,40,1.6880695819854736,-0.07730616629123688
0,v4,41,0.9616732597351074,-0.04437990114092827
0,v4,42,1.134301781654358,0.1595679670572281
0,v4,43,1.179423213005066,0.14318355917930603
0,v4,44,1.3778973817825317,-0.031935010105371475
0,v4,45,0.10895519703626633,-0.019759977236390114
0,v4,46,1.5102548599243164,-0.1912255436182022
0,v4,47,0.3109508454799652,-0.13338299095630646
0,v4,48,0.24026517570018768,-0.128413587808609
0,v4,49,1.6933517456054688,0.14395824074745178
0,v4,50,0.5654693245887756,0.045635249465703964
0,v4,51,1.1488028764724731,-0.04341205582022667
0,v4,52,1.1878676414489746,0.09289224445819855
0,v4,53,0.8809539675712585,0.008352510631084442
0,v4,54,0.71584552526474,0.013219170272350311
0,v4,55,1.2866909503936768,0.27908191084861755
0,v4,56,1.0027763843536377,-0.05176544189453125
0,v4,57,-0.1112547442317009,-0.0025537959299981594
0,v4,58,3.01365327835083,0.02908906526863575
0,v4,59,0.618127167224884,-0.1287061721086502
0,v4,60,-0.27549925446510315,-0.10843527317047119
0,v4,61,2.274308443069458,0.023402253165841103
0,v4,62,1.5132113695144653,0.1483308970928192
0,v4,63,1.1122561693191528,-0.05297818034887314
0,v5,0,1.0430359840393066,-0.1798420548439026
0,v5,1,2.2487151622772217,0.19986528158187866
0,v5,2,1.5138113498687744,0.1443178802728653
0,v5,3,2.400597333908081,-0.15346495807170868
0,v5,4,0.05406127870082855,0.057137034833431244
0,v5,5,0.3724121153354645,-0.008965818211436272
0,v5,6,1.3044915199279785,-0.032636769115924835
0,v5,7,1.9813921451568604,0.30646222829818726
0,v5,8,0.20708991587162018,-0.11509952694177628
0,v5,9,0.8508032560348511,-0.13542382419109344
0,v5,10,1.5695449113845825,0.016074225306510925
0,v5,11,0.36875274777412415,-0.011460060253739357
0,v5,12,2.2956130504608154,-0.08701061457395554
0,v5,13,0.8483510613441467,-0.30057263374328613
0,v5,14,0.43949753046035767,-0.17806173861026764
0,v5,15,1.0267425775527954,-0.3257656693458557
0,v5,16,1.8632230758666992,-0.006639991886913776
0,v5,17,1.559559941291809,0.008092747069895267
0,v5,18,2.330814838409424,0.04737909138202667
0,v5,19,1.3297946453094482,-0.19111940264701843
0,v5,20,1.0216846466064453,-0.1829870194196701
0,v5,21,1.7652102708816528,0.03655511513352394
0,v5,22,0.9238409399986267,-0.09210819751024246
0,v5,23,1.5533899068832397,-0.24423781037330627
0,v5,24,1.8694006204605103,-0.11134105175733566
0,v5,25,1.2040882110595703,-0.009240508079528809
0,v5,26,0.6168760657310486,0.058732010424137115
0,v5,27,0.7004180550575256,-0.1723427176475525
0,v5,28,0.2973983883857727,0.01694919355213642
0,v5,29,1.21284019947052,0.11842551082372665
0,v5,30,1.754246473312378,-0.07331370562314987
0,v5,31,1.9233239889144897,-0.0034929520916193724
0,v5,32,1.264729619026184,-0.24182932078838348
0,v5,33,1.4297840595245361,0.06869757920503616
0,v5,34,2.1180331707000732,-0.02069590799510479
0,v5,35,1.4040967226028442,-0.073761947453022
0,v5,36,0.8025557398796082,0.24283979833126068
0,v5,37,0.9045525193214417,-0.06477288156747818
0,v5,38,2.3024404048919678,-0.17043890058994293
0,v5,39,1.487937331199646,-0.0007706870674155653
0,v5,40,1.0443084239959717,-0.027738798409700394
0,v5,41,2.288490056991577,0.03843257948756218
0,v5,42,2.6950838565826416,-0.09794506430625916
0,v5,43,1.652476191520691,0.1906147003173828
0,v5,44,0.5309374332427979,-0.22038646042346954
0,v5,45,0.9121770262718201,0.03082958050072193
0,v5,46,1.712141990661621,0.10874413698911667
0,v5,47,0.9705334305763245,-0.06378975510597229
0,v5,48,-0.28415679931640625,-0.15910138189792633
0,v5,49,2.7322096824645996,0.09608227014541626
0,v5,50,0.8177244067192078,-0.08467526733875275
0,v5,51,1.45567786693573,0.022485343739390373
0,v5,52,1.0338464975357056,0.17773322761058807
0,v5,53,2.1893255710601807,-0.13438178598880768
0,v5,54,1.654126524925232,-0.05423896387219429
0,v5,55,0.9085384011268616,0.11341390758752823
0,v5,56,2.4705281257629395,-0.03884629160165787
0,v5,57,1.0368338823318481,-0.06495283544063568
0,v5,58,2.027081251144409,-0.12448151409626007
0,v5,59,1.0806983709335327,-0.2039657086133957
0,v5,60,0.9037898182868958,0.21026237308979034
0,v5,61,0.18686622381210327,-0.22469860315322876
0,v5,62,1.5293548107147217,0.12218381464481354
0,v5,63,1.1603398323059082,0.1668040007352829
0,v6,0,1.0691351890563965,-0.12716098129749298
0,v6,1,1.3687496185302734,-0.08662492036819458
0,v6,2,1.0053006410598755,-0.12916958332061768
0,v6,3,0.6555324792861938,-0.3021869659423828
0,v6,4,2.7811198234558105,0.011986331082880497
0,v6,5,0.5316944718360901,-0.0664423331618309
0,v6,6,2.157475471496582,-0.021407868713140488
0,v6,7,1.3794840574264526,-0.013316678814589977
0,v6,8,1.9357942342758179,-0.20927974581718445
0,v6,9,2.1010451316833496,-0.4637654721736908
0,v6,10,1.4748523235321045,-0.09529997408390045
0,v6,11,1.6207829713821411,0.01835504360496998
0,v6,12,0.8896739482879639,-0.07491783797740936
0,v6,13,-0.023989658802747726,-0.006269106175750494
0,v6,14,1.0228755474090576,0.15107664465904236
0,v6,15,1.2923890352249146,-0.23831169307231903
0,v6,16,1.3696926832199097,0.045295681804418564
0,v6,17,0.6094184517860413,-0.07498834282159805
0,v6,18,2.0705723762512207,-0.2658768892288208
0,v6,19,1.9083319902420044,-0.3954790234565735
0,v6,20,1.1406681537628174,0.12307571619749069
0,v6,21,2.248920440673828,-0.01119222491979599
0,v6,22,0.5791524648666382,0.03818124160170555
0,v6,23,1.705475926399231,0.19879545271396637
0,v6,24,0.0005746417446061969,-0.3827877640724182
0,v6,25,0.7757180333137512,0.038598980754613876
0,v6,26,2.243995189666748,-0.12801037728786469
0,v6,27,0.6070066690444946,-0.04666910320520401
0,v6,28,1.4742295742034912,0.01226583682000637
0,v6,29,0.7867419719696045,-0.3093791902065277
0,v6,30,0.41207051277160645,-0.025723325088620186
0,v6,31,2.404924154281616,0.053738176822662354
0,v6,32,1.033155918121338,-0.02775154821574688
0,v6,33,1.2038499116897583,-0.10207559913396835
0,v6,34,1.4249911308288574,-0.06387720257043839
0,v6,35,0.9949911236763,-0.12956002354621887
0,v6,36,1.476582407951355,-0.05359134078025818
0,v6,37,0.4264172613620758,-0.31463423371315
0,v6,38,1.105835199356079,-0.038908276706933975
0,v6,39,0.7836138606071472,-0.20832853019237518
0,v6,40,0.18364107608795166,-0.033166058361530304
0,v6,41,0.21464359760284424,-0.13913322985172272
0,v6,42,1.2557272911071777,0.05578545108437538
0,v6,43,1.8108640909194946,-0.02025066316127777
0,v6,44,1.47774338722229,0.061686888337135315
0,v6,45,1.1023749113082886,-0.15869393944740295
0,v6,46,1.7590421438217163,0.02846069633960724
0,v6,47,2.0457496643066406,-0.35362187027931213
0,v6,48,1.81047523021698,-0.14637932181358337
0,v6,49,1.2808805704116821,-0.04993044584989548
0,v6,50,1.4405639171600342,-0.18788616359233856
0,v6,51,2.4213035106658936,-0.15679213404655457
0,v6,52,1.4427151679992676,0.1165495216846466
0,v6,53,0.6563409566879272,-0.26621174812316895
0,v6,54,2.8574464321136475,-0.17378565669059753
0,v6,55,1.6930029392242432,-0.33568716049194336
0,v6,56,0.9837692379951477,-0.15138815343379974
0,v6,57,0.6694801449775696,-0.13917551934719086
0,v6,58,2.4996914863586426,-0.16204583644866943
0,v6,59,1.5364818572998047,0.05816839635372162
0,v6,60,1.2064818143844604,0.11564180999994278
0,v6,61,0.6703952550888062,0.028121910989284515
0,v6,62,1.669530987739563,-0.12023438513278961
0,v6,63,0.6348092555999756,-0.048009466379880905
1,ii,0,1.0722054243087769,-0.006362458225339651
1,ii,1,0.4178967773914337,-0.011169721372425556
1,ii,2,0.9870649576187134,-0.18364965915679932
1,ii,3,1.2088375091552734,-0.046281713992357254
1,ii,4,0.6255642175674438,-0.11675505340099335
1,ii,5,2.4680511951446533,0.10788673907518387
1,ii,6,1.554065465927124,-0.10131553560495377
1,ii,7,0.7082901000976562,-0.1573077142238617
1,ii,8,1.2796152830123901,-0.14134548604488373
1,ii,9,0.7938544750213623,-0.10342156887054443
1,ii,10,1.456464409828186,-0.4554399847984314
1,ii,11,1.1548020839691162,-0.13054485619068146
1,ii,12,0.9180484414100647,-0.12880489230155945
1,ii,13,1.342401385307312,0.024519510567188263
1,ii,14,1.6757997274398804,-0.09671365469694138
1,ii,15,2.6439437866210938,-0.15394790470600128
1,ii,16,1.4554599523544312,-0.11179044097661972
1,ii,17,1.4901905059814453,0.12431636452674866
1,ii,18,1.2152472734451294,-0.06720119714736938
1,ii,19,0.605326235294342,0.015173505060374737
1,ii,20,1.993216872215271,-0.2558024525642395
1,ii,21,1.765642523765564,-0.3652084171772003
1,ii,22,1.0579404830932617,-0.04866368696093559
1,ii,23,0.6285814642906189,-0.18847201764583588
1,ii,24,1.0696682929992676,-0.10127820074558258
1,ii,25,1.5748621225357056,-0.17719213664531708
1,ii,26,0.6292258501052856,-0.023178422823548317
1,ii,27,1.9315968751907349,0.15262702107429504
1,ii,28,2.8262507915496826,-0.43590617179870605
1,ii,29,0.9581175446510315,-0.026427285745739937
1,ii,30,0.892935574054718,0.16910238564014435
1,ii,31,1.7521783113479614,-0.026041634380817413
1,ii,32,1.2628612518310547,-0.3245435953140259
1,ii,33,1.4688239097595215,0.07166065275669098
1,ii,34,0.02699008397758007,-0.08064081519842148
1,ii,35,0.5910799503326416,-0.06306245177984238
1,ii,36,1.402721881866455,-0.0510159395635128
1,ii,37,1.3932887315750122,0.08999361097812653
1,ii,38,-0.24083201587200165,-0.07151856273412704
1,ii,39,2.250093460083008,-0.07949291169643402
1,ii,40,2.1998953819274902,0.33185094594955444
1,ii,41,0.7416298985481262,-0.22998681664466858
1,ii,42,0.7379376888275146,0.013567250221967697
1,ii,43,1.0442321300506592,-0.07724233716726303
1,ii,44,1.6445001363754272,-0.0006802149000577629
1,ii,45,0.7882260084152222,-0.22974681854248047
1,ii,46,1.0341041088104248,0.027516424655914307
1,ii,47,1.3633618354797363,0.11323387175798416
1,ii,48,0.9399154186248779,0.12157463282346725
1,ii,49,1.8610528707504272,-0.10333967208862305
1,ii,50,0.7445792555809021,-0.30880898237228394
1,ii,51,0.07711660116910934,-0.14097283780574799
1,ii,52,0.6361640095710754,0.009963461197912693
1,ii,53,0.28758618235588074,-0.1165095716714859
1,ii,54,0.3987526297569275,-0.14638109505176544
1,ii,55,1.6586132049560547,-0.12547627091407776
1,ii,56,0.386499285697937,-0.01557563804090023
1,ii,57,2.0460407733917236,-0.276648610830307
1,ii,58,0.9213318824768066,-0.06444583088159561
1,ii,59,1.3089128732681274,0.034630730748176575
1,ii,60,0.6931431293487549,0.004297300241887569
1,ii,61,1.314750075340271,0.05899517238140106
1,ii,62,0.9941885471343994,-0.312634140253067
1,ii,63,2.5654497146606445,0.02674613706767559
1,iii,0,1.9462859630584717,-0.18620553612709045
1,iii,1,1.042702078819275,-0.09410721808671951
1,iii,2,1.287722110748291,0.04563251510262489
1,iii,3,1.4613535404205322,-0.0007128360448405147
1,iii,4,1.0069471597671509,-0.2290467768907547
1,iii,5,1.4007642269134521,0.10460107028484344
1,iii,6,1.1320923566818237,0.3247898519039154
1,iii,7,1.1180636882781982,0.004968028981238604
1,iii,8,1.5006424188613892,0.2171189934015274
1,iii,9,2.2744383811950684,-0.19902989268302917
1,iii,10,1.2215975522994995,-0.16156937181949615
1,iii,11,1.6857324838638306,-0.03511454164981842
1,iii,12,1.4148858785629272,-0.14443248510360718
1,iii,13,0.8684737682342529,-0.3335573077201843
1,iii,14,0.7286738753318787,0.004021352156996727
1,iii,15,-0.2491433024406433,-0.011646753177046776
1,iii,16,0.3675009310245514,-0.07385309040546417
1,iii,17,0.18521735072135925,0.06664369255304337
1,iii,18,1.5642296075820923,-0.10043254494667053
1,iii,19,0.4818178713321686,-0.11550898104906082
1,iii,20,2.4660563468933105,-0.11187492311000824
1,iii,21,0.8860629796981812,-0.06077975034713745
1,iii,22,1.1536246538162231,-0.11107910424470901
1,iii,23,1.3240145444869995,-0.11840600520372391
1,iii,24,0.8491474986076355,-0.22719049453735352
1,iii,25,1.1256706714630127,-0.2255847454071045
1,iii,26,1.992682933807373,0.29586857557296753
1,iii,27,1.7142189741134644,-0.18047484755516052
1,iii,28,2.4238688945770264,-0.021630646660923958
1,iii,29,1.9706144332885742,-0.1425708830356598
1,iii,30,2.217027187347412,-0.18159358203411102
1,iii,31,0.9053134322166443,0.22688095271587372
1,iii,32,0.42507287859916687,-0.34651610255241394
1,iii,33,0.9338347911834717,-0.009092416614294052
1,iii,34,0.3760966360569,-0.3386852741241455
1,iii,35,1.0340244770050049,-0.1840607225894928
1,iii,36,1.6143728494644165,-0.10842392593622208
1,iii,37,1.7747886180877686,-0.10269339382648468
1,iii,38,2.5691299438476562,0.010841519571840763
1,iii,39,2.0203697681427,-0.09336096793413162
1,iii,40,2.1185948848724365,-0.1294875144958496
1,iii,41,0.43955227732658386,-0.14520616829395294
1,iii,42,1.9182674884796143,-0.13062737882137299
1,iii,43,1.870265245437622,0.0642964094877243
1,iii,44,0.6103907823562622,-0.15178290009498596
1,iii,45,1.8468695878982544,-0.07377970218658447
1,iii,46,0.4535369277000427,-0.1327003538608551
1,iii,47,1.7777506113052368,0.01625595986843109
1,iii,48,1.528316855430603,0.2688191533088684
1,iii,49,2.060520887374878,0.01612403243780136
1,iii,50,0.9539403319358826,-0.10123119503259659
1,iii,51,1.9367939233779907,-0.5086423754692078
1,iii,52,0.9416906833648682,0.05965597555041313
1,iii,53,0.3439904451370239,-0.29699209332466125
1,iii,54,0.23562787473201752,-0.20609591901302338
1,iii,55,1.7808713912963867,-0.13581228256225586
1,iii,56,1.597890019416809,-0.09318046271800995
1,iii,57,0.590959370136261,-0.06118147075176239
1,iii,58,2.0052897930145264,-0.06197920814156532
1,iii,59,0.8534286618232727,-0.17610830068588257
1,iii,60,1.394605040550232,-0.0030837187077850103
1,iii,61,1.5252654552459717,-0.04358211159706116
1,iii,62,0.9303326606750488,-0.11925472319126129
1,iii,63,0.8265905380249023,-0.2075994312763214
1,v1,0,0.6206045746803284,-0.003945257514715195
1,v1,1,1.8205868005752563,-0.20601321756839752
1,v1,2,2.4680280685424805,-0.26485535502433777
1,v1,3,1.1683942079544067,0.11564473062753677
1,v1,4,0.7908225655555725,-0.15223154425621033
1,v1,5,1.3163129091262817,-0.3679393231868744
1,v1,6,2.3309853076934814,-0.026256905868649483
1,v1,7,0.2951737344264984,-0.03649253770709038
1,v1,8,0.7709763050079346,0.06542203575372696
1,v1,9,2.5368480682373047,0.006138963159173727
1,v1,10,0.6250510811805725,-0.2729502022266388
1,v1,11,0.9057208895683289,0.0460205115377903
1,v1,12,1.8599662780761719,-0.1073385626077652
1,v1,13,1.1184073686599731,-0.3352906405925751
1,v1,14,1.0803639888763428,-0.06452065706253052
1,v1,15,0.5728002786636353,-0.3239763379096985
1,v1,16,2.045055627822876,-0.13927622139453888
1,v1,17,1.4189624786376953,-0.10810358822345734
1,v1,18,1.2280499935150146,0.061033330857753754
1,v1,19,0.9295404553413391,-0.17161737382411957
1,v1,20,2.077921152114868,-0.06030203774571419
1,v1,21,1.9257992506027222,0.15805315971374512
1,v1,22,0.7659674286842346,-0.0817461609840393
1,v1,23,1.9010424613952637,0.19186119735240936
1,v1,24,0.868317723274231,0.08551015704870224
1,v1,25,1.1303571462631226,-0.1070999801158905
1,v1,26,0.5433930158615112,-0.1852138191461563
1,v1,27,0.864885151386261,-0.23363658785820007
1,v1,28,1.7435777187347412,-0.24205298721790314
1,v1,29,0.8804559707641602,-0.18205362558364868
1,v1,30,0.4830107092857361,0.037266284227371216
1,v1,31,1.3274829387664795,-0.01609748974442482
1,v1,32,2.562033176422119,0.1848812848329544
1,v1,33,2.0184848308563232,-0.21771061420440674
1,v1,34,1.747933268547058,0.14657378196716309
1,v1,35,0.08579301089048386,-0.24791915714740753
1,v1,36,0.9702734351158142,0.06995777785778046
1,v1,37,1.1378990411758423,-0.3112575113773346
1,v1,38,1.6927918195724487,-0.0027001837734133005
1,v1,39,1.5049976110458374,-0.04475745931267738
1,v1,40,2.061145782470703,0.2260228842496872
1,v1,41,1.2743123769760132,-0.08792009949684143
1,v1,42,2.243448495864868,-0.1724935621023178
1,v1,43,0.6648246645927429,-0.3536617159843445
1,v1,44,0.20063509047031403,-0.3141579031944275
1,v1,45,1.9439417123794556,-0.03263430669903755
1,v1,46,1.0969080924987793,0.03980580344796181
1,v1,47,1.4441338777542114,0.043914008885622025
1,v1,48,0.5978598594665527,-0.23801687359809875
1,v1,49,1.0043847560882568,-0.21343140304088593
1,v1,50,1.3871610164642334,0.1383148580789566
1,v1,51,1.9586316347122192,0.02231808379292488
1,v1,52,0.8898680806159973,-0.03836151957511902
1,v1,53,1.2767798900604248,0.0037502357736229897
1,v1,54,0.6462454795837402,0.11524657905101776
1,v1,55,2.3516383171081543,-0.007701211608946323
1,v1,56,0.4381198287010193,-0.3688904047012329
1,v1,57,0.49573296308517456,-0.07401487231254578
1,v1,58,1.189108967781067,0.021225180476903915
1,v1,59,0.8781588673591614,-0.3141931891441345
1,v1,60,1.5423575639724731,0.11538531631231308
1,v1,61,1.7690348625183105,0.12621605396270752
1,v1,62,0.6381319165229797,0.03700706362724304
1,v1,63,1.5733234882354736,-0.26040247082710266
1,v2,0,1.0538705587387085,0.019201021641492844
1,v2,1,1.3305892944335938,-0.04752359911799431
1,v2,2,0.19275687634944916,-0.29463711380958557
1,v2,3,0.9213561415672302,-0.2745089530944824
1,v2,4,1.3759578466415405,0.11741122603416443
1,v2,5,1.5867953300476074,0.12618346512317657
1,v2,6,0.34002065658569336,0.01106098759919405
1,v2,7,1.121563196182251,0.07203817367553711
1,v2,8,1.5266488790512085,-0.03387000784277916
1,v2,9,0.9912480711936951,-0.33177316188812256
1,v2,10,1.5750020742416382,-0.06352448463439941
1,v2,11,0.6840060353279114,-0.07692492753267288
1,v2,12,0.13890403509140015,-0.3290880024433136
1,v2,13,1.647449254989624,-0.00048199796583503485
1,v2,14,1.4496015310287476,0.2069663107395172
1,v2,15,2.280937433242798,-0.09871961921453476
1,v2,16,0.16765402257442474,-0.3862958252429962
1,v2,17,1.5857707262039185,-0.07158232480287552
1,v2,18,2.12595534324646,-0.0448344424366951
1,v2,19,1.3863698244094849,-0.18275822699069977
1,v2,20,1.6104297637939453,0.017244691029191017
1,v2,21,2.0925276279449463,-0.002544668037444353
1,v2,22,1.0666953325271606,0.10370048135519028
1,v2,23,1.3290265798568726,-0.03165021538734436
1,v2,24,2.090041399002075,-0.05024638772010803
1,v2,25,0.6127960681915283,-0.24189451336860657
1,v2,26,0.23135235905647278,0.02643759548664093
1,v2,27,0.32212212681770325,-0.030650664120912552
1,v2,28,0.8744010925292969,0.058073271065950394
1,v2,29,0.26522040367126465,-0.07874712347984314
1,v2,30,0.6520834565162659,-0.01846620813012123
1,v2,31,0.6390067934989929,-0.12486551702022552
1,v2,32,0.30176469683647156,-0.0779932513833046
1,v2,33,1.255140781402588,0.027884826064109802
1,v2,34,1.1258255243301392,-0.10725419968366623
1,v2,35,1.4584423303604126,-0.2657831013202667
1,v2,36,1.4893178939819336,-0.35680827498435974
1,v2,37,0.5100029706954956,0.019716592505574226
1,v2,38,0.841787576675415,-0.12337866425514221
1,v2,39,1.4480541944503784,-0.1028696745634079
1,v2,40,2.355090618133545,0.09294401109218597
1,v2,41,0.9911915063858032,0.10921909660100937
1,v2,42,1.567604899406433,-0.14213939011096954
1,v2,43,1.636767029762268,0.0003639045462477952
1,v2,44,0.4981144368648529,0.04746348783373833
1,v2,45,2.0792202949523926,0.13467445969581604
1,v2,46,0.49946025013923645,-0.14036735892295837
1,v2,47,1.1328306198120117,0.04520808160305023
1,v2,48,1.415083885192871,0.11657857149839401
1,v2,49,1.5881136655807495,-0.34698575735092163
1,v2,50,1.0746357440948486,-0.20257602632045746
1,v2,51,2.041255235671997,0.17279501259326935
1,v2,52,1.1326080560684204,0.16077834367752075
1,v2,53,1.5043284893035889,-0.22825489938259125
1,v2,54,0.9203056693077087,-0.10457257926464081
1,v2,55,0.9819929003715515,-0.2184392511844635
1,v2,56,0.9026485085487366,-0.12579214572906494
1,v2,57,2.6510379314422607,-0.2358221560716629
1,v2,58,0.006924229674041271,0.0411514975130558
1,v2,59,2.309743881225586,0.11989092081785202
1,v2,60,-0.013562983833253384,-0.1303597390651703
1,v2,61,1.0467722415924072,-0.1594601571559906
1,v2,62,1.3857687711715698,-0.31366249918937683
1,v2,63,1.394264817237854,-0.015100507996976376
1,v3,0,0.442081093788147,-0.054893653839826584
1,v3,1,1.194892168045044,-0.038606759160757065
1,v3,2,2.094264030456543,-0.25579965114593506
1,v3,3,-0.2729545831680298,-0.13211475312709808
1,v3,4,1.281800389289856,-0.019931841641664505
1,v3,5,0.6726433038711548,0.07377713918685913
1,v3,6,0.18195770680904388,-0.17138701677322388
1,v3,7,1.452128529548645,0.07834402471780777
1,v3,8,1.8330918550491333,-0.07116085290908813
1,v3,9,1.840587854385376,-0.14699961245059967
1,v3,10,1.108596682548523,-0.06763337552547455
1,v3,11,1.4259345531463623,0.009505776688456535
1,v3,12,1.5917026996612549,-0.09345602989196777
1,v3,13,0.20505987107753754,0.010028999298810959
1,v3,14,1.190840482711792,-0.2893241345882416
1,v3,15,2.2715699672698975,-0.13743600249290466
1,v3,16,1.7092788219451904,0.1142573282122612
1,v3,17,0.4393424093723297,-0.07654992491006851
1,v3,18,1.105129599571228,0.01350769679993391
1,v3,19,1.0140283107757568,-0.16531486809253693
1,v3,20,1.9020894765853882,0.08399105072021484
1,v3,21,2.315986394882202,-0.033495184034109116
1,v3,22,1.6502022743225098,-0.0258028581738472
1,v3,23,2.467195510864258,-0.17881666123867035
1,v3,24,1.3396944999694824,0.047907356172800064
1,v3,25,1.5333584547042847,-0.1960289478302002
1,v3,26,-0.12620626389980316,-0.16667328774929047
1,v3,27,1.8154183626174927,0.025257030501961708
1,v3,28,1.7129124402999878,-0.0637003481388092
1,v3,29,2.096078395843506,-0.12076347321271896
1,v3,30,1.3428114652633667,-0.17358672618865967
1,v3,31,1.6717700958251953,-0.08372735977172852
1,v3,32,1.3309844732284546,0.05602121725678444
1,v3,33,0.28975456953048706,0.03063497506082058
1,v3,34,1.28391695022583,0.008309325203299522
1,v3,35,0.8973578214645386,-0.21475167572498322
1,v3,36,1.4949506521224976,-0.04805805906653404
1,v3,37,0.37749776244163513,-0.08916810154914856
1,v3,38,1.8931597471237183,-0.2093314379453659
1,v3,39,1.0130469799041748,-0.03667907789349556
1,v3,40,1.8127574920654297,0.019064392894506454
1,v3,41,1.9830230474472046,0.10352983325719833
1,v3,42,1.20756995677948,-0.11035610735416412
1,v3,43,1.9152014255523682,-0.10000437498092651
1,v3,44,1.1972949504852295,-0.022389503195881844
1,v3,45,2.536679983139038,-0.05597153306007385
1,v3,46,1.3060641288757324,-0.1684805303812027
1,v3,47,0.8515392541885376,-0.09048059582710266
1,v3,48,0.4961284101009369,-0.13205817341804504
1,v3,49,1.3254342079162598,0.14328217506408691
1,v3,50,0.6955233812332153,-0.1319679170846939
1,v3,51,2.2032053470611572,0.17938031256198883
1,v3,52,1.1307251453399658,0.022824371233582497
1,v3,53,2.318636417388916,0.11128576099872589
1,v3,54,1.6336452960968018,-0.07599939405918121
1,v3,55,0.5118215680122375,-0.06557177752256393
1,v3,56,0.43917253613471985,-0.200641468167305
1,v3,57,0.9901958107948303,-0.08100278675556183
1,v3,58,1.0144891738891602,-0.10827809572219849
1,v3,59,2.4104833602905273,0.14779159426689148
1,v3,60,0.3786756098270416,0.1842777132987976
1,v3,61,2.3662242889404297,-0.14010995626449585
1,v3,62,-0.29683277010917664,-0.15866516530513763
1,v3,63,1.231913447380066,-0.10582619160413742
1,v4,0,1.415960669517517,-0.04684433341026306
1,v4,1,2.321173906326294,-0.10611124336719513
1,v4,2,0.9628657698631287,-0.2694070339202881
1,v4,3,1.8215763568878174,-0.027462081983685493
1,v4,4,2.587543249130249,-0.06532042473554611
1,v4,5,-0.14034709334373474,0.10410863906145096
1,v4,6,1.0487667322158813,-0.3444666862487793
1,v4,7,0.6945275664329529,-0.15199227631092072
1,v4,8,0.7689419984817505,-0.06533803790807724
1,v4,9,0.9500197768211365,-0.04218568280339241
1,v4,10,1.5848941802978516,-0.004021152853965759
1,v4,11,0.841133713722229,-0.058486614376306534
1,v4,12,1.6647995710372925,-0.2301039695739746
1,v4,13,0.5693472027778625,-0.01860077865421772
1,v4,14,2.026855945587158,-0.017578868195414543
1,v4,15,0.844784677028656,-0.13979734480381012
1,v4,16,0.275349497795105,-0.11861930787563324
1,v4,17,0.00015180847549345344,-0.14919371902942657
1,v4,18,2.3435466289520264,-0.03899264335632324
1,v4,19,1.2241759300231934,0.013504543341696262
1,v4,20,1.68821120262146,-0.28351595997810364
1,v4,21,1.1986571550369263,-0.20867705345153809
1,v4,22,0.3013344705104828,-0.08662888407707214
1,v4,23,0.5498530864715576,0.07574322074651718
1,v4,24,0.8065494894981384,0.016390815377235413
1,v4,25,0.29535502195358276,0.0002796536427922547
1,v4,26,-0.39415720105171204,-0.43446823954582214
1,v4,27,1.0267949104309082,-0.10585533082485199
1,v4,28,1.765496850013733,0.005773013457655907
1,v4,29,1.8136597871780396,0.11317627131938934
1,v4,30,2.3469293117523193,0.012215671129524708
1,v4,31,0.4280411899089813,0.042448125779628754
1,v4,32,2.304544448852539,-0.14899641275405884
1,v4,33,2.021850109100342,0.18416720628738403
1,v4,34,2.2948739528656006,0.06819100677967072
1,v4,35,1.5882376432418823,-0.04066520556807518
1,v4,36,2.4149506092071533,0.08359323441982269
1,v4,37,1.7446684837341309,-0.10814914852380753
1,v4,38,0.4954375624656677,-0.08663593977689743
1,v4,39,0.6875410079956055,-0.22819918394088745
1,v4,40,0.8379536271095276,0.23534725606441498
1,v4,41,1.7669955492019653,-0.25715145468711853
1,v4,42,0.8200342059135437,-0.21418733894824982
1,v4,43,0.1531219631433487,0.034286655485630035
1,v4,44,1.4710030555725098,0.06754793226718903
1,v4,45,1.4563106298446655,0.15753616392612457
1,v4,46,1.4759135246276855,-0.017100723460316658
1,v4,47,0.85189288854599,-0.1486770361661911
1,v4,48,1.6080117225646973,-0.09233947843313217
1,v4,49,1.475201964378357,0.023371411487460136
1,v4,50,1.0160030126571655,-0.22598163783550262
1,v4,51,1.6963778734207153,-0.09856810420751572
1,v4,52,1.1375972032546997,-0.21581849455833435
1,v4,53,0.7325745820999146,-0.10964692384004593
1,v4,54,1.4052082300186157,-0.09225484728813171
1,v4,55,0.5897794365882874,0.002259711967781186
1,v4,56,1.2161197662353516,-0.007080552168190479
1,v4,57,1.8006922006607056,0.0768723115324974
1,v4,58,1.660028100013733,-0.16571591794490814
1,v4,59,1.3150489330291748,0.0020449445582926273
1,v4,60,1.2440857887268066,0.06324491649866104
1,v4,61,1.4779456853866577,-0.009784678928554058
1,v4,62,1.6543960571289062,-0.09505404531955719
1,v4,63,2.542473077774048,-0.18318001925945282
1,v5,0,2.6536571979522705,0.17971637845039368
1,v5,1,0.8437356948852539,0.031823690980672836
1,v5,2,0.4239012598991394,-0.2002084106206894
1,v5,3,0.6814600825309753,-0.23400364816188812
1,v5,4,1.3272373676300049,0.0023122529964894056
1,v5,5,0.9749000668525696,-0.14930351078510284
1,v5,6,-0.36901742219924927,0.008643523789942265
1,v5,7,2.0215225219726562,0.003559042001143098
1,v5,8,0.008750400505959988,-0.18251056969165802
1,v5,9,1.2387170791625977,0.10291534662246704
1,v5,10,1.2176930904388428,-0.19539178907871246
1,v5,11,2.399498701095581,-0.13962112367153168
1,v5,12,1.3191285133361816,0.035067565739154816
1,v5,13,1.2509474754333496,0.047395993024110794
1,v5,14,2.6183512210845947,0.07328493893146515
1,v5,15,1.5561649799346924,-0.220598503947258
1,v5,16,1.5438551902770996,-0.19955657422542572
1,v5,17,1.81984543800354,-0.12408922612667084
1,v5,18,1.0142269134521484,0.027612894773483276
1,v5,19,1.3465328216552734,0.07121540606021881
1,v5,20,1.052943229675293,0.08029339462518692
1,v5,21,1.6641353368759155,-0.08506551384925842
1,v5,22,1.1793162822723389,0.03538133576512337
1,v5,23,2.155808448791504,0.13154645264148712
1,v5,24,0.7669273018836975,-0.24028004705905914
1,v5,25,1.2851790189743042,-0.22823134064674377
1,v5,26,0.8047353625297546,-0.09349944442510605
1,v5,27,0.22238615155220032,-0.17121979594230652
1,v5,28,0.035868339240550995,-0.2967666983604431
1,v5,29,0.9860376715660095,-0.1488107442855835
1,v5,30,0.9447247982025146,0.005225109867751598
1,v5,31,1.4640116691589355,0.05208456143736839
1,v5,32,0.7143945693969727,0.11448932439088821
1,v5,33,0.9456418752670288,0.10205770283937454
1,v5,34,0.7590568661689758,-0.2027706354856491
1,v5,35,1.7833001613616943,0.009954677894711494
1,v5,36,2.3403568267822266,-0.03417869657278061
1,v5,37,1.4834954738616943,0.03961455076932907
1,v5,38,1.4498893022537231,-0.18153852224349976
1,v5,39,1.5418035984039307,0.14684945344924927
1,v5,40,2.272080659866333,-0.14006206393241882
1,v5,41,2.393209934234619,-0.08836837857961655
1,v5,42,1.68047034740448,-0.25945088267326355
1,v5,43,0.836039125919342,-0.03449456766247749
1,v5,44,0.31177181005477905,-0.0023075405042618513
1,v5,45,1.0143321752548218,-0.14556998014450073
1,v5,46,-0.036694496870040894,-0.12904493510723114
1,v5,47,0.6930364966392517,-0.2487453818321228
1,v5,48,0.7324265837669373,0.15732541680335999
1,v5,49,1.85260009765625,0.052986085414886475
1,v5,50,2.580519676208496,-0.07187864929437637
1,v5,51,1.925589680671692,0.15342792868614197
1,v5,52,1.2985879182815552,0.2886727750301361
1,v5,53,1.2895927429199219,-0.2612839937210083
1,v5,54,0.9750075340270996,-0.3970096707344055
1,v5,55,1.6067975759506226,0.06137891486287117
1,v5,56,1.3538360595703125,-0.1281135231256485
1,v5,57,1.7096048593521118,0.16165532171726227
1,v5,58,1.8013237714767456,0.11044321954250336
1,v5,59,0.8964394927024841,-0.35021719336509705
1,v5,60,1.9701067209243774,-0.06406332552433014
1,v5,61,1.2888869047164917,0.08484653383493423
1,v5,62,-0.31112679839134216,-0.049680549651384354
1,v5,63,1.7616595029830933,-0.13437584042549133
1,v6,0,1.5774904489517212,0.002012863289564848
1,v6,1,2.4801628589630127,0.0704733356833458
1,v6,2,1.0378230810165405,-0.19894443452358246
1,v6,3,1.1257131099700928,0.11989403516054153
1,v6,4,1.4098726511001587,-0.15797840058803558
1,v6,5,0.13363853096961975,-0.03506751358509064
1,v6,6,2.704371929168701,-0.15167637169361115
1,v6,7,1.3245999813079834,0.06522336602210999
1,v6,8,1.3084956407546997,-0.07456626743078232
1,v6,9,1.71662437915802,0.20770780742168427
1,v6,10,2.8703219890594482,-0.19246789813041687
1,v6,11,0.847030758857727,-0.18085087835788727
1,v6,12,0.13081100583076477,-0.1901138722896576
1,v6,13,0.9692879319190979,-0.14125722646713257
1,v6,14,0.30139124393463135,-0.28933292627334595
1,v6,15,1.717465877532959,-0.09890289604663849
1,v6,16,2.2449402809143066,-0.18271572887897491
1,v6,17,0.05340391397476196,-0.25410157442092896
1,v6,18,0.6164601445198059,-0.1012471467256546
1,v6,19,1.9921735525131226,-0.14659318327903748
1,v6,20,0.26083892583847046,-0.2032492607831955
1,v6,21,1.2688921689987183,-0.2865063548088074
1,v6,22,0.9957894682884216,-0.16148987412452698
1,v6,23,1.4264836311340332,0.2378697395324707
1,v6,24,1.0417789220809937,-0.09163828194141388
1,v6,25,1.7092653512954712,0.2135944664478302
1,v6,26,0.6280632615089417,-0.08491212874650955
1,v6,27,1.1688560247421265,-0.19856257736682892
1,v6,28,1.2138692140579224,-0.06931919604539871
1,v6,29,1.5002201795578003,-0.16538164019584656
1,v6,30,0.8372927904129028,-0.10358428210020065
1,v6,31,3.021766424179077,-0.05580975115299225
1,v6,32,1.8728227615356445,0.05140705406665802
1,v6,33,2.5753612518310547,0.11030947417020798
1,v6,34,2.031951665878296,-0.42169642448425293
1,v6,35,1.5644159317016602,0.264041006565094
1,v6,36,1.50880765914917,0.11754196882247925
1,v6,37,1.616460919380188,-0.05065338686108589
1,v6,38,1.188960313796997,-0.3087690472602844
1,v6,39,0.8143290281295776,-0.1269586682319641
1,v6,40,1.892156958580017,0.23514482378959656
1,v6,41,-0.030792178586125374,0.016649501398205757
1,v6,42,1.2269021272659302,0.18597690761089325
1,v6,43,1.7311275005340576,-0.11696416884660721
1,v6,44,-0.19972623884677887,-0.12375194579362869
1,v6,45,0.5754678249359131,-0.015391486696898937
1,v6,46,1.1664586067199707,-0.32493481040000916
1,v6,47,0.5899938941001892,-0.08064526319503784
1,v6,48,0.17938806116580963,-0.1450541764497757
1,v6,49,0.9464570879936218,0.22273415327072144
1,v6,50,1.431458830833435,0.05385856330394745
1,v6,51,1.4014203548431396,0.11707387864589691
1,v6,52,1.6323020458221436,-0.37856078147888184
1,v6,53,0.9696521759033203,0.11299336701631546
1,v6,54,1.6923584938049316,-0.16693244874477386
1,v6,55,1.00285005569458,-0.1036541685461998
1,v6,56,1.296457290649414,0.09412586688995361
1,v6,57,1.1905884742736816,-0.08977784961462021
1,v6,58,1.6966801881790161,-0.06894990056753159
1,v6,59,1.724941372871399,-0.146296888589859
1,v6,60,0.9510120153427124,-0.33581116795539856
1,v6,61,0.6789793372154236,-0.11207976937294006
1,v6,62,1.1586865186691284,-0.0363958366215229
1,v6,63,1.398563027381897,-0.05219578370451927
2,ii,0,0.8736512064933777,-0.12702202796936035
2,ii,1,1.6255147457122803,-0.24650900065898895
2,ii,2,1.2603868246078491,-0.3053628206253052
2,ii,3,0.9839437007904053,-0.1957855075597763
2,ii,4,1.2746737003326416,0.05548008531332016
2,ii,5,1.4958771467208862,-0.14985181391239166
2,ii,6,1.3542472124099731,-0.2530314028263092
2,ii,7,1.475822925567627,-0.07945864647626877
2,ii,8,0.8186319470405579,-0.16364184021949768
2,ii,9,0.7840556502342224,0.034768253564834595
2,ii,10,0.9155542850494385,-0.18355786800384521
2,ii,11,0.5195844173431396,-0.10639945417642593
2,ii,12,0.7986698150634766,-0.10558324307203293
2,ii,13,1.0719072818756104,-0.24158455431461334
2,ii,14,1.657375454902649,0.10592817515134811
2,ii,15,1.4166789054870605,-0.004174501169472933
2,ii,16,1.2698501348495483,-0.23321908712387085
2,ii,17,2.110961437225342,-0.04664437845349312
2,ii,18,2.1393260955810547,0.05272819474339485
2,ii,19,1.41997230052948,-0.2913571894168854
2,ii,20,1.8647569417953491,0.026959121227264404
2,ii,21,0.6642965078353882,0.1599472463130951
2,ii,22,0.17312605679035187,-0.2370433658361435
2,ii,23,1.3688812255859375,-0.09801693260669708
2,ii,24,0.7768749594688416,-0.2676902413368225
2,ii,25,0.442412406206131,-0.04847199469804764
2,ii,26,1.2825407981872559,-0.07809455692768097
2,ii,27,1.2316925525665283,-0.05175868794322014
2,ii,28,2.582857370376587,-0.0002114559174515307
2,ii,29,0.903838038444519,-0.15608549118041992
2,ii,30,1.4290356636047363,-0.16936872899532318
2,ii,31,1.3308697938919067,-0.0678526908159256
2,ii,32,0.9905938506126404,-0.2151365429162979
2,ii,33,2.014359712600708,0.008470912463963032
2,ii,34,1.6055400371551514,0.11528735607862473
2,ii,35,1.2058188915252686,-0.011159121990203857
2,ii,36,0.8765932321548462,-0.02157844789326191
2,ii,37,1.1307860612869263,-0.10173419862985611
2,ii,38,1.1665232181549072,-0.24895787239074707
2,ii,39,0.6915128231048584,-0.09003856033086777
2,ii,40,0.9667903780937195,-0.1976577341556549
2,ii,41,2.13562273979187,0.012419854290783405
2,ii,42,1.1306384801864624,0.12765170633792877
2,ii,43,0.8423925638198853,-0.3340587615966797
2,ii,44,1.6570805311203003,-0.017092972993850708
2,ii,45,0.668327808380127,0.08086356520652771
2,ii,46,1.3155204057693481,-0.11054497212171555
2,ii,47,1.0355875492095947,-0.23070470988750458
2,ii,48,2.0129148960113525,-0.22792157530784607
2,ii,49,0.5823698043823242,-0.35436224937438965
2,ii,50,0.6075089573860168,-0.2248704731464386
2,ii,51,1.4971559047698975,0.005329519975930452
2,ii,52,1.9654484987258911,0.12121284008026123
2,ii,53,0.901547908782959,-0.3251633048057556
2,ii,54,2.325981855392456,-0.12655147910118103
2,ii,55,1.5899779796600342,0.029789170250296593
2,ii,56,1.205476999282837,-0.4232217073440552
2,ii,57,1.1591652631759644,-0.1643502116203308
2,ii,58,0.9560331702232361,-0.02568853087723255
2,ii,59,0.7090020775794983,-0.13096673786640167
2,ii,60,1.3457130193710327,0.22683484852313995
2,ii,61,1.23879075050354,-0.1526435911655426
2,ii,62,2.6755471229553223,-0.09824508428573608
2,ii,63,2.6768572330474854,-0.05809081345796585
2,iii,0,0.9443346261978149,0.06391128152608871
2,iii,1,1.5007191896438599,-0.10036470741033554
2,iii,2,1.6547499895095825,-0.06479714810848236
2,iii,3,1.713222861289978,-0.23574824631214142
2,iii,4,-0.06529858708381653,-0.058291517198085785
2,iii,5,1.185470700263977,-0.044585540890693665
2,iii,6,2.4659793376922607,0.02115868218243122
2,iii,7,0.7816870808601379,-0.03931470587849617
2,iii,8,1.5327097177505493,-0.0394071564078331
2,iii,9,0.8465456366539001,-0.2401062399148941
2,iii,10,1.6211371421813965,0.01145242527127266
2,iii,11,1.1079021692276,0.08300202339887619
2,iii,12,0.4100373685359955,-0.12504886090755463
2,iii,13,2.0914316177368164,0.11233975738286972
2,iii,14,2.089536428451538,-0.14812417328357697
2,iii,15,1.441489338874817,-0.1675707846879959
2,iii,16,1.0417110919952393,0.042788315564394
2,iii,17,0.9725852608680725,0.2363598644733429
2,iii,18,1.4023768901824951,-0.15183919668197632
2,iii,19,2.2980470657348633,0.059544313699007034
2,iii,20,0.8728382587432861,-0.1199830174446106
2,iii,21,2.1968657970428467,0.19727244973182678
2,iii,22,1.145801067352295,-0.05637846887111664
2,iii,23,1.4505802392959595,-0.1960284262895584
2,iii,24,1.701096773147583,0.007042993325740099
2,iii,25,1.1846998929977417,-0.13149616122245789
2,iii,26,1.393485188484192,-0.00871979258954525
2,iii,27,1.043386697769165,-0.08865169435739517
2,iii,28,1.138593077659607,0.09575879573822021
2,iii,29,1.1604585647583008,-0.17047519981861115
2,iii,30,2.2208051681518555,-0.31051281094551086
2,iii,31,1.9200958013534546,-0.0823843702673912
2,iii,32,0.8287463784217834,-0.10606139153242111
2,iii,33,1.6031970977783203,0.06744816154241562
2,iii,34,1.9313815832138062,-0.04408951848745346
2,iii,35,0.7939240336418152,-0.09400352835655212
2,iii,36,1.5416955947875977,-0.0061022317968308926
2,iii,37,0.9496290683746338,0.01408713310956955
2,iii,38,0.7892467379570007,-0.08578411489725113
2,iii,39,1.9738879203796387,-0.1301603615283966
2,iii,40,1.3988409042358398,-0.01180193480104208
2,iii,41,1.7147246599197388,-0.0749693512916565
2,iii,42,1.6910805702209473,-0.07427052408456802
2,iii,43,1.3922061920166016,-0.12643788754940033
2,iii,44,1.5769340991973877,-0.12345506250858307
2,iii,45,2.587329149246216,-0.03766375035047531
2,iii,46,-0.01793222688138485,0.029956361278891563
2,iii,47,2.007736921310425,0.07528240978717804
2,iii,48,1.1915479898452759,0.013731248676776886
2,iii,49,0.9991579651832581,-0.03382651135325432
2,iii,50,0.8909285068511963,-0.2986927628517151
2,iii,51,2.6424968242645264,-0.06967958807945251
2,iii,52,0.9316421151161194,-0.328686386346817
2,iii,53,0.44965147972106934,-0.07544911652803421
2,iii,54,1.4367189407348633,-0.1469373106956482
2,iii,55,1.8643088340759277,-0.2540266811847687
2,iii,56,0.4170535206794739,-0.11596884578466415
2,iii,57,1.6929619312286377,0.06412983685731888
2,iii,58,1.1464918851852417,-0.06431148946285248
2,iii,59,-0.08517256379127502,-0.10559099912643433
2,iii,60,1.9591624736785889,0.026099301874637604
2,iii,61,0.776097297668457,0.034479640424251556
2,iii,62,1.2745730876922607,-0.09789162874221802
2,iii,63,1.1511353254318237,-0.002797853434458375
2,v1,0,1.6393711566925049,-0.13729608058929443
2,v1,1,0.7410700917243958,-0.16192469000816345
2,v1,2,0.5244178175926208,0.020548759028315544
2,v1,3,0.811739444732666,-0.12756836414337158
2,v1,4,1.0535458326339722,-0.202119380235672
2,v1,5,1.6410144567489624,0.003850668901577592
2,v1,6,1.7504152059555054,-0.13686805963516235
2,v1,7,0.7779939770698547,-0.17558936774730682
2,v1,8,2.132249116897583,-0.07439301908016205
2,v1,9,1.7629767656326294,0.03562583401799202
2,v1,10,1.8059638738632202,0.007366903591901064
2,v1,11,1.3177183866500854,-0.054808396846055984
2,v1,12,1.2300013303756714,-0.12084682285785675
2,v1,13,1.477164387702942,-0.11785886436700821
2,v1,14,1.5154513120651245,-0.16908271610736847
2,v1,15,0.27599984407424927,-0.11995188891887665
2,v1,16,2.245816946029663,-0.0974237248301506
2,v1,17,0.8576450347900391,-0.29055482149124146
2,v1,18,1.8471266031265259,-0.11096807569265366
2,v1,19,1.0476561784744263,0.03387110307812691
2,v1,20,1.812103509902954,-0.07186625897884369
2,v1,21,0.5836553573608398,-0.15471632778644562
2,v1,22,0.828915536403656,-0.15272752940654755
2,v1,23,2.4094865322113037,0.07119480520486832
2,v1,24,0.751778244972229,-0.08143975585699081
2,v1,25,2.5128114223480225,0.27058854699134827
2,v1,26,1.16982901096344,-0.11283646523952484
2,v1,27,0.010564948432147503,-0.009834930300712585
2,v1,28,1.875674843788147,-0.3473052680492401
2,v1,29,1.433890700340271,0.012463768944144249
2,v1,30,0.725050687789917,-0.14941006898880005
2,v1,31,0.7790907621383667,-0.18873748183250427
2,v1,32,1.5231451988220215,-0.001582989119924605
2,v1,33,1.859383225440979,0.04031088203191757
2,v1,34,2.782921314239502,-0.0717310979962349
2,v1,35,0.8288112878799438,-0.03508420288562775
2,v1,36,1.011059284210205,-0.0973530262708664
2,v1,37,0.9085263609886169,-0.13883507251739502
2,v1,38,1.1720671653747559,-0.17623688280582428
2,v1,39,0.8424487709999084,-0.24747836589813232
2,v1,40,1.8074836730957031,0.016192294657230377
2,v1,41,1.518246054649353,0.11242221295833588
2,v1,42,1.0186423063278198,-0.011769204400479794
2,v1,43,0.9415884017944336,-0.3081480860710144
2,v1,44,2.662447214126587,-0.07124152034521103
2,v1,45,0.5534276366233826,-0.058738723397254944
2,v1,46,1.0806398391723633,-0.14527882635593414
2,v1,47,0.81275475025177,-0.11470048874616623
2,v1,48,0.7078477740287781,-0.2636846899986267
2,v1,49,2.3615376949310303,-0.13004866242408752
2,v1,50,2.2752010822296143,0.17005324363708496
2,v1,51,0.7152107357978821,-0.04668470472097397
2,v1,52,1.7510316371917725,-0.10549122095108032
2,v1,53,1.3205667734146118,0.05550461634993553
2,v1,54,1.1404273509979248,-0.12742401659488678
2,v1,55,0.7659671902656555,-0.16627193987369537
2,v1,56,2.051351308822632,-0.23045730590820312
2,v1,57,1.381806492805481,0.18585336208343506
2,v1,58,0.966161847114563,-0.11618252098560333
2,v1,59,0.7549029588699341,-0.03142470866441727
2,v1,60,0.5694597363471985,-0.02297789976000786
2,v1,61,0.6934034824371338,-0.09487487375736237
2,v1,62,0.4881059229373932,-0.2872934937477112
2,v1,63,0.7069088220596313,0.0952104777097702
2,v2,0,1.2863409519195557,-0.2330273687839508
2,v2,1,1.3960288763046265,0.020061085000634193
2,v2,2,0.8377971649169922,-0.05005211755633354
2,v2,3,1.821317434310913,0.08159206807613373
2,v2,4,1.2713550329208374,-0.015511988662183285
2,v2,5,2.135211229324341,-0.026761939749121666
2,v2,6,1.617977261543274,0.16705147922039032
2,v2,7,0.5082969069480896,0.0635630190372467
2,v2,8,0.7537930011749268,0.11524668335914612
2,v2,9,1.9024577140808105,0.01568857952952385
2,v2,10,1.820586919784546,-0.14100827276706696
2,v2,11,1.2193939685821533,0.0030918375123292208
2,v2,12,1.4489017724990845,0.013418193906545639
2,v2,13,2.552846908569336,-0.14742673933506012
2,v2,14,1.038197636604309,0.010357220657169819
2,v2,15,0.4403200149536133,-0.13438104093074799
2,v2,16,1.4941837787628174,-0.0346369631588459
2,v2,17,0.9604912400245667,-0.02233458310365677
2,v2,18,2.631927013397217,0.27625787258148193
2,v2,19,1.4498023986816406,0.08754601329565048
2,v2,20,1.2325583696365356,-0.2521039545536041
2,v2,21,1.4472349882125854,0.16204842925071716
2,v2,22,0.6259111166000366,-0.08158913999795914
2,v2,23,1.1221102476119995,-0.1533799171447754
2,v2,24,1.1379629373550415,-0.004330416209995747
2,v2,25,1.8311160802841187,-0.07193247228860855
2,v2,26,1.1453869342803955,-0.19630233943462372
2,v2,27,2.44332218170166,-0.0034524272195994854
2,v2,28,0.8482897281646729,-0.06487198919057846
2,v2,29,0.759232759475708,-0.04932105913758278
2,v2,30,2.434070348739624,-0.006823987700045109
2,v2,31,2.209967851638794,0.17458973824977875
2,v2,32,1.185366153717041,0.050000596791505814
2,v2,33,2.1543126106262207,-0.1719907820224762
2,v2,34,1.4116121530532837,-0.061732541769742966
2,v2,35,1.3658418655395508,-0.3119823932647705
2,v2,36,1.4336258172988892,-0.04722955822944641
2,v2,37,1.7555197477340698,0.20518550276756287
2,v2,38,-0.01512592751532793,-0.15946178138256073
2,v2,39,1.2650119066238403,-0.10032244026660919
2,v2,40,1.2404146194458008,-0.08402614295482635
2,v2,41,1.3828233480453491,-0.05256705731153488
2,v2,42,0.6819528341293335,-0.05850876122713089
2,v2,43,1.6504260301589966,-0.1977527141571045
2,v2,44,0.4902382493019104,-0.10974772274494171
2,v2,45,0.9212990999221802,0.01887676492333412
2,v2,46,1.8625491857528687,-0.005970405414700508
2,v2,47,1.9164438247680664,-0.20812635123729706
2,v2,48,1.714592695236206,-0.4024799168109894
2,v2,49,1.4731732606887817,-0.13967278599739075
2,v2,50,-0.025135980919003487,0.03179978206753731
2,v2,51,1.8971879482269287,0.09881263226270676
2,v2,52,0.8383828401565552,-0.2365255206823349
2,v2,53,0.9098865389823914,-0.16996143758296967
2,v2,54,0.7286139130592346,-0.17768114805221558
2,v2,55,2.4222962856292725,0.08117643743753433
2,v2,56,1.2807177305221558,0.03497018292546272
2,v2,57,1.5755900144577026,-0.2769625186920166
2,v2,58,0.9313365817070007,-0.053675051778554916
2,v2,59,2.0010759830474854,-0.06322499364614487
2,v2,60,0.46014970541000366,-0.24879638850688934
2,v2,61,1.6554229259490967,-0.019809942692518234
2,v2,62,0.6766510009765625,-0.043237484991550446
2,v2,63,0.2285570204257965,-0.24686363339424133
2,v3,0,2.5048930644989014,-0.12871302664279938
2,v3,1,2.754204511642456,0.1857936829328537
2,v3,2,1.1795721054077148,0.01395341381430626
2,v3,3,0.0778842344880104,-0.188072070479393
2,v3,4,2.0471038818359375,-0.04977216199040413
2,v3,5,1.7776193618774414,0.3205786645412445
2,v3,6,2.4120142459869385,-0.08103253692388535
2,v3,7,0.6814188957214355,-0.03311139717698097
2,v3,8,1.6759058237075806,-0.1134290099143982
2,v3,9,1.2494380474090576,-0.11526233702898026
2,v3,10,0.617871105670929,-0.11826323717832565
2,v3,11,1.2763456106185913,-0.1543167531490326
2,v3,12,1.626171350479126,-0.062447335571050644
2,v3,13,1.118539571762085,-0.10303979367017746
2,v3,14,0.2007557600736618,-0.17645500600337982
2,v3,15,0.19556958973407745,0.11934492737054825
2,v3,16,0.8735823035240173,0.16503161191940308
2,v3,17,1.7645719051361084,-0.18397386372089386
2,v3,18,1.717108130455017,-0.10091647505760193
2,v3,19,1.091140866279602,-0.002533023012802005
2,v3,20,1.1843342781066895,-0.19273807108402252
2,v3,21,1.754820704460144,-0.1008102297782898
2,v3,22,1.6797881126403809,0.006049368064850569
2,v3,23,1.9277405738830566,0.06120573729276657
2,v3,24,1.042864203453064,-0.15036483108997345
2,v3,25,0.3528890907764435,-0.2541499733924866
2,v3,26,1.064475178718567,0.07654927670955658
2,v3,27,0.6826611757278442,-0.19242018461227417
2,v3,28,0.06575113534927368,-0.1313685029745102
2,v3,29,0.8705880641937256,-0.05690844729542732
2,v3,30,0.5689667463302612,-0.07831049710512161
2,v3,31,1.50209641456604,0.09652663767337799
2,v3,32,1.8223841190338135,-0.04691445454955101
2,v3,33,0.3879603147506714,-0.11859928071498871
2,v3,34,2.2150800228118896,-0.118964783847332
2,v3,35,1.4280452728271484,-0.15509043633937836
2,v3,36,1.244437575340271,0.1319311112165451
2,v3,37,0.7057014107704163,-0.275383859872818
2,v3,38,2.019388198852539,0.22342005372047424
2,v3,39,1.4571443796157837,0.0026508797891438007
2,v3,40,0.3605318069458008,-0.0015052565140649676
2,v3,41,1.7202978134155273,-0.03605705499649048
2,v3,42,1.909960150718689,0.08198666572570801
2,v3,43,0.11331463605165482,-0.12388423830270767
2,v3,44,1.34249746799469,0.01615753583610058
2,v3,45,1.577479362487793,-0.23436954617500305
2,v3,46,0.9771569967269897,-0.08309083431959152
2,v3,47,1.3191165924072266,0.01520054042339325
2,v3,48,1.0410505533218384,0.10503261536359787
2,v3,49,1.0418685674667358,-0.115963876247406
2,v3,50,0.17027804255485535,0.045010559260845184
2,v3,51,2.4769551753997803,-0.049265120178461075
2,v3,52,1.4857256412506104,0.19666169583797455
2,v3,53,1.1296786069869995,-0.24473413825035095
2,v3,54,1.5069382190704346,0.028791427612304688
2,v3,55,-0.07937938719987869,-0.1439819186925888
2,v3,56,2.195237636566162,-0.04742453992366791
2,v3,57,1.4577481746673584,-0.3671138882637024
2,v3,58,1.3926167488098145,0.10846811532974243
2,v3,59,0.45594897866249084,-0.2408633530139923
2,v3,60,1.2207481861114502,-0.06178513914346695
2,v3,61,2.4112017154693604,-0.159005805850029
2,v3,62,0.5370274186134338,-0.2061566561460495
2,v3,63,1.9037580490112305,-0.17173974215984344
2,v4,0,1.240635633468628,0.11735805869102478
2,v4,1,1.5978529453277588,-0.05702413246035576
2,v4,2,1.427903175354004,-0.2759832441806793
2,v4,3,1.6330803632736206,0.06067963317036629
2,v4,4,1.3442729711532593,0.07768525183200836
2,v4,5,-0.12473058700561523,0.20612622797489166
2,v4,6,1.1920603513717651,-0.08809412270784378
2,v4,7,0.5173752307891846,-0.13868990540504456
2,v4,8,0.5610514283180237,-0.10180305689573288
2,v4,9,2.1056666374206543,-0.05661657080054283
2,v4,10,1.6771358251571655,-0.2747376263141632
2,v4,11,1.6942461729049683,0.0745609924197197
2,v4,12,1.5098211765289307,0.000511784921400249
2,v4,13,-0.4107294976711273,-0.20082952082157135
2,v4,14,0.1200246587395668,0.02226163260638714
2,v4,15,0.932873010635376,-0.16638530790805817
2,v4,16,0.1945221871137619,0.017236007377505302
2,v4,17,1.1218371391296387,0.08043938875198364
2,v4,18,1.1207585334777832,-0.09364410489797592
2,v4,19,2.0116171836853027,0.04559892416000366
2,v4,20,0.6142842769622803,-0.04828536882996559
2,v4,21,0.5753592848777771,0.02827264368534088
2,v4,22,0.5929226875305176,-0.12946288287639618
2,v4,23,1.3707298040390015,0.1772829294204712
2,v4,24,0.9542543888092041,0.005241560284048319
2,v4,25,1.5077881813049316,-0.0741841122508049
2,v4,26,-0.07946985960006714,0.03165024146437645
2,v4,27,1.472961187362671,-0.1290530264377594
2,v4,28,1.5293693542480469,0.03477580472826958
2,v4,29,1.235608696937561,-0.10605873167514801
2,v4,30,3.0478439331054688,0.023792646825313568
2,v4,31,0.9275621175765991,-0.02315722033381462
2,v4,32,0.4970301687717438,0.2103601098060608
2,v4,33,0.20352138578891754,-0.02285665087401867
2,v4,34,-0.02565128169953823,-0.04598323255777359
2,v4,35,0.9646697640419006,-0.08052989095449448
2,v4,36,2.3123514652252197,0.007572612725198269
2,v4,37,1.125740885734558,-0.3387218117713928
2,v4,38,1.7672557830810547,-0.10009908676147461
2,v4,39,2.4874956607818604,-0.24980327486991882
2,v4,40,1.9373524188995361,-0.06265568733215332
2,v4,41,0.9844343662261963,-0.1764894723892212
2,v4,42,1.7722066640853882,-0.07717767357826233
2,v4,43,0.9602408409118652,-0.18896521627902985
2,v4,44,2.558867931365967,0.051166605204343796
2,v4,45,1.8732281923294067,0.20252452790737152
2,v4,46,2.438913345336914,-0.05379620939493179
2,v4,47,1.4872992038726807,0.15361328423023224
2,v4,48,2.4764323234558105,0.2224135398864746
2,v4,49,0.804472804069519,-0.06513947248458862
2,v4,50,1.9146755933761597,-0.036178745329380035
2,v4,51,1.097723364830017,-0.2515306770801544
2,v4,52,0.03688585013151169,0.013723799958825111
2,v4,53,0.48853957653045654,-0.276559978723526
2,v4,54,0.6814777255058289,0.009949414990842342
2,v4,55,1.3841086626052856,0.09904088824987411
2,v4,56,1.9010820388793945,-0.04581225663423538
2,v4,57,-0.3306892216205597,0.03704070672392845
2,v4,58,1.5651791095733643,-0.19416426122188568
2,v4,59,0.5260106921195984,-0.1632627248764038
2,v4,60,1.071966528892517,0.09031791985034943
2,v4,61,1.507967472076416,0.08013971149921417
2,v4,62,0.4060467779636383,-0.1662643700838089
2,v4,63,1.3600544929504395,0.1262911558151245
2,v5,0,2.090540647506714,-0.1086140051484108
2,v5,1,1.025706171989441,-0.15922553837299347
2,v5,2,0.1504749357700348,-0.3153787851333618
2,v5,3,2.3723397254943848,0.05605065077543259
2,v5,4,0.25638434290885925,-0.1550578773021698
2,v5,5,0.8164880275726318,0.06494010239839554
2,v5,6,0.7099352478981018,-0.0783371776342392
2,v5,7,1.0920406579971313,-0.020128844305872917
2,v5,8,1.3349921703338623,-0.09543994814157486
2,v5,9,1.3604203462600708,0.08475477248430252
2,v5,10,2.231255531311035,0.0200436320155859
2,v5,11,2.0951337814331055,-0.2579997479915619
2,v5,12,1.5329490900039673,-0.06162673234939575
2,v5,13,2.3342626094818115,0.029667772352695465
2,v5,14,-0.23647084832191467,-0.38447105884552
2,v5,15,1.0439997911453247,-0.11741093546152115
2,v5,16,1.1047836542129517,0.17707575857639313
2,v5,17,1.6025739908218384,-0.24477612972259521
2,v5,18,0.9114532470703125,-0.07745645940303802
2,v5,19,1.0288265943527222,-0.2913566529750824
2,v5,20,1.3873919248580933,-0.18968962132930756
2,v5,21,1.1515227556228638,-0.30886608362197876
2,v5,22,0.7187044620513916,-0.11904755979776382
2,v5,23,2.2366528511047363,-0.098879873752594
2,v5,24,0.005662311799824238,0.0341029167175293
2,v5,25,0.9726933836936951,-0.095069520175457
2,v5,26,1.2834421396255493,-0.30995798110961914
2,v5,27,1.5763756036758423,-0.1664150357246399
2,v5,28,1.8200922012329102,0.016959555447101593
2,v5,29,1.332767128944397,-0.2684391438961029
2,v5,30,0.6954580545425415,-0.20636644959449768
2,v5,31,2.128053665161133,-0.23907387256622314
2,v5,32,0.170526921749115,-0.1423349529504776
2,v5,33,0.318996399641037,0.006202221382409334
2,v5,34,0.5922455787658691,0.008796581998467445
2,v5,35,1.1662472486495972,-0.09734276682138443
2,v5,36,2.1637964248657227,-0.24767501652240753
2,v5,37,0.7412735819816589,-0.011641066521406174
2,v5,38,2.1714577674865723,-0.08272970467805862
2,v5,39,2.7885470390319824,-0.12613745033740997
2,v5,40,1.0523598194122314,-0.09444301575422287
2,v5,41,0.32480037212371826,0.03969021141529083
2,v5,42,2.0285022258758545,0.009430625475943089
2,v5,43,0.8758212327957153,-0.029669832438230515
2,v5,44,0.3155595362186432,0.06384769082069397
2,v5,45,1.270835041999817,-0.01991555094718933
2,v5,46,2.551936149597168,-0.2767903804779053
2,v5,47,0.5053519010543823,-0.3055243492126465
2,v5,48,0.2683362364768982,-0.19604912400245667
2,v5,49,0.8921334743499756,-0.14837892353534698
2,v5,50,1.2290199995040894,-0.07727346569299698
2,v5,51,1.3961663246154785,-0.08543597161769867
2,v5,52,1.6730437278747559,0.08184430748224258
2,v5,53,2.0185437202453613,0.06443510204553604
2,v5,54,1.246389627456665,-0.06478513777256012
2,v5,55,1.3228931427001953,-0.10868044942617416
2,v5,56,3.0415382385253906,-0.2490014135837555
2,v5,57,0.6423655152320862,-0.2703666687011719
2,v5,58,2.3006529808044434,-0.12998051941394806
2,v5,59,0.8523027896881104,-0.03631040081381798
2,v5,60,0.912861704826355,0.16685816645622253
2,v5,61,1.9608560800552368,-0.19980494678020477
2,v5,62,0.7995046377182007,-0.004538671113550663
2,v5,63,0.7850465774536133,-0.3121546506881714
2,v6,0,0.21146787703037262,0.0422293022274971
2,v6,1,1.5994699001312256,-0.16598868370056152
2,v6,2,1.7415883541107178,0.20371785759925842
2,v6,3,0.07221566885709763,-0.2743902802467346
2,v6,4,1.0802803039550781,0.09845560789108276
2,v6,5,0.5382622480392456,-0.18851293623447418
2,v6,6,0.6140594482421875,-0.1270703375339508
2,v6,7,0.9204974174499512,0.1637481153011322
2,v6,8,1.971967339515686,0.11264311522245407
2,v6,9,1.3457655906677246,-0.16572999954223633
2,v6,10,1.298325777053833,0.034234192222356796
2,v6,11,0.613950252532959,0.011119795963168144
2,v6,12,0.5747877359390259,-0.031425271183252335
2,v6,13,1.6149437427520752,0.03259080648422241
2,v6,14,1.2442892789840698,-0.12634561955928802
2,v6,15,1.4010378122329712,0.09948434680700302
2,v6,16,0.45998063683509827,-0.08967478573322296
2,v6,17,3.0292699337005615,-0.1821514219045639
2,v6,18,0.9036387801170349,0.03127596899867058
2,v6,19,1.6243046522140503,0.05139094963669777
2,v6,20,0.3515646159648895,-0.2790428698062897
2,v6,21,1.756287693977356,-0.08704506605863571
2,v6,22,2.0280957221984863,-0.03667931631207466
2,v6,23,1.5982993841171265,0.0204108115285635
2,v6,24,0.36020010709762573,-0.4288575351238251
2,v6,25,2.0151920318603516,0.13355585932731628
2,v6,26,1.6229755878448486,-0.08313047140836716
2,v6,27,-0.3285772502422333,0.0026537494268268347
2,v6,28,1.0414507389068604,-0.20164772868156433
2,v6,29,1.3541837930679321,-0.22866149246692657
2,v6,30,0.5126774907112122,0.003325970843434334
2,v6,31,1.0888981819152832,0.00022354249085765332
2,v6,32,1.8287904262542725,-0.06801068037748337
2,v6,33,1.8204267024993896,-0.3787301182746887
2,v6,34,1.621213436126709,-0.14480456709861755
2,v6,35,0.2281663417816162,0.014218052849173546
2,v6,36,0.8425424098968506,-0.07404143363237381
2,v6,37,1.31712806224823,-0.10747832804918289
2,v6,38,0.7261336445808411,0.06088121607899666
2,v6,39,1.4026235342025757,0.11006584018468857
2,v6,40,2.118065118789673,-0.057160016149282455
2,v6,41,1.595007300376892,0.021101992577314377
2,v6,42,1.7481144666671753,0.29120174050331116
2,v6,43,2.1704533100128174,0.041135553270578384
2,v6,44,1.7883433103561401,0.08737847954034805
2,v6,45,1.5627673864364624,0.03124181553721428
2,v6,46,2.35347843170166,-0.2329687923192978
2,v6,47,0.7700260281562805,-0.11105452477931976
2,v6,48,2.9488449096679688,0.08805946260690689
2,v6,49,2.0199830532073975,0.13308113813400269
2,v6,50,2.1271631717681885,-0.20548692345619202
2,v6,51,1.4789385795593262,0.08226349204778671
2,v6,52,2.643920421600342,0.057191647589206696
2,v6,53,1.3042892217636108,0.13130566477775574
2,v6,54,0.3484627604484558,0.013168198987841606
2,v6,55,0.6445556282997131,-0.09489549696445465
2,v6,56,1.1041654348373413,0.003812969895079732
2,v6,57,0.8991018533706665,-0.11837596446275711
2,v6,58,1.8287383317947388,0.07634568214416504
2,v6,59,0.43772032856941223,0.03467102348804474
2,v6,60,0.8536012768745422,-0.1795426309108734
2,v6,61,1.9509081840515137,0.12203434109687805
2,v6,62,1.9988423585891724,-0.023166263476014137
2,v6,63,0.716970682144165,-0.07016752660274506
3,ii,0,1.5119811296463013,-0.04627508670091629
3,ii,1,0.6500377655029297,-0.1945655345916748
3,ii,2,1.0257785320281982,-0.1576351672410965
3,ii,3,0.9908049702644348,-0.09820917248725891
3,ii,4,1.693700909614563,0.03625524789094925
3,ii,5,0.40582534670829773,-0.006811635568737984
3,ii,6,1.929840087890625,0.10228142887353897
3,ii,7,1.5996918678283691,-0.1661582887172699
3,ii,8,0.5695139765739441,-0.1547657549381256
3,ii,9,0.40963682532310486,-0.07613702863454819
3,ii,10,1.106855034828186,0.02245284616947174
3,ii,11,1.318606972694397,0.07140103727579117
3,ii,12,1.0461066961288452,-0.1407717615365982
3,ii,13,2.341691255569458,-0.005809318739920855
3,ii,14,0.5426837205886841,-0.02231195755302906
3,ii,15,0.8332543969154358,-0.03443489968776703
3,ii,16,1.7525297403335571,-0.12009880691766739
3,ii,17,1.459941029548645,-0.06952108442783356
3,ii,18,0.7079681754112244,-0.13096857070922852
3,ii,19,0.5167785286903381,-0.14600907266139984
3,ii,20,1.6367199420928955,-0.06476204097270966
3,ii,21,-0.13706760108470917,0.08034136146306992
3,ii,22,2.0853965282440186,-0.0692443996667862
3,ii,23,0.4206111431121826,-0.0938291996717453
3,ii,24,2.53647518157959,0.08870670199394226
3,ii,25,1.4498673677444458,-0.29411110281944275
3,ii,26,0.7808488607406616,-0.11649398505687714
3,ii,27,-0.30017581582069397,0.019150175154209137
3,ii,28,1.8722996711730957,-0.12938770651817322
3,ii,29,2.834153890609741,0.0698515921831131
3,ii,30,0.5875163674354553,-0.1210254356265068
3,ii,31,1.863477349281311,0.05189613625407219
3,ii,32,1.2647219896316528,0.04114584997296333
3,ii,33,0.49159812927246094,-0.1873634308576584
3,ii,34,0.5135310292243958,-0.12601949274539948
3,ii,35,2.323878288269043,0.0843767449259758
3,ii,36,0.9372038841247559,0.013898580335080624
3,ii,37,1.0294445753097534,-0.15243713557720184
3,ii,38,1.1547248363494873,-0.07801499217748642
3,ii,39,1.7273163795471191,-0.04741480574011803
3,ii,40,0.6519581079483032,0.03065931610763073
3,ii,41,1.709734320640564,-0.05034467577934265
3,ii,42,1.2862046957015991,0.08319947123527527
3,ii,43,1.2788809537887573,-0.14262539148330688
3,ii,44,1.9583020210266113,0.09423007816076279
3,ii,45,0.8355200290679932,-0.10454464703798294
3,ii,46,0.9120750427246094,0.026029622182250023
3,ii,47,0.6175715327262878,-0.32540977001190186
3,ii,48,1.2707312107086182,-0.09625197947025299
3,ii,49,1.4210857152938843,-0.2026326060295105
3,ii,50,2.2525572776794434,-0.1283205896615982
3,ii,51,0.64564049243927,-0.07459884136915207
3,ii,52,0.5278456211090088,-0.25061315298080444
3,ii,53,1.4756979942321777,-0.3487633168697357
3,ii,54,1.0158013105392456,-0.09509741514921188
3,ii,55,1.6354774236679077,-0.018767962232232094
3,ii,56,0.3223845958709717,-0.17572703957557678
3,ii,57,1.6519075632095337,-0.34713423252105713
3,ii,58,2.820115566253662,-0.01974014937877655
3,ii,59,2.071357488632202,0.27366313338279724
3,ii,60,0.6026961803436279,-0.24613763391971588
3,ii,61,1.0423369407653809,-0.1418222188949585
3,ii,62,0.771457314491272,-0.10825691372156143
3,ii,63,2.5705418586730957,-0.1657329499721527
3,iii,0,0.9110084176063538,0.08988922834396362
3,iii,1,1.5480656623840332,-0.1514890044927597
3,iii,2,0.8652808666229248,-0.15756356716156006
3,iii,3,1.5250808000564575,-0.21928225457668304
3,iii,4,1.6141839027404785,0.14267969131469727
3,iii,5,0.4179176092147827,-0.27404820919036865
3,iii,6,2.5502405166625977,-0.07244469970464706
3,iii,7,1.464426040649414,-0.255772203207016
3,iii,8,1.531981110572815,-0.07698620855808258
3,iii,9,1.4177343845367432,-0.16204310953617096
3,iii,10,0.8561071753501892,-0.050783347338438034
3,iii,11,1.597561240196228,-0.0542207807302475
3,iii,12,0.5678510665893555,-0.013094292022287846
3,iii,13,0.7600288987159729,-0.1746724545955658
3,iii,14,1.1804171800613403,-0.02447924204170704
3,iii,15,1.1686674356460571,-0.05749804526567459
3,iii,16,2.2298662662506104,0.10912498086690903
3,iii,17,2.1419618129730225,-0.0433201789855957
3,iii,18,0.45491862297058105,-0.18725574016571045
3,iii,19,2.2685060501098633,-0.03258726745843887
3,iii,20,1.4933134317398071,-0.03667189180850983
3,iii,21,1.2515255212783813,-0.09516135603189468
3,iii,22,1.1595970392227173,-0.10714077949523926
3,iii,23,1.1039363145828247,-0.000706285412888974
3,iii,24,1.3887001276016235,-0.2088519036769867
3,iii,25,0.30664193630218506,-0.2693759799003601
3,iii,26,1.3495903015136719,0.061093393713235855
3,iii,27,2.148832321166992,-0.08983515202999115
3,iii,28,1.562758445739746,-0.0014042147668078542
3,iii,29,1.0843454599380493,-0.2543441653251648
3,iii,30,1.573163628578186,-0.051128074526786804
3,iii,31,0.02092667855322361,-0.26871177554130554
3,iii,32,0.5139055252075195,0.1071203425526619
3,iii,33,2.024149179458618,-0.15463627874851227
3,iii,34,0.6892648339271545,-0.1614694893360138
3,iii,35,1.7278610467910767,-0.11415982246398926
3,iii,36,1.4762327671051025,-0.2302921861410141
3,iii,37,2.3561768531799316,-0.15239927172660828
3,iii,38,1.6710453033447266,-0.12778909504413605
3,iii,39,1.3018412590026855,0.008815628476440907
3,iii,40,1.2483985424041748,-0.004156182520091534
3,iii,41,1.3570704460144043,-0.0012815375812351704
3,iii,42,1.3742475509643555,0.06864915043115616
3,iii,43,1.3688973188400269,-0.29703205823898315
3,iii,44,0.7092596292495728,-0.2696334719657898
3,iii,45,1.6818429231643677,0.09055550396442413
3,iii,46,1.2807412147521973,-0.49716323614120483
3,iii,47,0.5961599946022034,-0.17920540273189545
3,iii,48,0.5898879170417786,-0.049873389303684235
3,iii,49,2.1470868587493896,-0.011319249868392944
3,iii,50,2.555211067199707,0.10811269283294678
3,iii,51,1.652862787246704,0.07292913645505905
3,iii,52,0.8499544262886047,-0.3087601661682129
3,iii,53,0.7752178907394409,-0.1486131101846695
3,iii,54,1.9587090015411377,-0.2150161862373352
3,iii,55,1.0478051900863647,-0.06948830932378769
3,iii,56,2.030982255935669,0.28828945755958557
3,iii,57,0.45338794589042664,-0.4916607141494751
3,iii,58,2.2939834594726562,-0.17435340583324432
3,iii,59,0.5454159379005432,-0.046637196093797684
3,iii,60,0.4653263986110687,-0.1907845437526703
3,iii,61,1.0920345783233643,-0.132249653339386
3,iii,62,1.5394750833511353,-0.1528501659631729
3,iii,63,0.7027390599250793,0.017405522987246513
3,v1,0,2.444382429122925,0.047623198479413986
3,v1,1,0.48241373896598816,-0.15523049235343933
3,v1,2,1.3461240530014038,0.014455524273216724
3,v1,3,1.1538617610931396,-0.1149226501584053
3,v1,4,0.6205368041992188,0.04740544781088829
3,v1,5,1.2615678310394287,-0.1068640723824501
3,v1,6,1.4089679718017578,-0.2143470197916031
3,v1,7,2.9619362354278564,0.08447561413049698
3,v1,8,1.0839262008666992,-0.2248632311820984
3,v1,9,1.2688852548599243,0.030971551313996315
3,v1,10,0.9274448752403259,0.01575419493019581
3,v1,11,0.33439892530441284,-0.0572170652449131
3,v1,12,0.8467864394187927,0.09766952693462372
3,v1,13,1.2840907573699951,-0.08911747485399246
3,v1,14,1.15152907371521,-0.00761834904551506
3,v1,15,0.6449794173240662,-0.1566799134016037
3,v1,16,0.9085516333580017,-0.009277824312448502
3,v1,17,0.4745524525642395,-0.15809860825538635
3,v1,18,1.848766565322876,0.046851757913827896
3,v1,19,1.6120625734329224,-0.08403060585260391
3,v1,20,0.9605265855789185,-0.022871436551213264
3,v1,21,2.07785701751709,0.0892782136797905
3,v1,22,1.1678380966186523,0.051801975816488266
3,v1,23,2.020113229751587,0.05894911289215088
3,v1,24,1.7732977867126465,0.02532724104821682
3,v1,25,1.8234689235687256,-0.06833327561616898
3,v1,26,1.2077032327651978,-0.006741030607372522
3,v1,27,1.5875580310821533,0.17456038296222687
3,v1,28,1.3819527626037598,-0.20691168308258057
3,v1,29,0.9177119731903076,-0.16455331444740295
3,v1,30,1.4497348070144653,-0.04188600927591324
3,v1,31,1.4648089408874512,-0.07113947719335556
3,v1,32,1.8506656885147095,-0.11992734670639038
3,v1,33,1.2859851121902466,-0.0779113620519638
3,v1,34,1.2493349313735962,-0.007982118986546993
3,v1,35,0.5663970112800598,-0.3601199984550476
3,v1,36,0.19260521233081818,-0.212751567363739
3,v1,37,2.2843222618103027,-0.0649784728884697
3,v1,38,0.6483700275421143,-0.07797637581825256
3,v1,39,-0.043199941515922546,0.14664413034915924
3,v1,40,1.4591069221496582,-0.26976674795150757
3,v1,41,0.21278326213359833,-0.18725593388080597
3,v1,42,2.085157871246338,0.025865890085697174
3,v1,43,0.5604274272918701,0.04222211241722107
3,v1,44,0.9116039276123047,-0.13013868033885956
3,v1,45,2.275360584259033,-0.08526995778083801
3,v1,46,1.8130768537521362,-0.20302751660346985
3,v1,47,1.0230516195297241,-0.150533989071846
3,v1,48,1.0048763751983643,0.20566301047801971
3,v1,49,0.8886876702308655,-0.024333594366908073
3,v1,50,0.6161235570907593,-0.0038166018202900887
3,v1,51,0.936215341091156,0.22682633996009827
3,v1,52,0.1223432645201683,-0.1599125862121582
3,v1,53,2.0311644077301025,0.060607194900512695
3,v1,54,1.3848720788955688,-0.22739750146865845
3,v1,55,1.2952687740325928,0.012149037793278694
3,v1,56,2.096186399459839,-0.0017904075793921947
3,v1,57,1.1547837257385254,-0.07904032617807388
3,v1,58,2.537841558456421,-0.25534912943840027
3,v1,59,0.6807942986488342,-0.2010870724916458
3,v1,60,1.303848147392273,-0.38096851110458374
3,v1,61,1.7597049474716187,-0.0359698049724102
3,v1,62,1.201467514038086,0.024968506768345833
3,v1,63,1.2689480781555176,0.09630851447582245
3,v2,0,0.8891584277153015,-0.03162447735667229
3,v2,1,1.8608299493789673,0.0642169862985611
3,v2,2,1.5601733922958374,-0.2577792704105377
3,v2,3,2.0486972332000732,0.010328158736228943
3,v2,4,0.06239505857229233,-0.27436205744743347
3,v2,5,1.225557565689087,-0.10474023222923279
3,v2,6,2.4157063961029053,-0.17696990072727203
3,v2,7,1.7725775241851807,-0.07531208544969559
3,v2,8,2.08675217628479,-0.2061985284090042
3,v2,9,1.659759283065796,-0.11990445852279663
3,v2,10,0.8458163738250732,-0.19672486186027527
3,v2,11,1.7524564266204834,0.10840542614459991
3,v2,12,1.518794298171997,0.040264714509248734
3,v2,13,0.7311627268791199,-0.05961882695555687
3,v2,14,1.213100552558899,-0.20547105371952057
3,v2,15,1.506135106086731,0.16106314957141876
3,v2,16,1.5139743089675903,0.0034414774272590876
3,v2,17,0.5548169016838074,0.03989957645535469
3,v2,18,2.5918667316436768,-0.21478570997714996
3,v2,19,1.7574700117111206,-0.1317930817604065
3,v2,20,0.35663172602653503,-0.0007353911059908569
3,v2,21,0.4112756550312042,-0.0097804618999362
3,v2,22,1.1238365173339844,-0.3005582392215729
3,v2,23,1.373164176940918,-0.0013087743427604437
3,v2,24,0.8714449405670166,-0.06273950636386871
3,v2,25,1.0842276811599731,-0.06966758519411087
3,v2,26,2.2374494075775146,-0.11236977577209473
3,v2,27,0.6826539635658264,-0.34978896379470825
3,v2,28,1.964239478111267,0.09513216465711594
3,v2,29,0.9196744561195374,-0.19647316634655
3,v2,30,1.5490959882736206,-0.20831236243247986
3,v2,31,1.770512342453003,-0.15411928296089172
3,v2,32,2.332791328430176,-0.01898740977048874
3,v2,33,0.348201721906662,-0.022412482649087906
3,v2,34,0.5562310814857483,-0.18549251556396484
3,v2,35,0.7492960095405579,-0.24291570484638214
3,v2,36,-0.6135529279708862,-0.4193011224269867
3,v2,37,2.581962823867798,-0.118514284491539
3,v2,38,1.3958449363708496,-0.03180660679936409
3,v2,39,0.4722526967525482,-0.13025647401809692
3,v2,40,0.646767795085907,-0.101621113717556
3,v2,41,0.6092835664749146,-0.256428986787796
3,v2,42,1.2667948007583618,0.0009054242400452495
3,v2,43,0.644622266292572,-0.25639355182647705
3,v2,44,0.15831728279590607,-0.19073371589183807
3,v2,45,1.8844025135040283,-0.2759541869163513
3,v2,46,0.745374858379364,-0.15987874567508698
3,v2,47,1.6167023181915283,0.00849570706486702
3,v2,48,0.29543980956077576,0.13639871776103973
3,v2,49,1.7681376934051514,-0.006258273962885141
3,v2,50,1.5094395875930786,0.03824513778090477
3,v2,51,2.153527021408081,0.00029132101917639375
3,v2,52,1.1511186361312866,0.04144910350441933
3,v2,53,1.2407842874526978,-0.16479456424713135
3,v2,54,0.8874865770339966,0.2069120556116104
3,v2,55,2.1954097747802734,-0.2475406974554062
3,v2,56,1.642240047454834,-0.08658955991268158
3,v2,57,1.9073024988174438,-0.11361507326364517
3,v2,58,2.0361766815185547,0.051358357071876526
3,v2,59,0.15639068186283112,0.03637351095676422
3,v2,60,1.9557281732559204,-0.09886205941438675
3,v2,61,1.6007819175720215,-0.006250034086406231
3,v2,62,1.2223684787750244,0.18949224054813385
3,v2,63,1.0820246934890747,-0.007024296093732119
3,v3,0,2.032522439956665,-0.20151063799858093
3,v3,1,1.737520456314087,0.012543551623821259
3,v3,2,1.5054796934127808,-0.2816927433013916
3,v3,3,1.6265630722045898,-0.22932420670986176
3,v3,4,1.1552225351333618,0.060353342443704605
3,v3,5,1.3296085596084595,-0.2310074269771576
3,v3,6,-0.2137516587972641,-0.14161618053913116
3,v3,7,1.7358808517456055,0.1159345805644989
3,v3,8,0.8721056580543518,-0.0977601408958435
3,v3,9,1.5329676866531372,0.14523392915725708
3,v3,10,2.01177978515625,0.019264237955212593
3,v3,11,0.7374449968338013,0.0781315341591835
3,v3,12,1.5735676288604736,0.008601075038313866
3,v3,13,0.7139284014701843,0.1634596735239029
3,v3,14,-0.036961521953344345,-0.34292447566986084
3,v3,15,1.7077957391738892,-0.016417156904935837
3,v3,16,0.9652689695358276,-0.09940052032470703
3,v3,17,1.3681817054748535,-0.09027339518070221
3,v3,18,1.2868555784225464,0.14055997133255005
3,v3,19,0.952222466468811,0.03176892176270485
3,v3,20,1.4932008981704712,-0.19635288417339325
3,v3,21,0.15224482119083405,-0.03331121802330017
3,v3,22,1.4689208269119263,-0.1474568098783493
3,v3,23,1.3222042322158813,-0.04551767185330391
3,v3,24,-0.39380666613578796,0.11396340280771255
3,v3,25,1.4511641263961792,-0.10756859183311462
3,v3,26,0.8991433382034302,0.00014017606736160815
3,v3,27,0.7611553072929382,0.2141454964876175
3,v3,28,0.5023747086524963,-0.08971558511257172
3,v3,29,1.762813687324524,-0.0196110587567091
3,v3,30,2.2820241451263428,0.13387438654899597
3,v3,31,0.9019573926925659,-0.09276082366704941
3,v3,32,1.9920272827148438,0.14218786358833313
3,v3,33,1.1671830415725708,-0.1972607523202896
3,v3,34,1.1022995710372925,-0.04280528053641319
3,v3,35,1.636850357055664,0.08455020934343338
3,v3,36,0.7763550281524658,-0.03335448354482651
3,v3,37,0.18606598675251007,-0.4136398732662201
3,v3,38,0.7635114192962646,0.004288256634026766
3,v3,39,1.6420509815216064,0.016669420525431633
3,v3,40,1.6023750305175781,-0.10383608937263489
3,v3,41,1.2266923189163208,-0.14176511764526367
3,v3,42,0.8274182081222534,-0.22071141004562378
3,v3,43,1.56865394115448,0.012712663970887661
3,v3,44,0.6178089380264282,0.0042359065264463425
3,v3,45,2.2090299129486084,-0.3802158534526825
3,v3,46,2.6350173950195312,0.1862604022026062
3,v3,47,0.2528858482837677,0.02094176597893238
3,v3,48,2.1467697620391846,0.21249641478061676
3,v3,49,1.2452901601791382,-0.2970563471317291
3,v3,50,2.073615312576294,-0.22388997673988342
3,v3,51,0.8225842714309692,0.05492279678583145
3,v3,52,1.9593775272369385,-0.08129125088453293
3,v3,53,1.6667780876159668,0.01057450007647276
3,v3,54,2.3874599933624268,-0.09699746966362
3,v3,55,0.6380822658538818,0.006482125259935856
3,v3,56,0.4145375192165375,-0.030828872695565224
3,v3,57,1.2351691722869873,-0.1677594929933548
3,v3,58,2.2851977348327637,-0.1569959670305252
3,v3,59,0.027748022228479385,-0.3216905891895294
3,v3,60,2.1251258850097656,0.20351296663284302
3,v3,61,0.01932661235332489,-0.1428733468055725
3,v3,62,2.7339794635772705,-0.05255036801099777
3,v3,63,1.289745807647705,0.11676900088787079
3,v4,0,0.5708310008049011,-0.04184332862496376
3,v4,1,0.8660484552383423,-0.10958828032016754
3,v4,2,1.3041216135025024,0.15543849766254425
3,v4,3,0.6886462569236755,-0.04234260693192482
3,v4,4,1.7363958358764648,-0.22512498497962952
3,v4,5,1.7154086828231812,-0.09386380761861801
3,v4,6,0.3507557809352875,-0.33243662118911743
3,v4,7,0.9977211952209473,-0.0014795635361224413
3,v4,8,1.1240218877792358,0.011370822787284851
3,v4,9,1.9378635883331299,-0.11164113134145737
3,v4,10,0.1067703440785408,0.22914770245552063
3,v4,11,0.1598287671804428,-0.17636720836162567
3,v4,12,-0.3939298391342163,-0.3258044421672821
3,v4,13,0.16896437108516693,-0.13799476623535156
3,v4,14,-0.08762402087450027,-0.11407189816236496
3,v4,15,0.6754916310310364,-0.053630344569683075
3,v4,16,1.8944419622421265,-0.029176970943808556
3,v4,17,0.182444766163826,-0.5141763687133789
3,v4,18,1.4696135520935059,-0.137987419962883
3,v4,19,1.3888510465621948,0.18060429394245148
3,v4,20,2.2151310443878174,0.13165177404880524
3,v4,21,2.0241241455078125,-0.3389427959918976
3,v4,22,1.4052650928497314,-0.03542259708046913
3,v4,23,0.6324053406715393,0.19307436048984528
3,v4,24,1.01827073097229,-0.30390432476997375
3,v4,25,0.5949837565422058,0.05721088498830795
3,v4,26,0.2845366597175598,0.0027054373640567064
3,v4,27,1.7152855396270752,0.012177562341094017
3,v4,28,1.7782411575317383,-0.19745440781116486
3,v4,29,1.5984512567520142,0.057275544852018356
3,v4,30,2.307382583618164,-0.1590365469455719
3,v4,31,0.9958881735801697,-0.11422179639339447
3,v4,32,0.8785393238067627,0.03869302198290825
3,v4,33,1.3692201375961304,0.04767913371324539
3,v4,34,1.1733448505401611,0.0894126147031784
3,v4,35,1.202014446258545,-0.029644908383488655
3,v4,36,1.2847157716751099,-0.12035425007343292
3,v4,37,1.0599541664123535,-0.2217322438955307
3,v4,38,2.692847728729248,-0.21763452887535095
3,v4,39,-0.0686747133731842,0.12825800478458405
3,v4,40,1.9445068836212158,-0.11447817832231522
3,v4,41,2.3169455528259277,-0.05610647425055504
3,v4,42,1.1820765733718872,-0.08187142759561539
3,v4,43,1.945085048675537,0.07101920247077942
3,v4,44,0.29318562150001526,0.08762817084789276
3,v4,45,0.9697916507720947,-0.26983240246772766
3,v4,46,2.49393630027771,-0.13680405914783478
3,v4,47,1.1015472412109375,-0.15143805742263794
3,v4,48,0.7868806719779968,0.0005131573416292667
3,v4,49,0.5647869110107422,-0.012326151132583618
3,v4,50,1.1522347927093506,0.05932164937257767
3,v4,51,2.369508743286133,-0.13572899997234344
3,v4,52,2.0623416900634766,0.11487159878015518
3,v4,53,0.13949863612651825,-0.041555073112249374
3,v4,54,1.7902898788452148,-0.15917928516864777
3,v4,55,1.3141978979110718,0.09216528385877609
3,v4,56,0.7739819288253784,0.22378066182136536
3,v4,57,0.7878674268722534,-0.1317354440689087
3,v4,58,1.8226232528686523,-0.4028319716453552
3,v4,59,1.5969878435134888,0.14382362365722656
3,v4,60,2.572160005569458,-0.09928839653730392
3,v4,61,0.4490877389907837,-0.09839633852243423
3,v4,62,1.6287227869033813,-0.09482049196958542
3,v4,63,1.6122753620147705,-0.43370741605758667
3,v5,0,1.77723228931427,-0.10873822122812271
3,v5,1,1.4211243391036987,-0.1203228309750557
3,v5,2,1.1584935188293457,-0.013234863057732582
3,v5,3,2.6610093116760254,-0.04529401659965515
3,v5,4,1.756121277809143,-0.1869199573993683
3,v5,5,1.4746018648147583,-0.03966669738292694
3,v5,6,0.6122421622276306,-0.21929144859313965
3,v5,7,1.2859684228897095,-0.09437272697687149
3,v5,8,2.896730899810791,-0.013226705603301525
3,v5,9,1.4544401168823242,-0.20492315292358398
3,v5,10,0.2909621298313141,-0.1644582748413086
3,v5,11,0.871725857257843,-0.16372837126255035
3,v5,12,0.5889503955841064,-0.11427100747823715
3,v5,13,0.44869464635849,-0.22312615811824799
3,v5,14,1.4714850187301636,-0.1758825033903122
3,v5,15,2.207303047180176,-0.051085006445646286
3,v5,16,1.4297176599502563,-0.07435356080532074
3,v5,17,0.26641517877578735,-0.027286231517791748
3,v5,18,0.43657001852989197,-0.1461760401725769
3,v5,19,1.2539840936660767,-0.011033699847757816
3,v5,20,1.9172006845474243,0.1671849936246872
3,v5,21,0.8838670253753662,-0.2935201823711395
3,v5,22,2.453446388244629,0.022421253845095634
3,v5,23,1.9523676633834839,-0.16962496936321259
3,v5,24,1.281172275543213,0.052341561764478683
3,v5,25,1.3489922285079956,0.1050930991768837
3,v5,26,1.7853832244873047,-0.3478155732154846
3,v5,27,1.432216763496399,0.05111341550946236
3,v5,28,2.01546049118042,0.198788121342659
3,v5,29,2.0785536766052246,0.11379121989011765
3,v5,30,1.9509087800979614,-0.2365688979625702
3,v5,31,0.3041250705718994,0.055846862494945526
3,v5,32,1.0502561330795288,-0.20295919477939606
3,v5,33,1.0244054794311523,0.005726833827793598
3,v5,34,1.365389108657837,-0.1067902147769928
3,v5,35,0.8742457032203674,-0.12034974992275238
3,v5,36,0.7157362103462219,-0.10484185814857483
3,v5,37,1.009664535522461,-0.16673952341079712
3,v5,38,0.9041526913642883,-0.0539063960313797
3,v5,39,1.7237547636032104,-0.14180400967597961
3,v5,40,1.2081722021102905,0.2814899981021881
3,v5,41,1.6525882482528687,-0.025418194010853767
3,v5,42,2.7270596027374268,0.1016373410820961
3,v5,43,2.708270311355591,-0.12257464975118637
3,v5,44,2.4729442596435547,-0.07710687816143036
3,v5,45,0.7304896116256714,0.12629494071006775
3,v5,46,1.3075414896011353,-0.019511792808771133
3,v5,47,1.728754997253418,-0.3270423114299774
3,v5,48,1.6796780824661255,-0.23120632767677307
3,v5,49,0.4152032434940338,-0.02621638774871826
3,v5,50,1.322371244430542,-0.014013494364917278
3,v5,51,1.8058968782424927,0.1346803605556488
3,v5,52,1.510129451751709,0.1525188833475113
3,v5,53,0.8964448571205139,0.09812888503074646
3,v5,54,1.2264968156814575,0.041361089795827866
3,v5,55,1.1355785131454468,-0.029177064076066017
3,v5,56,0.46426811814308167,0.1888524740934372
3,v5,57,1.5569682121276855,0.24410594999790192
3,v5,58,0.6303232908248901,-0.2514808773994446
3,v5,59,1.7379815578460693,0.0007929824059829116
3,v5,60,1.3697646856307983,-0.1966085284948349
3,v5,61,2.363807439804077,-0.29549694061279297
3,v5,62,0.8162860870361328,-0.0825100764632225
3,v5,63,1.046552300453186,0.07132680714130402
3,v6,0,1.14814293384552,-0.11543714255094528
3,v6,1,1.0831271409988403,-0.07651334255933762
3,v6,2,1.5635571479797363,0.041184648871421814
3,v6,3,0.1589803844690323,-0.1908988207578659
3,v6,4,1.007138967514038,-0.013523552566766739
3,v6,5,1.2023930549621582,-0.07428573071956635
3,v6,6,1.5696907043457031,0.058714255690574646
3,v6,7,1.3167465925216675,-0.30145007371902466
3,v6,8,0.7215642333030701,-0.13551530241966248
3,v6,9,1.4925434589385986,0.08836594223976135
3,v6,10,0.9325689077377319,-0.14977297186851501
3,v6,11,1.7680169343948364,-0.16378149390220642
3,v6,12,0.9363184571266174,0.006110102403908968
3,v6,13,0.310540109872818,-0.05109614506363869
3,v6,14,2.1533396244049072,-0.2054189145565033
3,v6,15,1.11356520652771,0.12578268349170685
3,v6,16,0.9195492267608643,-0.35210785269737244
3,v6,17,1.7053202390670776,0.043674029409885406
3,v6,18,2.0039737224578857,-0.061035480350255966
3,v6,19,2.285573959350586,-0.008781283162534237
3,v6,20,1.998469591140747,0.014126230031251907
3,v6,21,1.8771584033966064,0.006250616163015366
3,v6,22,1.7212637662887573,-0.1554342657327652
3,v6,23,1.210876226425171,0.050598740577697754
3,v6,24,2.0898187160491943,-0.09806787222623825
3,v6,25,1.280716896057129,-0.04304291307926178
3,v6,26,1.0494625568389893,-0.021209673956036568
3,v6,27,2.1291985511779785,-0.1451638787984848
3,v6,28,1.745006799697876,-0.034276168793439865
3,v6,29,1.6137723922729492,0.025167316198349
3,v6,30,0.45478183031082153,-0.46961018443107605
3,v6,31,0.634847104549408,-0.10025796294212341
3,v6,32,1.5813411474227905,-0.15480564534664154
3,v6,33,1.0690008401870728,0.06263481825590134
3,v6,34,2.648589849472046,0.1765356808900833
3,v6,35,1.2036842107772827,-0.3335263133049011
3,v6,36,0.32205069065093994,0.14667175710201263
3,v6,37,0.9475298523902893,-0.007587510161101818
3,v6,38,1.0587294101715088,-0.06844133883714676
3,v6,39,0.6906677484512329,0.08107461035251617
3,v6,40,2.945584774017334,-0.1798897385597229
3,v6,41,-0.30036428570747375,0.0293735358864069
3,v6,42,1.1168442964553833,-0.10760371387004852
3,v6,43,2.3500537872314453,0.11526954919099808
3,v6,44,0.26486966013908386,-0.10391540080308914
3,v6,45,0.3245003819465637,0.057931192219257355
3,v6,46,1.209044098854065,-0.13115926086902618
3,v6,47,1.021260142326355,0.11249031871557236
3,v6,48,0.907559871673584,0.09143829345703125
3,v6,49,0.7908674478530884,-0.07762960344552994
3,v6,50,2.6422455310821533,0.03785070776939392
3,v6,51,1.8905357122421265,-0.1326879858970642
3,v6,52,1.6735312938690186,0.17309749126434326
3,v6,53,1.7892637252807617,0.010025553405284882
3,v6,54,0.8614084720611572,0.10513802617788315
3,v6,55,0.710023045539856,-0.21854421496391296
3,v6,56,2.0347471237182617,-0.2246338278055191
3,v6,57,0.894679069519043,-0.07291790843009949
3,v6,58,2.024554967880249,0.02590799145400524
3,v6,59,1.3025699853897095,-0.35486242175102234
3,v6,60,2.6670875549316406,-0.10202714055776596
3,v6,61,1.6495195627212524,0.024951146915555
3,v6,62,1.2653396129608154,0.1236918494105339
3,v6,63,0.6447053551673889,0.010905890725553036
4,ii,0,0.23447562754154205,-0.39036232233047485
4,ii,1,0.348673939704895,-0.02702369913458824
4,ii,2,0.601976752281189,-0.23187649250030518
4,ii,3,1.3056416511535645,-0.03560950234532356
4,ii,4,0.34540989995002747,-0.12092846632003784
4,ii,5,1.3819465637207031,0.1048426553606987
4,ii,6,0.45562440156936646,-0.11057666689157486
4,ii,7,1.584023356437683,-0.002469057450070977
4,ii,8,0.7024792432785034,-0.025540444999933243
4,ii,9,1.869896411895752,-0.05387478321790695
4,ii,10,1.437808632850647,-0.16045215725898743
4,ii,11,0.9018064737319946,-0.12318366020917892
4,ii,12,0.4833618998527527,-0.25925740599632263
4,ii,13,0.7680478692054749,-0.15465302765369415
4,ii,14,1.166968584060669,0.06906715035438538
4,ii,15,0.7884630560874939,-0.059619903564453125
4,ii,16,2.673213243484497,0.1511683613061905
4,ii,17,1.076292872428894,-0.044502247124910355
4,ii,18,1.0863620042800903,0.10826482623815536
4,ii,19,1.2090188264846802,-0.20605319738388062
4,ii,20,0.6130584478378296,-0.2885441780090332
4,ii,21,0.848067581653595,-0.19258153438568115
4,ii,22,1.0840225219726562,-0.027571851387619972
4,ii,23,0.45227405428886414,-0.028262346982955933
4,ii,24,1.1419987678527832,-0.08953087031841278
4,ii,25,1.0979050397872925,-0.12564659118652344
4,ii,26,1.635148525238037,-0.10990608483552933
4,ii,27,0.2662385106086731,0.17671120166778564
4,ii,28,2.1591708660125732,-0.14496935904026031
4,ii,29,2.0295519828796387,-0.1475462019443512
4,ii,30,0.4072835147380829,-0.03373230993747711
4,ii,31,2.3959286212921143,-0.11014048755168915
4,ii,32,2.704683303833008,-0.06500885635614395
4,ii,33,0.737994372844696,-0.12046466767787933
4,ii,34,0.6563190221786499,-0.2422853708267212
4,ii,35,0.782021164894104,-0.2476000338792801
4,ii,36,1.0705870389938354,0.08150909841060638
4,ii,37,0.17763884365558624,-0.1453178972005844
4,ii,38,2.091844081878662,-0.090318463742733
4,ii,39,1.8626701831817627,0.00431779446080327
4,ii,40,0.43402785062789917,-0.0894632413983345
4,ii,41,1.30894935131073,-0.2606533467769623
4,ii,42,1.6076788902282715,-0.09260308742523193
4,ii,43,1.9253698587417603,-0.03604091331362724
4,ii,44,0.7064235210418701,-0.25362512469291687
4,ii,45,1.0256892442703247,-0.11627854406833649
4,ii,46,2.125258207321167,-0.07281116396188736
4,ii,47,1.0995062589645386,0.012254240922629833
4,ii,48,1.4247974157333374,-0.018765706568956375
4,ii,49,1.4655742645263672,-0.05494368448853493
4,ii,50,1.361886739730835,-0.025716738775372505
4,ii,51,1.9728622436523438,-0.013040389865636826
4,ii,52,2.424711227416992,-0.03504198044538498
4,ii,53,2.0899410247802734,-0.11243633180856705
4,ii,54,0.48312097787857056,-0.10645152628421783
4,ii,55,0.8983917832374573,-0.2867313325405121
4,ii,56,1.3232816457748413,-0.28922131657600403
4,ii,57,-0.10378903895616531,-0.15086108446121216
4,ii,58,1.8025829792022705,0.027837874367833138
4,ii,59,0.9473857879638672,-0.04932926595211029
4,ii,60,1.6529264450073242,-0.07369247823953629
4,ii,61,1.8786249160766602,0.11061796545982361
4,ii,62,2.5771098136901855,-0.11010218411684036
4,ii,63,0.6848358511924744,-0.16284528374671936
4,iii,0,0.889671266078949,-0.2752954065799713
4,iii,1,0.9516184329986572,-0.1469169706106186
4,iii,2,0.4888613522052765,0.10843930393457413
4,iii,3,0.21092477440834045,-0.03386503830552101
4,iii,4,1.2813117504119873,0.03999006375670433
4,iii,5,1.795105218887329,-0.1136033684015274
4,iii,6,0.4737750291824341,-0.010014746338129044
4,iii,7,0.9864107966423035,-0.0633401870727539
4,iii,8,0.947712779045105,-0.2570708990097046
4,iii,9,0.5663371086120605,-0.10210081189870834
4,iii,10,0.7711341977119446,-0.2624013423919678
4,iii,11,2.114755630493164,-0.01504556369036436
4,iii,12,1.7360926866531372,0.1872483193874359
4,iii,13,1.0987803936004639,-0.28645262122154236
4,iii,14,1.016451120376587,-0.332741916179657
4,iii,15,1.315132975578308,0.2929360866546631
4,iii,16,1.6788121461868286,-0.2625780403614044
4,iii,17,0.38672518730163574,-0.16939103603363037
4,iii,18,1.0560791492462158,-0.2871236801147461
4,iii,19,0.0676422268152237,0.003675551386550069
4,iii,20,2.100728988647461,0.009382413700222969
4,iii,21,2.2392184734344482,0.05946524813771248
4,iii,22,1.7141435146331787,0.024285180494189262
4,iii,23,1.3094854354858398,0.03780810162425041
4,iii,24,2.5315232276916504,-0.2431296855211258
4,iii,25,1.668548583984375,0.06830377131700516
4,iii,26,0.027357006445527077,-0.28100448846817017
4,iii,27,0.5670742392539978,-0.237456813454628
4,iii,28,1.4616906642913818,0.04477652162313461
4,iii,29,0.9993178248405457,-0.3394611179828644
4,iii,30,0.9308635592460632,0.02800951711833477
4,iii,31,1.5454760789871216,-0.15992560982704163
4,iii,32,1.6208972930908203,-0.2761129140853882
4,iii,33,1.4132601022720337,0.06541809439659119
4,iii,34,0.9706500768661499,0.013472221791744232
4,iii,35,1.448265790939331,-0.08957244455814362
4,iii,36,1.964005708694458,-0.036608804017305374
4,iii,37,1.1683707237243652,0.021905602887272835
4,iii,38,1.0725077390670776,0.18764008581638336
4,iii,39,1.924322247505188,0.13578565418720245
4,iii,40,1.916654109954834,0.05079561099410057
4,iii,41,0.888975977897644,-0.12266454100608826
4,iii,42,2.3563055992126465,0.04179373383522034
4,iii,43,1.669541835784912,0.22695179283618927
4,iii,44,1.1274980306625366,-0.288469523191452
4,iii,45,1.7536125183105469,-0.1205371841788292
4,iii,46,1.0412101745605469,-0.0192547719925642
4,iii,47,2.697018623352051,0.17535533010959625
4,iii,48,1.5600231885910034,0.08155999332666397
4,iii,49,0.037677112966775894,-0.12402497231960297
4,iii,50,0.9491512775421143,0.0233186986297369
4,iii,51,1.0121394395828247,-0.19851277768611908
4,iii,52,1.4773224592208862,0.014567013829946518
4,iii,53,1.8854678869247437,-0.05286385864019394
4,iii,54,1.407796859741211,0.04117481783032417
4,iii,55,1.8438936471939087,-0.16923737525939941
4,iii,56,1.7636381387710571,-0.08450699597597122
4,iii,57,0.9636003375053406,-0.03919743746519089
4,iii,58,1.4486901760101318,-0.23564688861370087
4,iii,59,1.455275058746338,-0.15039683878421783
4,iii,60,0.3831121623516083,-0.19206219911575317
4,iii,61,1.8624681234359741,-0.024735596030950546
4,iii,62,2.3757121562957764,0.06144667789340019
4,iii,63,1.1771718263626099,0.12462795525789261
4,v1,0,1.020198941230774,-0.17013537883758545
4,v1,1,2.222554922103882,0.18512573838233948
4,v1,2,2.2822370529174805,-0.1050713062286377
4,v1,3,2.464048385620117,-0.1235395148396492
4,v1,4,2.689108371734619,0.16398985683918
4,v1,5,0.6396529674530029,0.0060284072533249855
4,v1,6,-0.05948761850595474,-0.254057914018631
4,v1,7,1.42428719997406,-0.051174115389585495
4,v1,8,1.3086689710617065,0.053644273430109024
4,v1,9,0.07043176889419556,-0.1662212759256363
4,v1,10,0.384201318025589,0.11106962710618973
4,v1,11,1.8259637355804443,0.023516947403550148
4,v1,12,2.401125192642212,-0.09992913901805878
4,v1,13,0.7220024466514587,-0.23254939913749695
4,v1,14,2.5857365131378174,-0.13610048592090607
4,v1,15,3.210911989212036,0.0961528941988945
4,v1,16,1.992926001548767,-0.11805426329374313
4,v1,17,1.2926815748214722,-0.2350829839706421
4,v1,18,1.8450783491134644,0.11466120928525925
4,v1,19,-0.06606385111808777,-0.13602674007415771
4,v1,20,1.4989662170410156,0.043388087302446365
4,v1,21,1.362335205078125,-0.07307824492454529
4,v1,22,1.4696223735809326,-0.08507824689149857
4,v1,23,0.8564572334289551,0.30177775025367737
4,v1,24,2.772914409637451,-0.3736700117588043
4,v1,25,2.3123936653137207,-0.00831504724919796
4,v1,26,1.6897543668746948,-0.019475940614938736
4,v1,27,0.8698045015335083,0.052118849009275436
4,v1,28,1.8800702095031738,0.11166397482156754
4,v1,29,1.2662384510040283,-0.11195793747901917
4,v1,30,1.5687896013259888,-0.21107259392738342
4,v1,31,0.357464462518692,0.17168885469436646
4,v1,32,0.10357774049043655,-0.07868216186761856
4,v1,33,1.3175115585327148,-0.3149053156375885
4,v1,34,1.698476791381836,-0.21803522109985352
4,v1,35,0.8921409845352173,0.09997213631868362
4,v1,36,0.8515741229057312,-0.29619741439819336
4,v1,37,1.0298150777816772,-0.2937981188297272
4,v1,38,0.16092698276042938,-0.22077031433582306
4,v1,39,1.204799771308899,-0.3037082552909851
4,v1,40,2.208264112472534,-0.2190176248550415
4,v1,41,1.0224047899246216,0.07780808210372925
4,v1,42,1.5316309928894043,0.026576414704322815
4,v1,43,0.8686321973800659,-0.12415841221809387
4,v1,44,0.9726948738098145,0.01687561348080635
4,v1,45,1.1182255744934082,-0.11800552904605865
4,v1,46,1.6202422380447388,0.19150039553642273
4,v1,47,1.281090497970581,0.06743934005498886
4,v1,48,1.166940450668335,-0.3911627531051636
4,v1,49,1.3778947591781616,0.014955545775592327
4,v1,50,1.5518847703933716,-0.0042721787467598915
4,v1,51,0.3418956995010376,0.06712101399898529
4,v1,52,0.9044590592384338,0.09884905070066452
4,v1,53,0.1801462173461914,-0.1560436487197876
4,v1,54,0.12911070883274078,0.017230281606316566
4,v1,55,0.9031355381011963,-0.030497543513774872
4,v1,56,1.1940762996673584,-0.06413663178682327
4,v1,57,0.2770707607269287,-0.07815779000520706
4,v1,58,1.144205927848816,-0.05122453346848488
4,v1,59,1.7958323955535889,-0.07022932916879654
4,v1,60,0.9896602034568787,-0.043589189648628235
4,v1,61,0.7322162985801697,-0.11120874434709549
4,v1,62,1.2981407642364502,0.2312719225883484
4,v1,63,0.8174652457237244,-0.28300562500953674
4,v2,0,1.51083505153656,0.07730644196271896
4,v2,1,0.16945646703243256,0.05400262027978897
4,v2,2,2.140246629714966,-0.03977186605334282
4,v2,3,2.1780338287353516,0.16701653599739075
4,v2,4,1.9611828327178955,-0.010239724069833755
4,v2,5,0.3136753439903259,-0.04659305885434151
4,v2,6,-0.19483156502246857,-0.32926759123802185
4,v2,7,2.5942842960357666,-0.06963939219713211
4,v2,8,1.6611617803573608,-0.22335536777973175
4,v2,9,1.3932868242263794,-0.07956194877624512
4,v2,10,0.5050902366638184,-0.06387967616319656
4,v2,11,0.22406895458698273,-0.1120637059211731
4,v2,12,1.2134090662002563,-0.22300970554351807
4,v2,13,1.7193464040756226,-0.04297909140586853
4,v2,14,0.5138956904411316,-0.18986691534519196
4,v2,15,1.256965160369873,-0.10077590495347977
4,v2,16,2.349806070327759,-0.1156475767493248
4,v2,17,0.017555398866534233,-0.19485047459602356
4,v2,18,0.8747494220733643,-0.18744520843029022
4,v2,19,2.779083728790283,-0.1220540776848793
4,v2,20,0.5454012751579285,-0.19990386068820953
4,v2,21,1.1062414646148682,0.05568708851933479
4,v2,22,0.5654445290565491,-0.020944342017173767
4,v2,23,1.050418496131897,0.0390605665743351
4,v2,24,0.6748237609863281,-0.2147383987903595
4,v2,25,0.5086584687232971,-0.044400982558727264
4,v2,26,2.213291645050049,0.008142144419252872
4,v2,27,1.1904057264328003,0.06674202531576157
4,v2,28,1.4031869173049927,-0.13833366334438324
4,v2,29,1.280442714691162,-0.08787915855646133
4,v2,30,0.9356454014778137,-0.15368102490901947
4,v2,31,1.8501770496368408,-0.028887171298265457
4,v2,32,0.5782041549682617,0.0646045058965683
4,v2,33,2.0503897666931152,0.06618335843086243
4,v2,34,1.3082518577575684,0.2035457342863083
4,v2,35,1.4780080318450928,0.13649766147136688
4,v2,36,1.1788307428359985,0.021465469151735306
4,v2,37,1.867537498474121,-0.04327603802084923
4,v2,38,2.37287974357605,-0.00820703711360693
4,v2,39,0.9936931729316711,0.12864670157432556
4,v2,40,1.558058261871338,0.30631574988365173
4,v2,41,1.9116560220718384,-0.08541005104780197
4,v2,42,1.5788472890853882,0.1620529592037201
4,v2,43,0.11172351986169815,0.1669638305902481
4,v2,44,1.8084737062454224,0.02675962820649147
4,v2,45,0.849046528339386,-0.07031899690628052
4,v2,46,1.5126934051513672,0.05350194498896599
4,v2,47,1.912257432937622,0.25288257002830505
4,v2,48,1.2541923522949219,0.1860300749540329
4,v2,49,1.3461027145385742,-0.06285320222377777
4,v2,50,0.5428365468978882,-0.08258334547281265
4,v2,51,1.2628765106201172,-0.028099607676267624
4,v2,52,2.131713390350342,-0.0980403870344162
4,v2,53,0.8536311388015747,-0.0022397825960069895
4,v2,54,1.223906397819519,0.1637154072523117
4,v2,55,0.48319047689437866,0.025227492675185204
4,v2,56,0.9416674375534058,-0.20767346024513245
4,v2,57,1.044470191001892,-0.40037816762924194
4,v2,58,1.460697889328003,-0.07183248549699783
4,v2,59,0.5511411428451538,-0.125534325838089
4,v2,60,1.3636746406555176,0.030983703210949898
4,v2,61,0.7535378336906433,-0.14616359770298004
4,v2,62,2.2147104740142822,-0.1964377462863922
4,v2,63,1.0194802284240723,-0.10734418779611588
4,v3,0,0.9977219104766846,-0.05873319134116173
4,v3,1,1.5851181745529175,-0.011043512262403965
4,v3,2,1.8426002264022827,-0.12107967585325241
4,v3,3,0.2750423550605774,0.0984380766749382
4,v3,4,1.6036533117294312,-0.15381881594657898
4,v3,5,1.061040997505188,-0.06308547407388687
4,v3,6,0.4637520909309387,0.043477099388837814
4,v3,7,1.4738260507583618,-0.1339491307735443
4,v3,8,1.4517475366592407,0.0797940269112587
4,v3,9,0.5291444063186646,0.019448764622211456
4,v3,10,1.6761646270751953,0.0991852656006813
4,v3,11,1.4038681983947754,-0.10990040004253387
4,v3,12,0.8245810866355896,-0.10097139328718185
4,v3,13,1.8826324939727783,0.029612481594085693
4,v3,14,-0.27723684906959534,-0.12455544620752335
4,v3,15,1.6354295015335083,0.11195102334022522
4,v3,16,1.2176928520202637,-0.027746202424168587
4,v3,17,1.3816468715667725,0.2331835925579071
4,v3,18,1.010691523551941,-0.17477044463157654
4,v3,19,1.4123704433441162,-0.1398695409297943
4,v3,20,1.0379434823989868,0.0029928924050182104
4,v3,21,0.7888681888580322,-0.27237603068351746
4,v3,22,2.019374132156372,-0.06750199943780899
4,v3,23,0.6944816708564758,0.001896581263281405
4,v3,24,1.6444114446640015,-0.02987230382859707
4,v3,25,1.0771105289459229,-0.17661961913108826
4,v3,26,0.9537705779075623,0.11916456371545792
4,v3,27,1.2385690212249756,0.04705844447016716
4,v3,28,0.4517691731452942,0.015697121620178223
4,v3,29,0.34363558888435364,0.02330240234732628
4,v3,30,0.907891035079956,-0.16017897427082062
4,v3,31,0.9817436933517456,-0.17759950459003448
4,v3,32,2.1336162090301514,-0.15841884911060333
4,v3,33,1.5796892642974854,-0.34824541211128235
4,v3,34,0.6028524041175842,-0.18940231204032898
4,v3,35,2.0454611778259277,0.15429893136024475
4,v3,36,1.9338215589523315,-0.09547489881515503
4,v3,37,1.5595232248306274,-0.12519025802612305
4,v3,38,0.4812886118888855,0.0013047426473349333
4,v3,39,2.499326229095459,-0.06073353812098503
4,v3,40,1.8316397666931152,-0.1454377919435501
4,v3,41,1.2856966257095337,-0.23749718070030212
4,v3,42,0.8696831464767456,0.09044643491506577
4,v3,43,1.5791239738464355,-0.14537972211837769
4,v3,44,2.5586018562316895,0.14271235466003418
4,v3,45,2.191673517227173,-0.25377288460731506
4,v3,46,0.6628612875938416,0.12039971351623535
4,v3,47,1.9057152271270752,0.07596101611852646
4,v3,48,0.3613628149032593,-0.06747740507125854
4,v3,49,2.3983395099639893,-0.08213233947753906
4,v3,50,2.036073684692383,0.041052673012018204
4,v3,51,1.1922097206115723,-0.2891749143600464
4,v3,52,1.0068713426589966,-0.05497119203209877
4,v3,53,0.677104115486145,0.008874871768057346
4,v3,54,2.284271717071533,-0.08478258550167084
4,v3,55,2.2083072662353516,0.06798286736011505
4,v3,56,1.206131100654602,0.07439152151346207
4,v3,57,2.358626127243042,0.04464289918541908
4,v3,58,1.3444935083389282,0.14441102743148804
4,v3,59,1.6355589628219604,-0.059473417699337006
4,v3,60,1.318943738937378,0.09142982959747314
4,v3,61,1.2519322633743286,0.023525025695562363
4,v3,62,0.8147367835044861,-0.04518492519855499
4,v3,63,1.8975073099136353,-0.03526061400771141
4,v4,0,1.3192505836486816,-0.044745706021785736
4,v4,1,0.39623019099235535,-0.10387595742940903
4,v4,2,0.9605939984321594,-0.08919450640678406
4,v4,3,1.644484281539917,0.07654719799757004
4,v4,4,1.6656780242919922,0.009248464368283749
4,v4,5,1.3292455673217773,-0.36005479097366333
4,v4,6,1.1955078840255737,0.15486356616020203
4,v4,7,1.4970959424972534,0.07658834755420685
4,v4,8,1.0865427255630493,0.14613133668899536
4,v4,9,2.061277389526367,0.06187881529331207
4,v4,10,0.7604678869247437,0.0682549700140953
4,v4,11,2.970644474029541,-0.04499741643667221
4,v4,12,0.0670565813779831,-0.06961081922054291
4,v4,13,1.1124203205108643,-0.021516071632504463
4,v4,14,1.4586732387542725,0.11619673669338226
4,v4,15,0.8328403830528259,-0.30935680866241455
4,v4,16,0.968132734298706,0.40156030654907227
4,v4,17,1.484059453010559,-0.010333948768675327
4,v4,18,1.4430034160614014,-0.040121570229530334
4,v4,19,1.7150295972824097,0.0019747386686503887
4,v4,20,1.2564516067504883,0.050770435482263565
4,v4,21,0.5399408936500549,-0.06373892724514008
4,v4,22,-0.0008159677381627262,0.0558927059173584
4,v4,23,0.5347225666046143,-0.010505358688533306
4,v4,24,2.3087449073791504,0.10001993924379349
4,v4,25,0.2318071722984314,-0.04462115094065666
4,v4,26,0.9049943089485168,0.02620752342045307
4,v4,27,0.6490373611450195,0.07726842164993286
4,v4,28,0.46411746740341187,0.0246233232319355
4,v4,29,1.64626145362854,0.07052287459373474
4,v4,30,0.009517602622509003,-0.14425931870937347
4,v4,31,0.8719388246536255,-0.1170668825507164
4,v4,32,2.372235059738159,-0.014997772872447968
4,v4,33,2.31600284576416,0.13277722895145416
4,v4,34,-0.44653478264808655,-0.17467854917049408
4,v4,35,2.3207767009735107,-0.021959057077765465
4,v4,36,2.077681303024292,-0.08318701386451721
4,v4,37,1.3950321674346924,0.03328022360801697
4,v4,38,0.9262140393257141,0.027725303545594215
4,v4,39,1.951966404914856,0.0930168628692627
4,v4,40,1.6541228294372559,-0.32215359807014465
4,v4,41,1.2056281566619873,0.02484581619501114
4,v4,42,1.5943593978881836,0.004739302676171064
4,v4,43,2.43170428276062,0.12788628041744232
4,v4,44,1.1355174779891968,0.15763790905475616
4,v4,45,0.7956458330154419,-0.32936176657676697
4,v4,46,0.8549962639808655,0.07675051689147949
4,v4,47,2.6194207668304443,-0.055394869297742844
4,v4,48,1.5874829292297363,0.14458885788917542
4,v4,49,2.0848631858825684,0.029315544292330742
4,v4,50,1.6196590662002563,0.06969944387674332
4,v4,51,0.08713261038064957,-0.27907612919807434
4,v4,52,1.6457583904266357,-0.12275690585374832
4,v4,53,0.7055354714393616,-0.3938862383365631
4,v4,54,0.7550893425941467,-0.02533031441271305
4,v4,55,1.3498209714889526,-0.014680596068501472
4,v4,56,1.1256262063980103,-0.1430939882993698
4,v4,57,-0.2232157438993454,-0.36238300800323486
4,v4,58,1.6103888750076294,0.08123712241649628
4,v4,59,1.6234608888626099,0.054381925612688065
4,v4,60,0.8763552904129028,-0.25128912925720215
4,v4,61,1.6408435106277466,0.06570789217948914
4,v4,62,0.8876956105232239,0.06259720027446747
4,v4,63,2.768728494644165,-0.07663470506668091
4,v5,0,1.9529753923416138,-0.03603416681289673
4,v5,1,1.7354722023010254,-0.34131965041160583
4,v5,2,2.714381217956543,-0.031036214902997017
4,v5,3,2.218071222305298,0.023237988352775574
4,v5,4,2.0826895236968994,-0.06353022158145905
4,v5,5,0.2913414537906647,-0.28099220991134644
4,v5,6,0.8531702756881714,-0.1754249483346939
4,v5,7,1.175437569618225,-0.12902338802814484
4,v5,8,1.5392436981201172,0.06119408458471298
4,v5,9,1.4123691320419312,-0.10595027357339859
4,v5,10,1.5948737859725952,-0.0746021419763565
4,v5,11,0.8586559891700745,-0.21206717193126678
4,v5,12,1.7447291612625122,-0.20382986962795258
4,v5,13,0.9866757392883301,-0.07047431915998459
4,v5,14,1.9384068250656128,-0.1514006108045578
4,v5,15,1.6210551261901855,-0.10665471851825714
4,v5,16,1.20028555393219,-0.09152167290449142
4,v5,17,1.4188926219940186,0.06860227882862091
4,v5,18,1.1911154985427856,-0.05717449262738228
4,v5,19,1.1512129306793213,0.09890133142471313
4,v5,20,2.1374073028564453,0.1554475873708725
4,v5,21,1.6317933797836304,-0.11417311429977417
4,v5,22,1.537409782409668,-0.0071484786458313465
4,v5,23,0.004479392431676388,0.011120408773422241
4,v5,24,1.6156517267227173,-0.08983743190765381
4,v5,25,1.8512530326843262,-0.26733097434043884
4,v5,26,0.45824334025382996,-0.39957496523857117
4,v5,27,0.6715746521949768,-0.12103156000375748
4,v5,28,1.306249976158142,-0.007947620004415512
4,v5,29,1.6621862649917603,-0.14828866720199585
4,v5,30,2.363259792327881,-0.11736032366752625
4,v5,31,1.4003924131393433,0.02420760691165924
4,v5,32,1.2605347633361816,-0.051185574382543564
4,v5,33,-0.7076758742332458,-0.06812411546707153
4,v5,34,1.315314769744873,-0.17337284982204437
4,v5,35,-0.10734841227531433,-0.047058846801519394
4,v5,36,1.3922839164733887,-0.061278872191905975
4,v5,37,1.5773429870605469,-0.17647218704223633
4,v5,38,0.9739909768104553,0.18227629363536835
4,v5,39,1.536401391029358,-0.012637211009860039
4,v5,40,1.6483652591705322,0.0135933393612504
4,v5,41,0.27538493275642395,0.01514326874166727
4,v5,42,1.157921314239502,-0.12820062041282654
4,v5,43,1.0666229724884033,0.03809121623635292
4,v5,44,1.400871992111206,-0.2827155292034149
4,v5,45,1.8164111375808716,-0.054655663669109344
4,v5,46,1.0708645582199097,-0.2964484989643097
4,v5,47,0.7569416761398315,0.04223622381687164
4,v5,48,1.7801321744918823,-0.25897035002708435
4,v5,49,2.7252695560455322,0.02048095501959324
4,v5,50,0.6770066618919373,-0.08789797872304916
4,v5,51,0.8623913526535034,-0.27991166710853577
4,v5,52,0.586495041847229,0.08466559648513794
4,v5,53,2.717519521713257,-0.08328362554311752
4,v5,54,1.501170039176941,0.12670351564884186
4,v5,55,1.1925724744796753,0.023257702589035034
4,v5,56,2.2021982669830322,-0.08402232825756073
4,v5,57,2.47202730178833,-0.001925396267324686
4,v5,58,0.8603248596191406,-0.182443305850029
4,v5,59,0.821858286857605,-0.16981548070907593
4,v5,60,2.494539737701416,-0.044154129922389984
4,v5,61,0.9650296568870544,-0.42479848861694336
4,v5,62,1.7193242311477661,-0.1380319744348526
4,v5,63,0.734725832939148,0.09500523656606674
4,v6,0,0.76454758644104,-0.04631778597831726
4,v6,1,2.882567882537842,-0.07518276572227478
4,v6,2,1.5482326745986938,0.09887021034955978
4,v6,3,0.5343565344810486,0.2591119110584259
4,v6,4,1.7222342491149902,-0.004955679178237915
4,v6,5,1.0787502527236938,-0.15991683304309845
4,v6,6,1.815051555633545,-0.24239198863506317
4,v6,7,1.344436764717102,0.04164033383131027
4,v6,8,0.5126222372055054,-0.09086815267801285
4,v6,9,1.0755258798599243,-0.1219608262181282
4,v6,10,1.4994471073150635,0.18980112671852112
4,v6,11,0.7983877062797546,-0.07181895524263382
4,v6,12,0.1794898509979248,-0.21901452541351318
4,v6,13,1.19426691532135,-0.11290901154279709
4,v6,14,1.6167795658111572,-0.1862032413482666
4,v6,15,1.7604883909225464,-0.28479981422424316
4,v6,16,0.38556039333343506,-0.1431739330291748
4,v6,17,1.8801618814468384,-0.18085655570030212
4,v6,18,0.2737397849559784,-0.15664765238761902
4,v6,19,1.5545765161514282,0.11330215632915497
4,v6,20,1.430493950843811,-0.1525147557258606
4,v6,21,0.6879308223724365,0.002469054888933897
4,v6,22,2.558663845062256,0.04756642505526543
4,v6,23,0.9235393404960632,-0.04337002709507942
4,v6,24,-0.25361812114715576,-0.39475008845329285
4,v6,25,1.9627286195755005,-0.04841803014278412
4,v6,26,0.6559922099113464,-0.26740404963493347
4,v6,27,0.4516725242137909,-0.010614640079438686
4,v6,28,2.3986876010894775,-0.040762390941381454
4,v6,29,0.9133375287055969,-0.17798888683319092
4,v6,30,1.2498239278793335,-0.1318594515323639
4,v6,31,2.4936654567718506,0.045563869178295135
4,v6,32,2.173532247543335,-0.0815410315990448
4,v6,33,2.2134454250335693,-0.09030743688344955
4,v6,34,0.9421167373657227,0.06714680790901184
4,v6,35,1.5187417268753052,-0.11497711390256882
4,v6,36,0.18473583459854126,-0.21539069712162018
4,v6,37,1.2508292198181152,-0.1978478580713272
4,v6,38,2.135925054550171,0.11525049060583115
4,v6,39,1.4077256917953491,0.054788168519735336
4,v6,40,1.1636590957641602,-0.06931521743535995
4,v6,41,1.5570716857910156,0.0611746720969677
4,v6,42,1.1071702241897583,0.1991904079914093
4,v6,43,0.5077517032623291,-0.28607887029647827
4,v6,44,1.332194209098816,0.1370512992143631
4,v6,45,2.762754440307617,-0.27011021971702576
4,v6,46,2.0357742309570312,-0.06867273151874542
4,v6,47,1.5183675289154053,0.17940594255924225
4,v6,48,3.0178658962249756,-0.006638265214860439
4,v6,49,1.2326756715774536,-0.2425442934036255
4,v6,50,1.2712887525558472,-0.14330358803272247
4,v6,51,1.4347833395004272,-0.20547090470790863
4,v6,52,1.3279531002044678,0.0881458967924118
4,v6,53,-0.040333930402994156,0.06101277843117714
4,v6,54,0.9887480139732361,0.024049334228038788
4,v6,55,0.9012011885643005,-0.14272230863571167
4,v6,56,1.7884286642074585,-0.03137094900012016
4,v6,57,2.021871566772461,0.12002944201231003
4,v6,58,1.215867519378662,-0.04222121462225914
4,v6,59,2.048143148422241,-0.10683279484510422
4,v6,60,0.996595561504364,-0.0026775216683745384
4,v6,61,0.7301700711250305,-0.2124275118112564
4,v6,62,1.7980284690856934,0.2515677809715271
4,v6,63,-0.2828783690929413,-0.3305317759513855
