domain,stem,cls,n_beats,mean_rr_ms,sdnn_ms,rmssd_ms,hr_bpm
ptbxl,sample_00065,CD,12,841.6193181818181,12.211469363671448,12.352647110032732,71.29113924050634
ptbxl,sample_00157,CD,9,953.9794921875,30.092604625111072,47.91273649853348,62.89443378119002
ptbxl,sample_00172,CD,13,748.6979166666666,11.83897061783707,13.96673714715223,80.13913043478261
ptbxl,sample_00180,CD,14,647.5360576923077,37.58700458402158,43.05466818493261,92.65893271461717
ptbxl,sample_00218,CD,14,697.1153846153846,12.150560486494749,9.56000986691954,86.06896551724138
ptbxl,sample_00377,CD,16,620.4427083333334,17.35844667364246,12.91870757355757,96.70514165792234
ptbxl,sample_00378,CD,19,516.2217881944445,235.85911348422866,333.44324955030754,116.2291119285339
ptbxl,sample_00448,CD,13,756.4290364583334,231.75674826893382,267.19535885031536,79.32006455083378
ptbxl,sample_00478,CD,9,952.7587890625,82.30472573748816,74.30405840902566,62.97501601537476
ptbxl,sample_00598,CD,10,860.4600694444445,169.8625443942982,198.90345137695707,69.73013871374528
ptbxl,sample_00618,CD,10,860.4600694444445,19.18917012134049,16.64817101682844,69.73013871374528
ptbxl,sample_00658,CD,9,1083.984375,319.67642228092546,241.43308930349747,55.351351351351354
ptbxl,sample_00726,CD,13,745.0358072916666,17.965750261693064,14.499718546751666,80.53304205352266
ptbxl,sample_00789,CD,14,669.6965144230769,18.78943575462855,29.90099783670872,89.59282108805384
ptbxl,sample_00806,CD,15,622.55859375,251.33444358654663,295.92112144105886,96.37647058823529
ptbxl,sample_00931,CD,17,538.9404296875,200.80077871701033,358.3642872297038,111.32955832389581
ptbxl,sample_00950,CD,20,494.1920230263158,189.7089709383437,269.84872104248313,121.41029641185648
ptbxl,sample_01120,CD,13,760.0911458333334,291.9633355659211,410.2566418669343,78.93790149892934
ptbxl,sample_01220,CD,10,972.7647569444445,14.603156286561166,20.85938414384163,61.679866146123814
ptbxl,sample_01416,CD,13,713.2975260416666,82.82374136142806,142.30392521724565,84.11637193382772
ptbxl,sample_01564,CD,8,1146.763392857143,156.9459945359959,246.99664116968233,52.32116788321168
ptbxl,sample_02146,CD,11,933.59375,17.650314728809843,16.598370812476514,64.26778242677824
ptbxl,sample_02153,CD,12,834.5170454545455,171.12783913461334,245.20276767979604,71.89787234042552
ptbxl,sample_02252,CD,10,877.8211805555555,151.12635551176376,219.6451672156735,68.35105067985167
ptbxl,sample_02281,CD,10,955.9461805555555,82.09726412271607,110.32347195014651,62.76503972758229
ptbxl,sample_02285,CD,11,922.36328125,47.533287297280495,45.13484578080094,65.05029115934357
ptbxl,sample_02368,CD,12,857.1555397727273,58.85211739485032,70.217492235342,69.99896426721907
ptbxl,sample_02370,CD,10,921.7664930555555,360.35170952835,510.7763800472018,65.09240729841083
ptbxl,sample_02375,CD,13,760.498046875,36.60629435810447,27.384937526965874,78.89566613162118
ptbxl,sample_02419,CD,7,1228.8411458333333,45.246224879932434,63.17536714701511,48.82649006622517
ptbxl,sample_02433,CD,9,1027.2216796875,266.9957479135286,265.3522533691664,58.409982174688054
ptbxl,sample_02550,CD,10,990.6684027777778,19.900747494527156,21.699693401649387,60.56516976998904
ptbxl,sample_02626,CD,16,587.2395833333334,235.78377837390656,295.9098328118724,102.1729490022173
ptbxl,sample_02722,CD,7,1197.1028645833333,427.0651588604674,692.6196813621845,50.121006118286886
ptbxl,sample_02767,CD,13,728.3528645833334,20.16820630492757,19.47568445355141,82.37765363128491
ptbxl,sample_02905,CD,10,923.3940972222222,34.47871120493955,29.550093840112805,64.97767332549941
ptbxl,sample_02909,CD,15,638.6021205357143,265.55137871616967,397.5336516244451,93.95521572910977
ptbxl,sample_03035,CD,18,519.5886948529412,188.67710353903783,198.90719716939583,115.47595356550579
ptbxl,sample_03201,CD,13,749.9186197916666,10.709518483979856,13.167966063735197,80.00868149755833
ptbxl,sample_03248,CD,19,511.8815104166667,172.00069625129103,332.9507839138489,117.21462639109697
ptbxl,sample_03299,CD,16,579.4270833333334,234.0089876764572,409.77823912603077,103.5505617977528
ptbxl,sample_03356,CD,11,887.6953125,26.823390721943575,24.468255824174655,67.59075907590758
ptbxl,sample_03452,CD,9,958.8623046875,238.9078945733091,416.3786483037445,62.574156588160406
ptbxl,sample_03479,CD,9,873.4130859375,270.550335457967,445.85490834517,68.69601677148847
ptbxl,sample_03635,CD,9,934.4482421875,87.92694794447743,106.35440088928344,64.20901371652515
ptbxl,sample_03641,CD,13,730.7942708333334,20.006354507344213,17.16892720686587,82.10244988864142
ptbxl,sample_03699,CD,14,697.1153846153846,67.63338233043633,54.80943437657141,86.06896551724138
ptbxl,sample_03708,CD,13,743.0013020833334,12.635988285202455,11.777786897568893,80.75355969331872
ptbxl,sample_03740,CD,11,886.23046875,12.015643766465983,14.001180447660525,67.70247933884298
ptbxl,sample_03791,CD,16,641.0435267857143,64.59150978138513,69.26554271173686,93.59738846572361
ptbxl,sample_03872,CD,12,818.5369318181819,102.47562973024235,113.26651641793826,73.30151843817787
ptbxl,sample_03947,CD,20,495.4769736842105,111.42098845239573,134.5064924485936,121.0954356846473
ptbxl,sample_03948,CD,11,880.37109375,17.078214048925357,12.395464039492039,68.153078202995
ptbxl,sample_04016,CD,10,853.9496527777778,8.259189099196142,8.631674575031099,70.26175349428208
ptbxl,sample_04070,CD,13,764.5670572916666,7.916766201044569,10.093054865857663,78.47578499201704
ptbxl,sample_04220,CD,12,821.2002840909091,188.46414231333105,162.09907958647761,73.06378378378378
ptbxl,sample_04226,CD,14,685.8473557692307,21.983087134162187,20.52330763821369,87.48302300109529
ptbxl,sample_04238,CD,13,737.3046875,268.9458347254288,419.123659127474,81.37748344370861
ptbxl,sample_04245,CD,10,1021.5928819444445,21.531179289262617,28.62802587782855,58.73181093998938
ptbxl,sample_04254,CD,14,698.2421875,80.33178827638714,82.79211405182213,85.93006993006993
ptbxl,sample_04432,CD,8,1025.390625,23.754100780153685,38.90961291628229,58.51428571428571
ptbxl,sample_04444,CD,10,980.9027777777778,16.091894476957346,18.51287950207898,61.16814159292035
ptbxl,sample_04560,CD,9,977.1728515625,6.6220834075221555,6.905339660024878,61.40162398500937
ptbxl,sample_04619,CD,12,748.4019886363636,248.97643272954951,186.98048143978323,80.17081850533808
ptbxl,sample_04758,CD,13,745.0358072916666,264.92215223057457,267.8677940728025,80.53304205352266
ptbxl,sample_04771,CD,14,691.4813701923077,121.42633622226121,199.89238863931104,86.77023356871265
ptbxl,sample_04825,CD,10,901.6927083333334,17.43512799937219,18.752797236007343,66.54151624548736
ptbxl,sample_04893,CD,19,505.91362847222223,7.326877751267485,7.489892469212601,118.59731903485255
ptbxl,sample_05117,CD,10,980.3602430555555,11.128576115866979,14.23572239952466,61.201992252351964
ptbxl,sample_05170,CD,17,548.7060546875,228.8289326881124,435.85404083676565,109.34816462736374
ptbxl,sample_05212,CD,15,642.08984375,198.46788216530942,267.5763429457081,93.4448669201521
ptbxl,sample_05337,CD,10,981.9878472222222,23.473641116302012,32.29676893389393,61.10055248618785
ptbxl,sample_05738,CD,9,1042.48046875,17.893073853767664,20.04758351450881,57.55503512880562
ptbxl,sample_05953,CD,14,690.3545673076923,195.3688320205916,216.31832976349153,86.91186071817194
ptbxl,sample_06096,CD,13,763.3463541666666,25.271976570404913,28.887108315916095,78.60127931769723
ptbxl,sample_06154,CD,10,921.7664930555555,36.68433486192918,34.91296300311301,65.09240729841083
ptbxl,sample_06174,CD,12,725.3196022727273,46.28966184402937,77.41991396671325,82.72215422276622
ptbxl,sample_06284,CD,14,703.8762019230769,12.100143005599543,12.685919000748614,85.24226254002134
ptbxl,sample_06358,CD,14,692.6081730769231,10.519062405496278,14.23572239952466,86.6290672451193
ptbxl,sample_06375,CD,13,762.939453125,94.13311445220747,95.30869773409734,78.6432
ptbxl,sample_06542,CD,10,898.4375,4.8828125,5.72560517556571,66.78260869565217
ptbxl,sample_06562,CD,16,597.3307291666666,62.166322350446414,95.08508356993433,100.44686648501363
ptbxl,sample_06579,CD,12,845.1704545454545,91.67354127100828,94.78191842617913,70.99159663865547
ptbxl,sample_07075,CD,23,420.36576704545456,10.96075695861022,13.350890271536079,142.73284054910243
ptbxl,sample_07079,CD,15,627.7901785714286,38.290250224506536,40.604878696294676,95.57333333333334
ptbxl,sample_07414,CD,15,658.1333705357143,47.11456007234894,42.3514026978063,91.16693163751987
ptbxl,sample_07811,CD,12,799.8934659090909,174.90856209363,292.76930059827436,75.00998890122086
ptbxl,sample_07837,CD,10,894.0972222222222,200.09769861483474,273.2630581959614,67.10679611650485
ptbxl,sample_07865,CD,17,585.3271484375,92.67701609424954,157.77353743704023,102.50677789363921
ptbxl,sample_07967,CD,8,1116.0714285714287,29.547692467239788,48.99061504977998,53.76
ptbxl,sample_08065,CD,11,893.5546875,29.296875,21.714948021038953,67.14754098360656
ptbxl,sample_08185,CD,15,667.5502232142857,8.221654161534136,11.411100909677968,89.88087774294671
ptbxl,sample_08261,CD,10,861.5451388888889,11.480091129285388,8.970299351012615,69.64231738035264
ptbxl,sample_08482,CD,21,446.2890625,6.01159190674895,6.236976305258839,134.44201312910283
ptbxl,sample_08504,CD,11,892.578125,9.98027976351295,10.421751688530028,67.22100656455142
ptbxl,sample_08622,CD,12,757.7237215909091,245.50223994950375,316.90167858368966,79.18453427065026
ptbxl,sample_08632,CD,12,749.2897727272727,303.24870966382565,445.05168571774345,80.07582938388626
ptbxl,sample_08712,CD,15,636.5094866071429,13.35252550827092,13.810679320049756,94.2641095890411
ptbxl,sample_08815,CD,8,1035.15625,40.94969279104532,25.293408639192794,57.9622641509434
ptbxl,sample_09108,CD,11,770.5078125,319.16649561944666,416.66984556892817,77.87072243346007
ptbxl,sample_09183,CD,13,777.587890625,51.847560013660406,38.33438957277008,77.16169544740973
ptbxl,sample_09217,CD,11,668.9453125,366.5281828990138,399.7350769120308,89.69343065693431
ptbxl,sample_09458,CD,13,787.353515625,112.4324750063177,193.88125272393827,76.2046511627907
ptbxl,sample_09562,CD,18,508.09972426470586,1.1842559816227196,1.7263349150062195,118.08705483323912
ptbxl,sample_09823,CD,10,935.3298611111111,10.948587277892017,13.483106710433669,64.14849187935035
ptbxl,sample_09962,CD,12,826.9708806818181,18.17465554383559,16.194456984157227,72.55394524959743
ptbxl,sample_10130,CD,9,960.693359375,12.17210405037329,17.98799798859881,62.45489199491741
ptbxl,sample_10131,CD,13,716.552734375,149.70600621202183,273.6712360886938,83.73424190800681
ptbxl,sample_10255,CD,10,906.5755208333334,16.73743798926036,23.983011113755495,66.18312387791741
ptbxl,sample_10283,CD,12,731.9779829545455,29.657171354024072,46.91059032998223,81.96967859308671
ptbxl,sample_10359,CD,11,799.31640625,277.83970672308806,355.93213629651405,75.06414172266341
ptbxl,sample_10383,CD,11,901.85546875,60.20155572637708,100.34545990754135,66.52950730914998
ptbxl,sample_10489,CD,13,728.3528645833334,22.60074652996067,22.996864074908768,82.37765363128491
ptbxl,sample_10501,CD,12,830.9659090909091,202.7610238769329,234.05943925840083,72.2051282051282
ptbxl,sample_10822,CD,9,893.5546875,102.92034236006154,144.96515014979292,67.14754098360656
ptbxl,sample_10860,CD,17,562.43896484375,211.4975171044888,403.6425518599814,106.67824199674443
ptbxl,sample_11103,CD,16,584.3098958333334,236.9595873383313,448.75221431017366,102.68523676880223
ptbxl,sample_11418,CD,17,557.2509765625,162.60938630736786,177.12790732284853,107.67141292442497
ptbxl,sample_11474,CD,12,759.0553977272727,8.83334017317667,11.45121035113142,79.04561403508772
ptbxl,sample_11738,CD,19,519.2057291666666,6.699163482129252,7.105535889736318,115.56112852664577
ptbxl,sample_11802,CD,13,782.470703125,22.1446081107648,21.18160562933265,76.6801872074883
ptbxl,sample_11834,CD,14,616.7367788461538,262.0269677332945,443.68486597999106,97.28623629719854
ptbxl,sample_11932,CD,10,910.9157986111111,256.2559256346645,245.54648933052655,65.86777843954735
ptbxl,sample_12082,CD,11,872.55859375,96.18162911218005,94.93272507433389,68.76329043088975
ptbxl,sample_12178,CD,13,766.6015625,40.69306333936733,26.54088410667036,78.26751592356688
ptbxl,sample_12179,CD,10,996.6362847222222,35.248059615409694,36.98549171763456,60.20250408274361
ptbxl,sample_12195,CD,29,335.34458705357144,6.517678706477763,6.4422428857627585,178.92043681747268
ptbxl,sample_12276,CD,12,841.6193181818181,99.30907761437291,96.65009016653434,71.29113924050634
ptbxl,sample_12400,CD,12,791.015625,325.9510503422842,436.37157418516153,75.85185185185185
ptbxl,sample_12552,CD,11,881.34765625,15.483640617220416,15.696046160470305,68.07756232686981
ptbxl,sample_12576,CD,14,661.4332932692307,55.480131481190384,88.35282476572925,90.71209540034073
ptbxl,sample_12703,CD,9,1060.1806640625,299.3678642353161,224.9881559615154,56.59412780656304
ptbxl,sample_12785,CD,8,1030.2734375,19.733651778942285,32.99663888787971,58.23696682464455
ptbxl,sample_12919,CD,11,903.80859375,215.98068117160398,223.02928706014373,66.38573743922204
ptbxl,sample_12937,CD,12,833.6292613636364,26.84134119622859,13.19263289658818,71.97444089456869
ptbxl,sample_13052,CD,11,862.79296875,42.88049747773126,50.11329530709848,69.54159592529712
ptbxl,sample_13167,CD,21,440.91796875,118.28633503624388,170.47939697359465,136.0797342192691
ptbxl,sample_13214,CD,9,1074.8291015625,257.6671041730387,284.3074221240673,55.82282793867121
ptbxl,sample_13314,CD,15,683.9425223214286,24.032801705887298,20.086751738462947,87.72667006629271
ptbxl,sample_13612,CD,17,571.2890625,184.92907014941736,219.32471935359052,105.02564102564102
ptbxl,sample_13711,CD,8,961.9140625,217.23485928867234,365.0317386432011,62.3756345177665
ptbxl,sample_13812,CD,8,1028.8783482142858,22.50234763194793,31.39209232094061,58.31593220338983
ptbxl,sample_13926,CD,19,456.54296875,133.53503668869777,249.70957772668362,131.42245989304814
ptbxl,sample_13955,CD,17,536.19384765625,192.33752135483294,373.7164890401564,111.89982925441093
ptbxl,sample_14097,CD,18,544.5772058823529,204.8390595203799,321.5967809200497,110.17721518987342
ptbxl,sample_14123,CD,11,841.796875,26.565372087373913,22.960182258570775,71.27610208816705
ptbxl,sample_14288,CD,13,736.8977864583334,19.582046574733013,21.58703198825964,81.42241855328547
ptbxl,sample_14427,CD,11,776.85546875,210.2880960091674,349.64710792070224,77.23444374607165
ptbxl,sample_14653,CD,8,1140.4854910714287,76.36866226045262,87.32365594880332,52.6091743119266
ptbxl,sample_14678,CD,8,1086.0770089285713,9.707322240117236,14.374610785038813,55.2447013487476
ptbxl,sample_15101,CD,15,645.5775669642857,106.22314133375258,187.5817536362495,92.94003241491086
ptbxl,sample_15438,CD,11,813.96484375,11.050940883312471,14.095465556387348,73.71325734853029
ptbxl,sample_15447,CD,14,684.3449519230769,180.94807782047474,300.14737535920233,87.67508232711306
ptbxl,sample_15526,CD,25,387.7766927083333,12.871815558302387,17.664013073695823,154.72822665267577
ptbxl,sample_15532,CD,15,635.8119419642857,188.60728246292496,244.15940432582295,94.36752605595173
ptbxl,sample_15689,CD,13,678.7109375,333.5487652132771,629.3853881783097,88.40287769784173
ptbxl,sample_15798,CD,15,600.9347098214286,15.136632205752237,22.74169997479057,99.84445734184563
ptbxl,sample_15817,CD,17,544.73876953125,173.45986665953183,256.9862766980619,110.14453781512606
ptbxl,sample_15899,CD,15,576.8694196428571,249.3646113845154,471.6480364191479,104.00967351874245
ptbxl,sample_16035,CD,12,800.78125,35.81468910330517,21.506558149946525,74.92682926829268
ptbxl,sample_16046,CD,18,533.3754595588235,83.30401203942237,133.80487724447102,112.49111470113085
ptbxl,sample_16100,CD,9,974.7314453125,50.402729190190534,76.80596879743753,61.5554164057608
ptbxl,sample_16205,CD,12,811.4346590909091,332.4246447496379,505.3132987030832,73.94310722100656
ptbxl,sample_16526,CD,23,421.6974431818182,96.24568911325527,187.9573270453052,142.2821052631579
ptbxl,sample_16529,CD,11,884.27734375,30.575574231900536,40.29758594772118,67.85201546107123
ptbxl,sample_16674,CD,22,451.07886904761904,141.90831024814975,240.20509618963882,133.01443298969073
ptbxl,sample_16700,CD,16,618.8151041666666,9.12868939272401,9.134905729428567,96.9594950026302
ptbxl,sample_16883,CD,10,851.2369791666666,23.920798269366973,31.832042994153557,70.48565965583174
ptbxl,sample_16920,CD,18,561.8106617647059,36.231266156299355,56.469890167091684,106.79754601226995
ptbxl,sample_17084,CD,13,731.201171875,68.64808781098861,39.586112428296424,82.0567612687813
ptbxl,sample_17169,CD,8,1058.1752232142858,21.230276662320446,14.6484375,56.70138431114041
ptbxl,sample_17192,CD,18,548.3111213235294,90.08035943009125,101.10487910570633,109.42692509167104
ptbxl,sample_17202,CD,9,953.9794921875,356.33481098908453,493.9714483567278,62.89443378119002
ptbxl,sample_17244,CD,12,810.9907670454545,21.334543396125557,23.00628708865185,73.98357963875206
ptbxl,sample_17247,CD,12,771.0404829545455,85.34325308652063,143.9891650044262,77.81692573402418
ptbxl,sample_17297,CD,19,473.9040798611111,148.7123027541656,276.96149853427767,126.60789925586721
ptbxl,sample_17371,CD,22,435.5003720238095,132.0222483404275,144.1877251975918,137.77255739455418
ptbxl,sample_17539,CD,16,566.0807291666666,62.07859936834086,71.22644709173065,105.99194939620472
ptbxl,sample_17617,CD,12,820.7563920454545,13.184415746680664,13.810679320049756,73.10329908058411
ptbxl,sample_17689,CD,12,826.5269886363636,35.351758694834786,36.76728632229824,72.59291084854995
ptbxl,sample_17700,CD,18,546.5877757352941,146.29576264825312,176.7534287051343,109.77193904361533
ptbxl,sample_17885,CD,13,746.6634114583334,23.04002124070945,24.810349098867402,80.35749318801089
ptbxl,sample_17888,CD,12,835.4048295454545,19.218013774701127,11.45121035113142,71.82146652497343
ptbxl,sample_17906,CD,10,881.6189236111111,30.01153794691695,41.71876828768326,68.05661538461538
ptbxl,sample_17909,CD,14,688.8521634615385,257.2216742223594,325.5686406951338,87.10141766630316
ptbxl,sample_17920,CD,10,877.2786458333334,233.01045239624622,300.466595828963,68.39332096474953
ptbxl,sample_17936,CD,11,941.40625,30.432280970104802,29.296875,63.7344398340249
ptbxl,sample_18121,CD,12,767.0454545454545,250.33598776980284,338.5236686421749,78.22222222222223
ptbxl,sample_18202,CD,10,956.4887152777778,32.70431526271179,43.77544208261989,62.72943845717526
ptbxl,sample_18240,CD,17,571.2890625,147.0475285998296,166.6796997060772,105.02564102564102
ptbxl,sample_18332,CD,13,751.1393229166666,313.8760412766149,337.2516373291826,79.87865655471289
ptbxl,sample_18499,CD,11,788.0859375,43.685332446278125,73.0067105859564,76.13382899628253
ptbxl,sample_18548,CD,20,492.3930921052632,8.341079591717623,10.229333569316841,121.85386221294362
ptbxl,sample_18638,CD,11,821.2890625,16.079543014620402,19.800659278314516,73.05588585017836
ptbxl,sample_18671,CD,11,918.9453125,229.54181828877276,354.93714541770015,65.2922422954304
ptbxl,sample_18777,CD,17,551.7578125,57.966477451523836,71.38487069398806,108.7433628318584
ptbxl,sample_18831,CD,14,704.6274038461538,24.687966723365342,16.498319443939856,85.15138592750533
ptbxl,sample_18891,CD,11,816.40625,38.84487992233411,46.49367466499251,73.49282296650718
ptbxl,sample_18914,CD,20,476.71669407894734,7.841358091278967,8.689028525416106,125.86091644204852
ptbxl,sample_18916,CD,15,599.5396205357143,4.76055300743276,5.745589896626486,100.07678883071553
ptbxl,sample_18974,CD,12,787.4644886363636,36.9994071894214,30.454035409204444,76.19391206313416
ptbxl,sample_19081,CD,12,767.9332386363636,90.48606243324602,53.799642659528594,78.13179190751445
ptbxl,sample_19134,CD,15,663.0161830357143,130.48911648903146,139.8159128899787,90.49552866912151
ptbxl,sample_19147,CD,12,793.2350852272727,71.54157295462609,59.742163746807755,75.63961947397874
ptbxl,sample_19305,CD,11,774.90234375,165.6170217323854,208.84134026491458,77.42911153119093
ptbxl,sample_19330,CD,12,815.4296875,234.81201119837831,299.06977438375674,73.58083832335329
ptbxl,sample_19345,CD,15,597.4469866071429,27.395155179205968,37.846340162285,100.42732049036778
ptbxl,sample_19461,CD,23,435.9019886363636,135.54433723195717,203.2988646071085,137.64562118126273
ptbxl,sample_19695,CD,14,677.5841346153846,269.8842108112613,318.2111835965639,88.54988913525499
ptbxl,sample_19701,CD,17,581.35986328125,204.87239145662952,235.79148243583856,103.20629921259842
ptbxl,sample_19858,CD,10,853.9496527777778,9.900329639157258,14.443554157958047,70.26175349428208
ptbxl,sample_19882,CD,10,940.2126736111111,18.124232951920646,22.837264323571418,63.815349105597235
ptbxl,sample_19920,CD,10,945.6380208333334,29.90099783670872,19.983771415704222,63.44922547332185
ptbxl,sample_19951,CD,11,901.85546875,34.2222886793584,23.586225172834375,66.52950730914998
ptbxl,sample_20100,CD,13,705.9733072916666,251.39659865724545,293.74084458388734,84.98904899135447
ptbxl,sample_20120,CD,14,685.4717548076923,10.269097892497232,10.548080563814876,87.5309589041096
ptbxl,sample_20141,CD,13,790.6087239583334,9.184204013629154,8.457279333832409,75.89089037570767
ptbxl,sample_20252,CD,14,720.7782451923077,246.19528042697576,297.4577421207504,83.24335591453881
ptbxl,sample_20674,CD,11,882.32421875,195.24534978469737,261.7408148477656,68.00221361372441
ptbxl,sample_20893,CD,17,536.4990234375,14.137688713039692,22.728255279571844,111.83617747440273
ptbxl,sample_20966,CD,12,692.4715909090909,263.94136060273934,440.7316471115105,86.64615384615385
ptbxl,sample_21011,CD,19,493.70659722222223,194.729202013245,208.49296587447472,121.52967032967032
ptbxl,sample_21085,CD,14,676.8329326923077,176.81286439938378,290.8861525118453,88.64816870144284
ptbxl,sample_21093,CD,11,793.45703125,248.72273426156102,440.43461960622255,75.61846153846155
ptbxl,sample_21111,CD,8,1172.572544642857,296.1313211621765,423.91512163971896,51.16954193932183
ptbxl,sample_21148,CD,9,925.29296875,59.68797841875392,62.720862200513324,64.84432717678101
ptbxl,sample_21181,CD,13,724.6907552083334,48.75964362047116,54.848965167412956,82.79393599101628
ptbxl,sample_21812,CD,12,809.2151988636364,192.93092561241076,180.32723034434403,74.14591332967636
ptbxl,sample_21819,CD,14,644.9068509615385,4.21052977784461,5.082192381509113,93.03669190448457
ptbxl,sample_01219,HYP,20,470.80592105263156,8.506593333901003,8.535228256593031,127.4410480349345
ptbxl,sample_01307,HYP,11,865.234375,28.638434176982773,27.380540106218625,69.34537246049662
ptbxl,sample_01386,HYP,11,915.0390625,98.2026813031389,103.34966058846057,65.5709711846318
ptbxl,sample_01522,HYP,8,1115.3738839285713,16.64390826653021,14.783448994616657,53.79362101313321
ptbxl,sample_01534,HYP,11,870.1171875,28.45282992631791,38.24003946767816,68.95622895622895
ptbxl,sample_01745,HYP,14,715.8954326923077,261.1470860701531,357.85275250923286,83.81112277019936
ptbxl,sample_01785,HYP,16,619.7916666666666,47.64422250766933,49.17566052459422,96.80672268907564
ptbxl,sample_02119,HYP,15,671.7354910714286,9.127732657470874,9.575983161044142,89.3208722741433
ptbxl,sample_02417,HYP,15,661.9698660714286,14.923091931204262,13.406376425461799,90.63856691253952
ptbxl,sample_02473,HYP,14,690.3545673076923,26.25985320455008,14.580462945287204,86.91186071817194
ptbxl,sample_03092,HYP,12,834.0731534090909,224.8196428092527,421.2115687376449,71.93613624268228
ptbxl,sample_03371,HYP,13,725.5045572916666,17.84469947096707,16.459957579668995,82.70106561974201
ptbxl,sample_03603,HYP,12,779.0305397727273,64.71757259296731,101.97950000078524,77.01880341880342
ptbxl,sample_03660,HYP,11,868.65234375,32.912232949438405,24.73744165620225,69.0725126475548
ptbxl,sample_03785,HYP,9,934.4482421875,30.31812612825964,21.7584737171906,64.20901371652515
ptbxl,sample_04278,HYP,14,696.3641826923077,26.25985320455008,12.125377950643994,86.16181229773463
ptbxl,sample_04458,HYP,15,645.9263392857143,9.270139581041473,9.859078086243004,92.88984881209502
ptbxl,sample_04547,HYP,8,1074.916294642857,24.156942180566915,31.832042994153557,55.818299805321224
ptbxl,sample_05830,HYP,12,756.8359375,21.836601342771385,13.19263289658818,79.27741935483871
ptbxl,sample_05911,HYP,17,571.59423828125,8.637427107875581,9.518353852352504,104.96956753870795
ptbxl,sample_06180,HYP,11,920.41015625,195.64113519255736,294.1148732871114,65.18832891246684
ptbxl,sample_06380,HYP,19,533.0403645833334,7.720404443770457,8.940936590230573,112.5618320610687
ptbxl,sample_06427,HYP,14,678.3353365384615,48.806210025985536,77.89578190206942,88.45182724252491
ptbxl,sample_06428,HYP,18,533.0882352941177,57.6253411712613,82.65701668569433,112.55172413793103
ptbxl,sample_07354,HYP,11,922.8515625,212.37583896330798,256.7129610265037,65.01587301587301
ptbxl,sample_07670,HYP,13,749.9186197916666,6.403184426521029,8.584463603432935,80.00868149755833
ptbxl,sample_07684,HYP,14,711.7638221153846,32.02828780666745,15.88478295568289,84.2976253298153
ptbxl,sample_07812,HYP,13,712.4837239583334,216.80665573397755,182.1694232556861,84.21245002855511
ptbxl,sample_07916,HYP,15,644.1824776785714,28.177761942636923,50.5989005981037,93.14131023280996
ptbxl,sample_08083,HYP,19,518.3919270833334,198.6604852092475,378.5008840910004,115.74254317111459
ptbxl,sample_08121,HYP,13,712.0768229166666,345.56085800230466,659.7187137459767,84.26057142857144
ptbxl,sample_08284,HYP,13,750.3255208333334,14.623756037648956,16.656305965282066,79.96529284164859
ptbxl,sample_08524,HYP,12,845.6143465909091,38.74493607800335,52.08841934802573,70.95433070866142
ptbxl,sample_08777,HYP,11,889.16015625,209.2905307510863,237.86976901541627,67.47940691927512
ptbxl,sample_09024,HYP,18,502.0680147058824,178.3834096670912,305.0707827183952,119.50572082379863
ptbxl,sample_09299,HYP,12,795.0106534090909,22.462867382505603,25.135815773894045,75.47068676716918
ptbxl,sample_10180,HYP,9,957.03125,17.31260274273278,26.680512693785264,62.69387755102041
ptbxl,sample_10205,HYP,13,749.9186197916666,14.789556596197038,11.40379312736606,80.00868149755833
ptbxl,sample_10388,HYP,10,966.796875,24.4140625,22.70639067106723,62.06060606060606
ptbxl,sample_12031,HYP,11,889.6484375,28.359572284667323,18.62878115602148,67.4423710208562
ptbxl,sample_12122,HYP,14,708.7590144230769,16.539952728976974,12.91870757355757,84.6550079491256
ptbxl,sample_12301,HYP,14,697.4909855769231,86.12885766892312,116.74585833612824,86.02261712439419
ptbxl,sample_12692,HYP,16,599.9348958333334,11.35663233658085,10.275474234553736,100.0108518719479
ptbxl,sample_13666,HYP,18,541.4177389705883,17.166606422956207,16.513365794029156,110.82015915119362
ptbxl,sample_14315,HYP,13,752.3600260416666,20.127865369605722,33.442486153830544,79.74905354245539
ptbxl,sample_14805,HYP,15,616.2806919642857,261.2975317420811,502.1505324461506,97.35823429541597
ptbxl,sample_16045,HYP,12,791.4595170454545,26.606135303136774,26.699654520492803,75.80931015143018
ptbxl,sample_16182,HYP,15,648.7165178571429,9.548584011436182,10.663363556624391,92.49032258064516
ptbxl,sample_16944,HYP,13,717.3665364583334,22.177209686180408,28.395215894388276,83.6392512762337
ptbxl,sample_17226,HYP,14,662.1844951923077,22.245704845166024,34.12150926633566,90.6091888825865
ptbxl,sample_17325,HYP,15,624.6512276785714,226.91212427141951,223.25804564401852,96.0536013400335
ptbxl,sample_17701,HYP,10,955.9461805555555,33.006672836382236,36.00556934509918,62.76503972758229
ptbxl,sample_18017,HYP,15,642.4386160714286,6.829035222197929,6.905339660024878,93.39413680781759
ptbxl,sample_20211,HYP,9,919.189453125,50.72689291141484,42.6872245557875,65.27490039840637
ptbxl,sample_20242,HYP,11,877.9296875,44.62129586901732,45.51475082717957,68.34260289210233
ptbxl,sample_20369,HYP,12,760.3870738636364,30.500261422186746,27.098509620139858,78.90718038528897
ptbxl,sample_00063,MI,10,993.9236111111111,43.81702677725197,54.646067591795386,60.366812227074234
ptbxl,sample_00175,MI,11,872.0703125,304.2287824078384,413.5812325691665,68.80179171332587
ptbxl,sample_00210,MI,13,802.001953125,37.82926558917611,22.66459057389869,74.81278538812785
ptbxl,sample_00240,MI,7,1211.7513020833333,8.95921806284042,10.242273907911636,49.51511081262593
ptbxl,sample_00430,MI,8,1086.0770089285713,15.911562603167432,21.096161127629752,55.2447013487476
ptbxl,sample_00514,MI,11,793.45703125,12.867340739617429,18.19716778564282,75.61846153846155
ptbxl,sample_00526,MI,9,993.0419921875,7.353225670447829,7.829919196653058,60.42040565457898
ptbxl,sample_00765,MI,14,643.7800480769231,267.9906938340783,470.5563813769888,93.19953325554259
ptbxl,sample_00799,MI,11,831.0546875,17.194157091463875,9.062116475960321,72.19741480611046
ptbxl,sample_00821,MI,11,772.4609375,11.691591794315086,11.623418666248128,77.67383059418458
ptbxl,sample_00947,MI,10,819.2274305555555,14.397628591271266,8.097228492078614,73.23973509933775
ptbxl,sample_00968,MI,10,878.3637152777778,34.043783631757634,20.643963043564163,68.3088326127239
ptbxl,sample_01275,MI,11,803.7109375,275.9948306866547,457.10184361763334,74.65370595382745
ptbxl,sample_01343,MI,13,760.9049479166666,99.73883192055646,97.66734667067954,78.85347593582888
ptbxl,sample_01405,MI,11,781.73828125,65.08178326156579,92.3584697858796,76.75202998126171
ptbxl,sample_01737,MI,11,909.1796875,14.521294285934545,18.98096319936621,65.99355531686359
ptbxl,sample_01747,MI,11,791.015625,89.11783087242071,168.5493940885367,75.85185185185185
ptbxl,sample_01753,MI,8,1070.033482142857,17.246900028508836,12.448778109357384,56.07301173402868
ptbxl,sample_01769,MI,12,783.9133522727273,11.832866482026368,13.10196080566283,76.53907134767837
ptbxl,sample_01812,MI,13,772.2981770833334,238.57136181001448,233.6479237857106,77.69020021074815
ptbxl,sample_01853,MI,12,848.2776988636364,30.811352342113416,34.38831418292775,70.73155416012558
ptbxl,sample_01901,MI,11,912.59765625,77.90258324512806,88.11639116952581,65.74638844301765
ptbxl,sample_01950,MI,14,698.2421875,10.734786749896582,9.4555257475767,85.93006993006993
ptbxl,sample_02235,MI,12,754.6164772727273,23.45414004469468,35.74805706586548,79.51058823529412
ptbxl,sample_02422,MI,9,963.134765625,9.31946792402859,9.410391715424137,62.29657794676806
ptbxl,sample_02492,MI,10,852.8645833333334,5.459150335692846,5.72560517556571,70.35114503816794
ptbxl,sample_02561,MI,11,871.58203125,13.071597008633635,12.179874305904757,68.84033613445378
ptbxl,sample_02569,MI,9,971.6796875,18.820783430848273,27.86688665658228,61.74874371859296
ptbxl,sample_02605,MI,12,844.7265625,136.78848667885256,236.42596276712362,71.02890173410404
ptbxl,sample_02627,MI,13,768.2291666666666,62.542063112365334,56.59928203143324,78.10169491525424
ptbxl,sample_02736,MI,13,751.1393229166666,20.488074466071634,11.212119087637685,79.87865655471289
ptbxl,sample_02776,MI,13,772.705078125,19.875015389647505,18.388063900220153,77.64928909952607
ptbxl,sample_03052,MI,11,865.72265625,23.92633485045474,19.12001973383908,69.30626057529611
ptbxl,sample_03122,MI,11,777.34375,7.906873568679114,7.973599423122324,77.1859296482412
ptbxl,sample_03241,MI,10,879.4487847222222,133.1505555809833,160.28905804961275,68.224552745219
ptbxl,sample_03315,MI,11,867.1875,36.408890395131344,32.265995445310885,69.1891891891892
ptbxl,sample_03336,MI,16,606.7708333333334,3.9004327964745125,5.38059731464199,98.88412017167381
ptbxl,sample_03544,MI,15,663.7137276785714,173.5601897778639,252.1522022096509,90.40042038885969
ptbxl,sample_03579,MI,11,835.9375,32.208472932198006,34.56504000910694,71.77570093457943
ptbxl,sample_03600,MI,12,824.7514204545455,109.2147644244511,92.34843027611726,72.74919268030139
ptbxl,sample_03610,MI,14,673.4525240384615,20.079141678807943,13.22271875754551,89.09313998884551
ptbxl,sample_03632,MI,13,771.8912760416666,19.802179540843404,17.357257453850455,77.73115445440169
ptbxl,sample_03696,MI,11,922.36328125,11.612017566235005,14.828179653555173,65.05029115934357
ptbxl,sample_03805,MI,13,796.7122395833334,293.1598078875854,449.5949357427873,75.30949948927477
ptbxl,sample_03875,MI,13,704.345703125,23.289531284593398,21.58703198825964,85.18544194107453
ptbxl,sample_03908,MI,8,1105.6082589285713,12.874691406163622,13.810679320049756,54.268769716088336
ptbxl,sample_03913,MI,11,867.1875,19.422439961167054,17.903645833333332,69.1891891891892
ptbxl,sample_03914,MI,10,883.7890625,41.79014347808518,16.10218012484487,67.88950276243094
ptbxl,sample_03949,MI,13,705.1595052083334,12.57150025743255,15.228796873587042,85.0871321407963
ptbxl,sample_03967,MI,11,887.6953125,26.52545415034292,21.345828529628907,67.59075907590758
ptbxl,sample_04137,MI,7,1193.84765625,38.66373612271319,41.83291013789823,50.25766871165644
ptbxl,sample_04153,MI,15,668.5965401785714,83.49168495063685,86.05607395593023,89.74021909233177
ptbxl,sample_04175,MI,12,801.6690340909091,49.25681839707705,51.53622969515141,74.843853820598
ptbxl,sample_04177,MI,19,498.046875,180.06143905165393,274.71165355112726,120.47058823529412
ptbxl,sample_04203,MI,12,767.4893465909091,101.81145732521786,128.50241549704123,78.17698091382302
ptbxl,sample_04225,MI,15,636.1607142857143,172.27647291944982,173.61339339361908,94.3157894736842
ptbxl,sample_04257,MI,17,556.94580078125,202.60999878740537,243.4364845734599,107.73041095890412
ptbxl,sample_04269,MI,12,815.8735795454545,269.96658812044467,290.2995266186793,73.54080522306856
ptbxl,sample_04362,MI,21,454.58984375,164.77060119938977,271.5240299335169,131.98711063372718
ptbxl,sample_04391,MI,16,602.2135416666666,77.85569049218843,80.17971493144984,99.63243243243244
ptbxl,sample_04448,MI,17,586.24267578125,100.13883410514171,72.52250585149736,102.34669442998438
ptbxl,sample_04518,MI,9,1048.583984375,26.58459681941895,34.967795366892524,57.22002328288708
ptbxl,sample_04576,MI,14,718.9002403846154,18.177560272136784,15.115702816574471,83.46081504702195
ptbxl,sample_04615,MI,14,661.4332932692307,9.050866171838852,10.164384763018226,90.71209540034073
ptbxl,sample_04866,MI,14,693.7349759615385,144.79908279428918,102.33540974186859,86.48835950189496
ptbxl,sample_05147,MI,12,806.9957386363636,186.4964766628624,200.41551342458555,74.34983498349835
ptbxl,sample_05159,MI,15,649.7628348214286,125.69679725010603,132.09304301171335,92.34138486312399
ptbxl,sample_05185,MI,13,775.146484375,16.802061542338546,16.97850807786335,77.40472440944882
ptbxl,sample_05251,MI,21,465.33203125,7.102418742891975,8.604373480048935,128.9401888772298
ptbxl,sample_05257,MI,17,556.0302734375,76.45669490157033,105.36018718172795,107.90779363336992
ptbxl,sample_05276,MI,11,893.5546875,68.12646333481885,99.89565597693459,67.14754098360656
ptbxl,sample_05360,MI,14,704.6274038461538,26.920834821746325,46.064360996370134,85.15138592750533
ptbxl,sample_05386,MI,15,682.1986607142857,229.29174139422463,297.17964880931663,87.95092024539878
ptbxl,sample_05413,MI,11,962.890625,305.30314182675585,452.37441763305003,62.31237322515213
ptbxl,sample_05628,MI,11,852.05078125,10.358009490037317,9.629036105305365,70.41833810888252
ptbxl,sample_05635,MI,14,700.1201923076923,13.00125606570795,11.187928942763282,85.69957081545066
ptbxl,sample_05777,MI,14,703.8762019230769,180.18886064615032,271.713635727564,85.24226254002134
ptbxl,sample_05806,MI,14,673.4525240384615,9.017031039678907,14.512170003358568,89.09313998884551
ptbxl,sample_06211,MI,13,769.8567708333334,161.2381463849934,200.62791051403676,77.93657505285412
ptbxl,sample_06224,MI,10,779.0798611111111,303.728120187616,479.1224777191117,77.01392757660167
ptbxl,sample_06230,MI,19,514.5941840277778,178.67074425409126,312.90588946779457,116.59673168160252
ptbxl,sample_06231,MI,14,685.0961538461538,12.350172373533887,13.66606089172092,87.57894736842105
ptbxl,sample_06283,MI,13,761.71875,25.41451563973657,20.924225407302334,78.76923076923077
ptbxl,sample_06305,MI,15,641.7410714285714,189.23377760669578,234.53926785495966,93.49565217391304
ptbxl,sample_06552,MI,12,785.2450284090909,13.605128262825762,17.054930856028303,76.40927077444884
ptbxl,sample_06556,MI,10,921.7664930555555,21.252546968099928,21.90473442984175,65.09240729841083
ptbxl,sample_06683,MI,12,787.0205965909091,172.85181328628443,136.71875,76.23688663282572
ptbxl,sample_06751,MI,9,1002.197265625,18.223145197562964,15.550709270094833,59.86845310596833
ptbxl,sample_06817,MI,14,681.7157451923077,290.3908012302605,448.30450374176996,88.01322314049587
ptbxl,sample_06903,MI,12,845.6143465909091,12.317504372790845,16.194456984157227,70.95433070866142
ptbxl,sample_06929,MI,17,556.94580078125,20.443284984319764,32.58461915688073,107.73041095890412
ptbxl,sample_06962,MI,11,784.1796875,10.345213920618948,15.181281010886742,76.51307596513075
ptbxl,sample_07016,MI,8,975.8649553571429,13.93344332829114,16.194456984157227,61.48391708363116
ptbxl,sample_07130,MI,10,922.3090277777778,26.570357612816583,25.663813527378707,65.05411764705882
ptbxl,sample_07744,MI,23,423.0291193181818,118.56045478739502,175.64879578952238,141.8342077649528
ptbxl,sample_07747,MI,11,925.78125,34.31119295065458,31.265255065590082,64.81012658227849
ptbxl,sample_07751,MI,23,429.90944602272725,121.38925780022984,154.51466720219025,139.564274651523
ptbxl,sample_07895,MI,13,738.525390625,14.886937444721239,10.30556353537278,81.24297520661158
ptbxl,sample_07998,MI,15,643.4849330357143,144.38065925134515,159.84148940227453,93.24227642276422
ptbxl,sample_08153,MI,8,1129.3247767857142,229.78141206784272,377.3111543865725,53.12909203211859
ptbxl,sample_08195,MI,14,731.6706730769231,336.91315525007906,422.2503687584251,82.00410677618069
ptbxl,sample_08256,MI,17,579.833984375,235.9734177354876,246.46355832758744,103.4778947368421
ptbxl,sample_08344,MI,13,770.6705729166666,40.630875453805295,21.18160562933265,77.85427666314678
ptbxl,sample_08415,MI,8,1027.4832589285713,7.382118613461469,6.905339660024878,58.39511201629328
ptbxl,sample_08509,MI,14,660.6820913461538,160.54462533857657,187.82439250816492,90.8152359295054
ptbxl,sample_08609,MI,15,657.0870535714286,20.60188026585185,24.263356970416485,91.31210191082803
ptbxl,sample_08981,MI,18,554.3428308823529,266.2426983312234,420.3652104222729,108.23626943005182
ptbxl,sample_09422,MI,10,962.4565972222222,235.11698505216637,200.9530961078409,62.34047350620068
ptbxl,sample_09453,MI,13,778.4016927083334,37.445348353395566,33.73287498573035,77.08102456874019
ptbxl,sample_09794,MI,11,910.15625,98.44516408105672,94.13407383412274,65.92274678111588
ptbxl,sample_09819,MI,10,942.9253472222222,139.9597633911858,233.3938406647217,63.631760644418875
ptbxl,sample_09860,MI,13,751.1393229166666,10.78514568190218,9.765625,79.87865655471289
ptbxl,sample_09873,MI,12,842.9509943181819,15.787836686593343,13.982247132105813,71.1785150078989
ptbxl,sample_09891,MI,10,939.1276041666666,14.443554157958046,22.242269480332762,63.88908145580589
ptbxl,sample_09953,MI,9,1119.384765625,18.409100474883715,16.711981795076646,53.600872410032714
ptbxl,sample_10210,MI,13,784.5052083333334,164.39314821924143,143.50968730757728,76.48132780082987
ptbxl,sample_10244,MI,17,544.43359375,203.0373408608726,229.9211969688581,110.20627802690584
ptbxl,sample_10614,MI,12,831.4098011363636,34.808043182022985,42.790824805091106,72.16657768286171
ptbxl,sample_10828,MI,10,904.4053819444445,29.069939940579022,36.12951315173033,66.34193161367726
ptbxl,sample_11010,MI,9,1079.7119140625,11.206939880761459,18.455296533653673,55.5703787450537
ptbxl,sample_11125,MI,14,682.0913461538462,10.988066880748008,12.368720828101125,87.9647577092511
ptbxl,sample_11212,MI,11,890.13671875,199.19441423563825,301.9896614152064,67.40537575425124
ptbxl,sample_11238,MI,9,968.6279296875,31.637513884056712,31.59037911334892,61.94328922495274
ptbxl,sample_11285,MI,10,858.2899305555555,77.54214409065072,32.52664207635309,69.90644753476612
ptbxl,sample_11286,MI,11,841.796875,81.06057019315287,110.47344547300337,71.27610208816705
ptbxl,sample_11319,MI,14,683.59375,52.89087503018204,92.70916770531018,87.77142857142857
ptbxl,sample_11359,MI,10,964.0842013888889,11.736820558151006,12.32849723921152,62.23522791221159
ptbxl,sample_11406,MI,14,726.4122596153846,136.21141812189092,143.08112614476505,82.59772492244053
ptbxl,sample_11453,MI,12,799.0056818181819,184.24803325261678,203.4733060157679,75.09333333333333
ptbxl,sample_11477,MI,9,915.52734375,109.64993545881207,113.88577919619728,65.536
ptbxl,sample_11645,MI,13,731.201171875,16.930568665255283,20.87236851120161,82.0567612687813
ptbxl,sample_11664,MI,10,849.609375,16.00937139722168,16.914558667664817,70.62068965517241
ptbxl,sample_11799,MI,12,800.78125,16.630260122975002,12.059657260965302,74.92682926829268
ptbxl,sample_11896,MI,8,1003.7667410714286,12.241858799375171,13.22271875754551,59.774843641417654
ptbxl,sample_11899,MI,17,580.4443359375,175.96990563562974,208.65479146460865,103.36908517350157
ptbxl,sample_12112,MI,15,646.97265625,12.225796874068354,13.199581874102748,92.73962264150943
ptbxl,sample_12124,MI,11,864.2578125,9.765625,12.288141984490153,69.42372881355932
ptbxl,sample_12137,MI,13,727.9459635416666,20.86804128641971,21.23270728533629,82.42370039128005
ptbxl,sample_12156,MI,11,894.04296875,22.72242677446778,23.075271612561565,67.11086837793556
ptbxl,sample_12169,MI,10,913.0859375,52.134171152496634,94.94842032534207,65.71122994652407
ptbxl,sample_12190,MI,17,558.77685546875,7.7653095429461265,8.36278162673511,107.37738940469688
ptbxl,sample_12197,MI,12,739.0802556818181,14.692759651213377,10.242273907911636,81.18198198198199
ptbxl,sample_12201,MI,10,907.1180555555555,14.603156286561166,14.546356552506085,66.14354066985646
ptbxl,sample_12224,MI,19,511.0677083333333,10.459065634210205,8.62151368325117,117.40127388535032
ptbxl,sample_12285,MI,12,842.9509943181819,283.3821558919425,315.69941181735857,71.1785150078989
ptbxl,sample_12328,MI,15,636.1607142857143,139.21027442102982,166.5725686906816,94.3157894736842
ptbxl,sample_12340,MI,11,871.09375,203.88885073036346,215.80951063340225,68.87892376681614
ptbxl,sample_12426,MI,13,739.74609375,173.0285271574363,268.6515192164365,81.10891089108911
ptbxl,sample_12521,MI,19,501.03081597222223,31.517183117914843,49.86547436660255,119.75311315646995
ptbxl,sample_12618,MI,11,824.70703125,264.2584661071719,437.76501092082793,72.75310834813499
ptbxl,sample_12631,MI,14,687.3497596153846,10.57701911082386,8.097228492078614,87.29180327868852
ptbxl,sample_12828,MI,12,795.8984375,28.721564784868637,37.79057142751826,75.38650306748467
ptbxl,sample_12841,MI,8,1017.0200892857143,15.367105321668811,16.677979762304034,58.995884773662546
ptbxl,sample_12870,MI,8,1021.2053571428571,18.790597712253398,27.477120794489146,58.75409836065574
ptbxl,sample_12941,MI,8,1127.232142857143,47.87717973185608,72.56085001679284,53.227722772277225
ptbxl,sample_12991,MI,13,778.80859375,360.1354461721615,398.14864787287763,77.04075235109718
ptbxl,sample_13058,MI,14,654.6724759615385,250.5225564586377,281.2036546740071,91.64888123924268
ptbxl,sample_13078,MI,9,1047.9736328125,11.357881897275238,15.982755632518973,57.2533488642982
ptbxl,sample_13158,MI,17,566.10107421875,45.64733333145575,72.52250585149736,105.98814016172507
ptbxl,sample_13166,MI,18,523.3226102941177,6.955928905280523,9.216106488367615,114.65203073545554
ptbxl,sample_13335,MI,8,1132.8125,34.29574789340084,32.63336206992744,52.96551724137931
ptbxl,sample_13405,MI,11,850.5859375,17.94798014595081,14.466462267766259,70.53960964408725
ptbxl,sample_13516,MI,17,566.40625,74.00857714184144,122.8296694025791,105.93103448275862
ptbxl,sample_13744,MI,11,831.54296875,15.276953164397545,24.031287532931966,72.15502055196711
ptbxl,sample_13819,MI,11,844.7265625,18.840880375635134,15.780207869193779,71.02890173410404
ptbxl,sample_13912,MI,14,695.9885817307693,30.140270724496713,32.96651871830907,86.20831084727469
ptbxl,sample_14018,MI,10,1024.3055555555557,259.79795071553326,309.97688238023244,58.57627118644067
ptbxl,sample_14314,MI,12,753.7286931818181,4.513751356138552,4.8828125,79.60424028268552
ptbxl,sample_14382,MI,20,497.0189144736842,66.1452195220346,73.34158475287799,120.71975180972079
ptbxl,sample_14424,MI,17,574.64599609375,144.59192875240785,162.97186785428354,104.4121083377589
ptbxl,sample_14627,MI,12,834.0731534090909,44.63532619616198,41.28792608712833,71.93613624268228
ptbxl,sample_14647,MI,10,924.4791666666666,14.443554157958047,15.440808887540914,64.90140845070422
ptbxl,sample_14667,MI,12,791.4595170454545,195.52545208942166,167.77275538278099,75.80931015143018
ptbxl,sample_14713,MI,11,910.64453125,12.659789376712277,16.276041666666668,65.88739946380697
ptbxl,sample_14762,MI,13,761.71875,225.28385021087968,252.94408358907782,78.76923076923077
ptbxl,sample_14912,MI,11,956.0546875,10.242273907911636,10.796304656104818,62.75791624106231
ptbxl,sample_15034,MI,15,669.2940848214286,14.892336225460657,10.402180306585208,89.64669098488797
ptbxl,sample_15141,MI,15,627.44140625,87.25712362984983,91.01718864722362,95.62645914396887
ptbxl,sample_15180,MI,18,548.8855698529412,15.827659834460423,21.283686247757196,109.31240188383045
ptbxl,sample_15207,MI,11,843.75,14.337705433297682,20.906954066837773,71.11111111111111
ptbxl,sample_15227,MI,11,896.484375,12.00461517876678,12.711994915212653,66.9281045751634
ptbxl,sample_15235,MI,17,589.90478515625,55.133814873181926,91.9214580136726,101.71132953957579
ptbxl,sample_15400,MI,10,889.7569444444445,248.50562952199,150.3002340978651,67.43414634146342
ptbxl,sample_15549,MI,9,951.5380859375,17.201583838808165,25.96890411409917,63.05580500320718
ptbxl,sample_15647,MI,18,551.4705882352941,33.58467282087012,50.80237316085159,108.8
ptbxl,sample_15865,MI,10,906.0329861111111,27.088732059071024,16.194456984157227,66.22275449101797
ptbxl,sample_15924,MI,10,878.90625,13.593174713940483,23.983011113755495,68.26666666666667
ptbxl,sample_15950,MI,15,644.8800223214286,170.3391031954814,145.91360153792905,93.04056246619794
ptbxl,sample_16135,MI,11,835.44921875,12.277358180759187,14.917238590351042,71.8176504967855
ptbxl,sample_16152,MI,11,929.19921875,29.57137748293211,29.656359307110346,64.57172884918549
ptbxl,sample_16225,MI,18,530.5032169117648,193.12542857019616,249.82696744032842,113.10016242555494
ptbxl,sample_16340,MI,16,640.9505208333334,42.785518074146765,74.07451180424606,93.61097003555103
ptbxl,sample_16463,MI,22,434.8028273809524,118.23542878211997,167.34588821142134,137.9935828877005
ptbxl,sample_16532,MI,11,850.09765625,37.853608287723254,34.3729037792039,70.58012636415853
ptbxl,sample_16543,MI,9,1008.9111328125,45.42684175260877,63.39602548829109,59.47005444646098
ptbxl,sample_16564,MI,12,758.1676136363636,166.77633203279748,112.86587031249299,79.13817330210773
ptbxl,sample_16566,MI,20,491.10814144736844,131.9194592753799,184.96774340699034,122.17268445839873
ptbxl,sample_16692,MI,10,889.7569444444445,18.717447916666668,22.90242070226284,67.43414634146342
ptbxl,sample_16712,MI,13,743.0013020833334,233.54895318677492,231.6355272966402,80.75355969331872
ptbxl,sample_16782,MI,15,621.5122767857143,112.67849987133587,171.2896877866624,96.53872053872053
ptbxl,sample_16905,MI,14,666.3161057692307,89.2948662954498,118.03216640179618,90.04735062006765
ptbxl,sample_16952,MI,8,987.7232142857143,10.052067671697028,17.60523083722651,60.7457627118644
ptbxl,sample_17083,MI,10,990.1258680555555,137.25780001821136,141.9484067058197,60.59835616438356
ptbxl,sample_17091,MI,10,804.0364583333334,505.40057847262005,958.3351439306874,74.62348178137651
ptbxl,sample_17403,MI,19,502.1158854166667,40.09891453275933,40.42113924620022,119.49432739059966
ptbxl,sample_17419,MI,14,674.5793269230769,242.39157131984814,341.13356395915173,88.94432071269487
ptbxl,sample_17420,MI,19,486.92491319444446,160.24524339115328,309.21102837487314,123.22228412256267
ptbxl,sample_17430,MI,16,581.3802083333334,249.1496929882446,343.0029939189561,103.2026875699888
ptbxl,sample_17575,MI,11,872.0703125,22.340312417673815,26.793746147712124,68.80179171332587
ptbxl,sample_17744,MI,8,1126.5345982142858,27.72392623638924,20.619888442903527,53.26068111455108
ptbxl,sample_17808,MI,13,757.2428385416666,12.043171050576776,14.6484375,79.2348199892531
ptbxl,sample_17904,MI,12,843.8387784090909,166.5292230944541,259.19411108132505,71.10362966859547
ptbxl,sample_17910,MI,14,677.2085336538462,243.19792456629355,351.0506754246531,88.5990016638935
ptbxl,sample_17951,MI,14,690.91796875,166.03520731768072,190.53209658914474,86.84098939929329
ptbxl,sample_18056,MI,12,757.2798295454545,12.440069624129762,12.544172440102665,79.23094958968348
ptbxl,sample_18364,MI,15,600.9347098214286,134.64342151716704,229.82359586505942,99.84445734184563
ptbxl,sample_18490,MI,13,705.9733072916666,21.980874935999026,29.91911416544543,84.98904899135447
ptbxl,sample_18506,MI,12,826.5269886363636,17.06763471690045,19.5921900856825,72.59291084854995
ptbxl,sample_18592,MI,17,574.64599609375,135.98106826115742,158.6726250905461,104.4121083377589
ptbxl,sample_18737,MI,13,742.1875,10.19986265365417,11.498432037454384,80.84210526315789
ptbxl,sample_18739,MI,14,638.8972355769231,92.59865135084956,110.19733645710129,93.91181657848324
ptbxl,sample_18740,MI,16,607.7473958333334,251.0793184703346,299.3884847705944,98.72522763792179
ptbxl,sample_18758,MI,10,927.734375,20.27984341532733,28.887108315916095,64.67368421052632
ptbxl,sample_18762,MI,25,387.9801432291667,26.392303806453107,44.728546359315764,154.64708966963818
ptbxl,sample_19017,MI,13,713.7044270833334,221.86980817372458,219.92375936490865,84.06841505131129
ptbxl,sample_19053,MI,14,679.4621394230769,153.95508785353715,127.53865123641579,88.30514096185738
ptbxl,sample_19054,MI,15,679.4084821428571,187.33577033463968,200.5339830007711,88.31211498973306
ptbxl,sample_19067,MI,11,928.7109375,29.188166369088403,39.834759930079485,64.60567823343848
ptbxl,sample_19104,MI,22,442.0107886904762,66.74679754231272,72.1021297695815,135.74329300368228
ptbxl,sample_19187,MI,14,670.4477163461538,298.73333004862354,511.70617008034117,89.49243697478992
ptbxl,sample_19316,MI,19,518.9344618055555,7.45339434231349,8.53979133003131,115.6215368531103
ptbxl,sample_19334,MI,10,998.8064236111111,15.071825502483833,13.260230091797139,60.07170016295492
ptbxl,sample_19353,MI,14,685.4717548076923,16.137733668074546,19.480320969377967,87.5309589041096
ptbxl,sample_19370,MI,12,830.9659090909091,64.43899961434799,83.23727475531264,72.2051282051282
ptbxl,sample_19396,MI,14,698.9933894230769,92.01750850463455,130.73876739548035,85.83772165502418
ptbxl,sample_19402,MI,14,682.8425480769231,250.84263062365886,350.98558349564354,87.86798679867987
ptbxl,sample_19409,MI,16,607.0963541666666,43.26838926087775,74.17789568121974,98.83109919571046
ptbxl,sample_19507,MI,18,552.6194852941177,40.08798333430832,60.66784003803309,108.57380457380457
ptbxl,sample_19571,MI,15,648.0189732142857,132.25162290976263,175.51499767538922,92.58988159311087
ptbxl,sample_19572,MI,9,976.5625,35.49947167968603,33.979804572596535,61.44
ptbxl,sample_19661,MI,15,676.26953125,325.8748012894537,558.7009698444381,88.72202166064982
ptbxl,sample_19877,MI,16,578.7760416666666,105.3871229126429,126.63077206757765,103.66704161979753
ptbxl,sample_19956,MI,11,819.3359375,159.01950923888677,223.56907335537468,73.2300357568534
ptbxl,sample_20079,MI,14,685.8473557692307,21.89252102803926,28.506314922097975,87.48302300109529
ptbxl,sample_20288,MI,12,793.2350852272727,14.544493903602552,21.00177067149079,75.63961947397874
ptbxl,sample_20317,MI,13,723.876953125,207.4855837874922,244.08735214232686,82.88701517706576
ptbxl,sample_20330,MI,13,705.1595052083334,152.35140884224055,237.3797536645453,85.0871321407963
ptbxl,sample_20775,MI,14,606.2199519230769,268.27967507451376,470.01561862615034,98.97397769516729
ptbxl,sample_20958,MI,21,440.91796875,89.33643821920293,103.57403740775707,136.0797342192691
ptbxl,sample_20974,MI,8,1086.0770089285713,96.50432026771594,157.84404175043568,55.2447013487476
ptbxl,sample_21028,MI,15,665.8063616071429,81.44895004781421,75.27965346849798,90.11629125196437
ptbxl,sample_21205,MI,13,767.0084635416666,308.1237819768781,343.7665194490757,78.22599469496022
ptbxl,sample_21306,MI,16,613.28125,111.28100016865034,115.20895319615629,97.8343949044586
ptbxl,sample_21363,MI,16,586.5885416666666,153.29972540544324,214.84375,102.28634850166482
ptbxl,sample_21584,MI,15,638.2533482142857,133.87797870743677,162.60572075533898,94.00655737704919
ptbxl,sample_21826,MI,16,627.2786458333334,196.32885205871528,152.82835405349198,95.65127140633108
ptbxl,sample_00009,NORM,14,684.7205528846154,288.29382234882297,428.57169726529855,87.6269884805266
ptbxl,sample_00038,NORM,14,699.3689903846154,211.0478039422512,181.05953337635896,85.79162191192266
ptbxl,sample_00040,NORM,9,935.05859375,13.810679320049756,17.31260274273278,64.16710182767623
ptbxl,sample_00057,NORM,20,468.75,129.25882640799747,249.3237780679687,128.0
ptbxl,sample_00059,NORM,11,850.5859375,21.32099335131877,22.257152231733958,70.53960964408725
ptbxl,sample_00075,NORM,12,731.5340909090909,307.305600673788,420.05527949984554,82.01941747572816
ptbxl,sample_00076,NORM,17,599.609375,261.2790315967214,435.972935202769,100.06514657980456
ptbxl,sample_00079,NORM,9,1014.404296875,22.865211220819983,15.659838393306115,59.148014440433215
ptbxl,sample_00093,NORM,12,843.8387784090909,28.203742261408156,28.513283829407094,71.10362966859547
ptbxl,sample_00100,NORM,14,722.65625,281.4790711197446,380.96890952947354,83.02702702702703
ptbxl,sample_00112,NORM,12,844.2826704545455,28.088231568814585,32.093118603818326,71.06624605678233
ptbxl,sample_00115,NORM,12,834.9609375,36.79969469026713,38.8789633542859,71.85964912280701
ptbxl,sample_00117,NORM,14,680.2133413461538,60.013738999154214,23.075271612561565,88.2076200993926
ptbxl,sample_00119,NORM,11,934.5703125,9.819728599608304,10.672914264814453,64.20062695924764
ptbxl,sample_00121,NORM,13,748.6979166666666,25.697221952130445,14.6484375,80.13913043478261
ptbxl,sample_00122,NORM,19,481.2282986111111,174.71867734998088,312.3832933497557,124.68094701240136
ptbxl,sample_00129,NORM,11,964.0842013888889,17.10920901825247,13.483106710433669,62.23522791221159
ptbxl,sample_00132,NORM,13,750.3255208333334,48.1726842023071,30.63498367893931,79.96529284164859
ptbxl,sample_00201,NORM,15,641.7410714285714,23.58992758635264,25.226854883123472,93.49565217391304
ptbxl,sample_00203,NORM,9,1083.984375,26.616607182392457,37.912048665460915,55.351351351351354
ptbxl,sample_00208,NORM,19,488.28125,148.03673465097648,282.7049965981036,122.88
ptbxl,sample_00241,NORM,25,386.3790760869565,67.21315354384305,126.25120092004492,155.2879120879121
ptbxl,sample_00243,NORM,12,791.9034090909091,47.18010758950551,36.31053211441056,75.76681614349775
ptbxl,sample_00245,NORM,15,628.1389508928571,19.400019510565542,19.578143825003227,95.52026651860078
ptbxl,sample_00252,NORM,12,795.8984375,26.565372087373913,33.116845620728846,75.38650306748467
ptbxl,sample_00334,NORM,9,1026.0009765625,25.763157693113683,24.133431768981854,58.47947650208209
ptbxl,sample_00361,NORM,14,680.9645432692307,13.755236786629302,11.960399134683486,88.11031439602868
ptbxl,sample_00364,NORM,8,1065.8482142857142,81.54512679369194,98.74877156326507,56.29319371727749
ptbxl,sample_00382,NORM,13,748.6979166666666,117.89436238038849,144.3079317421859,80.13913043478261
ptbxl,sample_00397,NORM,11,905.76171875,61.386790903795934,70.49611923081939,66.24258760107817
ptbxl,sample_00405,NORM,11,875.48828125,102.3464108704403,108.06115021287651,68.53318460680424
ptbxl,sample_00417,NORM,16,631.5104166666666,255.94154073037433,427.1673636006503,95.01030927835052
ptbxl,sample_00440,NORM,13,760.9049479166666,58.84597897320184,67.83419916723537,78.85347593582888
ptbxl,sample_00449,NORM,28,343.24363425925924,14.510999808621886,13.094960024609614,174.80295047418335
ptbxl,sample_00472,NORM,10,880.5338541666666,11.187928942763282,12.448778109357384,68.14048059149724
ptbxl,sample_00473,NORM,8,1093.052455357143,6.568288175142083,9.349874099182989,54.892150606253985
ptbxl,sample_00504,NORM,11,869.62890625,38.68428554543573,56.94288959809864,68.99494665918023
ptbxl,sample_00559,NORM,9,1055.2978515625,30.819516369374092,16.40342636203243,56.85598611914401
ptbxl,sample_00570,NORM,9,1083.3740234375,43.237219020582934,43.16330497880854,55.38253521126761
ptbxl,sample_00582,NORM,16,587.5651041666666,251.61322573346985,368.6904526630777,102.11634349030471
ptbxl,sample_00584,NORM,13,737.7115885416666,29.47818638876758,20.716018980074633,81.33259790402649
ptbxl,sample_00611,NORM,12,795.0106534090909,422.34955372955676,705.0094782415342,75.47068676716918
ptbxl,sample_00619,NORM,12,821.6441761363636,47.546205087351105,57.95962197548407,73.02431118314425
ptbxl,sample_00687,NORM,13,728.3528645833334,97.51928724094232,163.25755633944325,82.37765363128491
ptbxl,sample_00694,NORM,12,828.7464488636364,39.61347925661063,33.54602351038607,72.39850026780933
ptbxl,sample_00696,NORM,12,854.0482954545455,98.78388379925205,101.81571499201848,70.25363825363824
ptbxl,sample_00732,NORM,18,533.3754595588235,199.54317948747257,230.99044977403352,112.49111470113085
ptbxl,sample_00751,NORM,10,977.1050347222222,13.90625609589442,13.593174713940483,61.4058856191005
ptbxl,sample_00758,NORM,15,650.8091517857143,272.74194519787187,381.97251270844896,92.19292604501607
ptbxl,sample_00764,NORM,17,542.29736328125,214.25455392859266,317.037071298668,110.64040517726505
ptbxl,sample_00775,NORM,14,679.0865384615385,306.52670743348085,475.48332386745346,88.35398230088495
ptbxl,sample_00779,NORM,18,525.3331801470588,186.74810030053803,358.8451958334595,114.21323127392019
ptbxl,sample_00795,NORM,12,807.8835227272727,11.832866482026368,14.970419645269425,74.26813186813186
ptbxl,sample_00805,NORM,12,848.2776988636364,19.296799520233314,13.37213275159097,70.73155416012558
ptbxl,sample_00848,NORM,16,607.0963541666666,233.0975307691588,373.63658279546075,98.83109919571046
ptbxl,sample_00886,NORM,15,616.9782366071429,166.5627379089623,170.2748754450286,97.24816280384397
ptbxl,sample_00892,NORM,16,582.6822916666666,48.99061504977999,53.056971485839284,102.97206703910615
ptbxl,sample_00911,NORM,16,602.8645833333334,241.74231236353216,293.3550513059371,99.52483801295895
ptbxl,sample_00917,NORM,13,728.3528645833334,16.893188401812814,12.834545716265056,82.37765363128491
ptbxl,sample_00928,NORM,13,755.615234375,23.750298603133707,16.785928978328336,79.40549273021001
ptbxl,sample_00935,NORM,10,934.2447916666666,36.702383736261986,28.419059391657264,64.22299651567944
ptbxl,sample_00949,NORM,10,930.9895833333334,8.802615418613255,11.45121035113142,64.44755244755244
ptbxl,sample_00952,NORM,13,765.380859375,9.793328956369944,12.834545716265056,78.39234449760765
ptbxl,sample_00958,NORM,11,882.8125,40.90438370429627,34.25710478491079,67.96460176991151
ptbxl,sample_01016,NORM,10,1028.6458333333333,20.85938414384163,21.143198334581022,58.32911392405064
ptbxl,sample_01031,NORM,11,843.26171875,12.826099156800485,9.900329639157258,71.15228720324262
ptbxl,sample_01051,NORM,12,891.6015625,10.345213920618948,10.672914264814453,67.29463307776561
ptbxl,sample_01054,NORM,18,558.9384191176471,218.7281846139742,401.5853548782065,107.34635149023637
ptbxl,sample_01061,NORM,18,549.7472426470588,241.96453797696512,440.59435690522747,109.141065830721
ptbxl,sample_01078,NORM,14,697.8665865384615,84.30129089341737,82.50363890974512,85.97631862217438
ptbxl,sample_01084,NORM,14,711.3882211538462,126.64577139324517,209.1835475153502,84.34213305174234
ptbxl,sample_01094,NORM,17,565.185546875,226.71188165315652,442.12871830291357,106.1598272138229
ptbxl,sample_01100,NORM,14,710.2614182692307,9.050866171838852,11.877050390076842,84.47593865679535
ptbxl,sample_01101,NORM,15,665.4575892857143,198.18749182026812,254.05788972201395,90.16352201257861
ptbxl,sample_01113,NORM,9,888.0615234375,25.895023725093292,15.768212270448263,67.56288659793815
ptbxl,sample_01133,NORM,15,663.3649553571429,15.659838393306115,13.876917970185671,90.44794952681387
ptbxl,sample_01147,NORM,10,961.9140625,15.632627532795041,13.593174713940483,62.3756345177665
ptbxl,sample_01158,NORM,17,574.64599609375,62.26862358936309,105.25453264469233,104.4121083377589
ptbxl,sample_01166,NORM,13,705.9733072916666,366.009404378871,701.5387627431677,84.98904899135447
ptbxl,sample_01169,NORM,11,831.54296875,17.836937751038388,13.322514277136149,72.15502055196711
ptbxl,sample_01172,NORM,10,842.0138888888889,18.92855362892742,22.574758311653966,71.25773195876289
ptbxl,sample_01186,NORM,8,1169.7823660714287,37.70184162706343,46.834292219850774,51.291592128801426
ptbxl,sample_01197,NORM,13,771.0774739583334,84.276483051102,61.81585225902486,77.8131926121372
ptbxl,sample_01246,NORM,14,688.8521634615385,325.9770253432769,502.3229204114084,87.10141766630316
ptbxl,sample_01251,NORM,17,553.5888671875,217.28515625,290.8096437907661,108.38368246968027
ptbxl,sample_01266,NORM,11,897.4609375,108.59425740538931,105.48080563814877,66.85527747551687
ptbxl,sample_01280,NORM,14,680.2133413461538,22.76185212759268,32.60290628907899,88.2076200993926
ptbxl,sample_01282,NORM,14,695.2373798076923,87.65381648262871,52.49496556923873,86.30145867098867
ptbxl,sample_01287,NORM,12,777.2549715909091,175.52088711846415,160.80696219180146,77.19474585950884
ptbxl,sample_01311,NORM,20,480.8285361842105,169.66450944736852,219.21659087131903,124.78460716194549
ptbxl,sample_01315,NORM,11,816.40625,54.5575247359779,56.873063833516106,73.49282296650718
ptbxl,sample_01351,NORM,17,555.419921875,220.32614951991545,424.0950580299689,108.02637362637363
ptbxl,sample_01353,NORM,8,1007.9520089285714,13.769514759573036,18.486029771485263,59.52664359861592
ptbxl,sample_01355,NORM,12,821.2002840909091,95.7782853635251,102.10800391796585,73.06378378378378
ptbxl,sample_01458,NORM,9,919.189453125,123.87752639154124,184.51605105167172,65.27490039840637
ptbxl,sample_01468,NORM,13,786.9466145833334,23.723666301569704,31.265255065590082,76.2440537745605
ptbxl,sample_01479,NORM,10,964.0842013888889,21.577268202413496,25.605684769779092,62.23522791221159
ptbxl,sample_01487,NORM,10,861.5451388888889,39.45051967298445,39.100628364372476,69.64231738035264
ptbxl,sample_01491,NORM,12,850.9410511363636,13.298993828887786,12.544172440102665,70.51017214397496
ptbxl,sample_01494,NORM,9,1163.9404296875,40.34392828953132,30.38125242798907,51.54902988987939
ptbxl,sample_01498,NORM,11,896.97265625,221.1871545573408,282.7069258180465,66.89167120304845
ptbxl,sample_01589,NORM,9,972.900390625,17.06491325714993,16.609766880288305,61.67126725219573
ptbxl,sample_01617,NORM,9,977.783203125,38.33640881950291,19.090307175507824,61.36329588014981
ptbxl,sample_01618,NORM,12,800.78125,30.649130520459405,40.11639825477291,74.92682926829268
ptbxl,sample_01630,NORM,12,792.3473011363636,30.027582608820605,17.87402853293274,75.72436974789916
ptbxl,sample_01632,NORM,9,978.3935546875,28.102696370169284,37.46016066433469,61.325015595757954
ptbxl,sample_01639,NORM,7,1119.7916666666667,76.56316432534915,40.44195164228253,53.581395348837205
ptbxl,sample_01655,NORM,9,928.3447265625,16.800909730063513,13.68681422317842,64.63116370808679
ptbxl,sample_01697,NORM,11,867.67578125,18.564678870584466,21.345828529628907,69.15025323579066
ptbxl,sample_01700,NORM,9,1022.94921875,24.34420810074658,17.70169857763605,58.653937947494036
ptbxl,sample_01705,NORM,13,742.1875,243.62516607797292,166.3677540632896,80.84210526315789
ptbxl,sample_01708,NORM,13,792.6432291666666,80.4037057377706,89.98645410805085,75.69609856262834
ptbxl,sample_01717,NORM,7,1206.8684895833333,190.70284561997323,232.13652717427982,49.71544167228591
ptbxl,sample_01741,NORM,12,869.140625,53.799642659528594,53.73312751850502,69.03370786516854
ptbxl,sample_01746,NORM,9,1103.515625,178.7402853293274,180.19213216434107,54.3716814159292
ptbxl,sample_01757,NORM,19,482.5846354166667,144.53988587698524,280.5662133008105,124.33052276559864
ptbxl,sample_01775,NORM,11,860.83984375,12.19074434314714,16.757210515929362,69.69937606352808
ptbxl,sample_01780,NORM,8,996.7912946428571,19.819762668458043,20.52330763821369,60.19314205738279
ptbxl,sample_01790,NORM,12,725.7634943181819,9.334406968494577,10.58568524837832,82.67155963302751
ptbxl,sample_01825,NORM,10,932.0746527777778,16.45812859387751,15.916021497076779,64.37252619324796
ptbxl,sample_01835,NORM,14,665.5649038461538,264.4046697011764,342.6155096031911,90.1489841986456
ptbxl,sample_01838,NORM,7,1211.7513020833333,26.09755558732395,34.80181578360442,49.51511081262593
ptbxl,sample_01843,NORM,12,782.1377840909091,140.82183933260026,261.30119150724414,76.71282633371169
ptbxl,sample_01850,NORM,15,635.8119419642857,14.097014423548377,9.382509012016824,94.36752605595173
ptbxl,sample_01857,NORM,12,781.25,257.75515756710166,286.9291193824017,76.8
ptbxl,sample_01860,NORM,12,834.9609375,45.07023734068096,25.975461090371848,71.85964912280701
ptbxl,sample_01867,NORM,17,559.08203125,217.18363586940228,419.2229375868236,107.31877729257641
ptbxl,sample_01870,NORM,12,810.9907670454545,19.948490743331682,11.657555064759103,73.98357963875206
ptbxl,sample_01885,NORM,19,499.13194444444446,206.4315157333442,319.76885202868044,120.20869565217392
ptbxl,sample_01899,NORM,10,920.1388888888889,55.89226833884367,31.832042994153557,65.20754716981132
ptbxl,sample_01933,NORM,15,666.50390625,15.647285414620791,14.395859297428487,90.02197802197803
ptbxl,sample_01938,NORM,14,681.7157451923077,141.77738138425582,109.85423863249014,88.01322314049587
ptbxl,sample_01946,NORM,10,883.7890625,43.26182897136072,40.70637695442643,67.88950276243094
ptbxl,sample_01958,NORM,13,710.44921875,10.918300671385692,12.140264853673067,84.45360824742268
ptbxl,sample_01972,NORM,13,732.0149739583334,31.812177231869235,22.42423817527537,81.96553640911617
ptbxl,sample_01988,NORM,12,754.1725852272727,53.14705946583552,37.632517320308,79.55738669805768
ptbxl,sample_01993,NORM,12,772.3721590909091,242.46316474510513,340.5459811047284,77.68275862068965
ptbxl,sample_02045,NORM,16,615.234375,28.76896013853415,26.262347373070174,97.52380952380952
ptbxl,sample_02083,NORM,15,628.1389508928571,235.41036664983775,277.5053171559145,95.52026651860078
ptbxl,sample_02144,NORM,10,958.6588541666666,24.89755621871477,20.20623212554547,62.5874363327674
ptbxl,sample_02158,NORM,14,702.7493990384615,293.5951253346263,368.01854233398024,85.37894174238374
ptbxl,sample_02192,NORM,16,588.8671875,244.98180978049348,473.1759521093352,101.8905472636816
ptbxl,sample_02193,NORM,15,582.7985491071429,234.19970989415705,451.2351211185521,102.95152603231597
ptbxl,sample_02203,NORM,11,878.90625,15.268280468175227,16.992686375179932,68.26666666666667
ptbxl,sample_02224,NORM,16,612.3046875,192.12841228819983,241.73972931159597,97.99043062200957
ptbxl,sample_02226,NORM,14,724.5342548076923,9.463603942768682,10.453477033418887,82.81181959564542
ptbxl,sample_02238,NORM,7,1096.19140625,39.39676319129748,39.60800740365868,54.73496659242762
ptbxl,sample_02267,NORM,15,634.765625,279.0080645173723,484.2304932355837,94.52307692307693
ptbxl,sample_02270,NORM,13,746.6634114583334,27.500118328922316,22.616724436890976,80.35749318801089
ptbxl,sample_02277,NORM,17,547.79052734375,8.591298996476535,8.914755167727312,109.53091922005571
ptbxl,sample_02282,NORM,10,877.2786458333334,17.08984375,17.43512799937219,68.39332096474953
ptbxl,sample_02302,NORM,12,796.7862215909091,12.122398376216248,13.10196080566283,75.3025069637883
ptbxl,sample_02341,NORM,12,797.6740056818181,42.470518280152056,48.485123387915664,75.21869782971619
ptbxl,sample_02355,NORM,13,765.7877604166666,85.10503769394839,88.51723835462006,78.35069075451648
ptbxl,sample_02369,NORM,11,891.6015625,42.766054426861956,25.63153604821553,67.29463307776561
ptbxl,sample_02379,NORM,11,837.890625,17.101465542400646,14.189124165171464,71.60839160839161
ptbxl,sample_02386,NORM,12,750.1775568181819,173.46390156915677,194.73180275985615,79.98106508875739
ptbxl,sample_02387,NORM,16,568.359375,6.6027676150665355,6.905339660024878,105.56701030927834
ptbxl,sample_02416,NORM,21,441.650390625,118.26909504925314,228.1623749208286,135.85406301824213
ptbxl,sample_02427,NORM,10,877.2786458333334,34.09238291935777,34.569829732681384,68.39332096474953
ptbxl,sample_02432,NORM,13,732.0149739583334,350.6022481955091,486.43560987057657,81.96553640911617
ptbxl,sample_02449,NORM,11,887.20703125,9.504427943135699,10.548080563814876,67.62795817281233
ptbxl,sample_02455,NORM,16,603.515625,47.08090472478456,42.40704283920386,99.41747572815534
ptbxl,sample_02476,NORM,11,909.66796875,57.77650921398947,36.430711727863596,65.95813204508856
ptbxl,sample_02507,NORM,16,628.90625,77.14225647707617,80.14784910985686,95.40372670807453
ptbxl,sample_02551,NORM,11,860.83984375,196.53008605296407,275.8825071206741,69.69937606352808
ptbxl,sample_02560,NORM,9,1124.267578125,104.74905063161218,109.35444541395692,53.36807817589577
ptbxl,sample_02579,NORM,8,989.1183035714286,8.850849288818026,13.22271875754551,60.66008462623413
ptbxl,sample_02587,NORM,11,847.16796875,81.61586972253204,133.03610733671513,70.8242074927954
ptbxl,sample_02592,NORM,11,841.30859375,75.33012074960136,110.78474007318773,71.31746952988972
ptbxl,sample_02596,NORM,19,496.69053819444446,156.9468101170046,305.43245180522547,120.79956308028399
ptbxl,sample_02638,NORM,10,853.4071180555555,14.397628591271268,20.571654719668846,70.3064208518754
ptbxl,sample_02649,NORM,10,966.796875,102.77131435473237,111.33187270967142,62.06060606060606
ptbxl,sample_02694,NORM,13,657.958984375,309.0906565201079,590.4808760335777,91.19109461966605
ptbxl,sample_02764,NORM,13,824.3075284090909,276.4880941857601,361.11031230609933,72.78836833602585
ptbxl,sample_02779,NORM,11,834.9609375,19.666415972647417,18.34216743096459,71.85964912280701
ptbxl,sample_02785,NORM,12,834.0731534090909,8.68487010042301,10.125215504554552,71.93613624268228
ptbxl,sample_02786,NORM,13,751.5462239583334,235.3113908322079,318.85108908730837,79.83540877097997
ptbxl,sample_02789,NORM,17,552.67333984375,223.31928780737505,251.3897731290081,108.56322473771397
ptbxl,sample_02791,NORM,12,833.1853693181819,18.30536740191535,24.168688810087072,72.0127863612147
ptbxl,sample_02813,NORM,11,816.89453125,33.200731378182375,27.33212178344184,73.44889420203228
ptbxl,sample_02819,NORM,12,790.1278409090909,16.16766712795759,11.34663089709204,75.9370786516854
ptbxl,sample_02830,NORM,12,825.1953125,87.0730200201514,85.87366681126018,72.71005917159763
ptbxl,sample_02839,NORM,12,835.4048295454545,35.57788513763118,38.90961291628229,71.82146652497343
ptbxl,sample_02848,NORM,13,734.0494791666666,284.35134509847126,311.5692148522435,81.73835920177385
ptbxl,sample_02854,NORM,23,400.16867897727275,79.47181945384196,102.79340621103972,149.936772046589
ptbxl,sample_02871,NORM,16,563.1510416666666,227.59703414763445,439.1604463118304,106.54335260115607
ptbxl,sample_02910,NORM,14,679.8377403846154,135.56810146725317,228.20728507598372,88.25635359116022
ptbxl,sample_02913,NORM,10,922.3090277777778,26.570357612816583,21.213558590066853,65.05411764705882
ptbxl,sample_02920,NORM,13,783.69140625,284.39834605600464,367.5077653865384,76.5607476635514
ptbxl,sample_02921,NORM,9,974.12109375,44.97946134250421,60.90247856105712,61.59398496240601
ptbxl,sample_02928,NORM,10,966.2543402777778,267.0126676979354,195.98273672255348,62.09545199326221
ptbxl,sample_02929,NORM,13,756.4290364583334,28.12357683787511,21.33454339612556,79.32006455083378
ptbxl,sample_02935,NORM,8,1019.1127232142857,56.71313926011144,73.32352254727152,58.87474332648871
ptbxl,sample_02939,NORM,16,630.5338541666666,9.203008307581397,10.601760709800965,95.15745998967476
ptbxl,sample_02941,NORM,10,955.9461805555555,86.51600335271728,100.70615824532636,62.76503972758229
ptbxl,sample_02942,NORM,13,732.0149739583334,54.66919960221324,29.11133244330539,81.96553640911617
ptbxl,sample_02963,NORM,13,777.1809895833334,20.803024902558583,20.924225407302334,77.2020942408377
ptbxl,sample_02965,NORM,12,843.3948863636364,17.344765723226356,15.440808887540914,71.14105263157894
ptbxl,sample_02987,NORM,14,688.8521634615385,27.43815797825965,19.733651778942285,87.10141766630316
ptbxl,sample_03022,NORM,12,806.9957386363636,184.12918138244092,157.31448919518567,74.34983498349835
ptbxl,sample_03027,NORM,9,1100.4638671875,33.11041703761078,30.82642270366121,54.52246256239601
ptbxl,sample_03043,NORM,8,1018.4151785714286,33.099699957855165,30.49315428905468,58.915068493150685
ptbxl,sample_03060,NORM,16,593.75,209.08148715795457,401.5182937284749,101.05263157894737
ptbxl,sample_03073,NORM,8,973.0747767857143,26.552547866454073,18.9110514951534,61.66021505376344
ptbxl,sample_03103,NORM,21,472.412109375,129.699650342238,249.05870815751916,127.0077519379845
ptbxl,sample_03108,NORM,12,815.4296875,193.44813303772474,233.36574692610503,73.58083832335329
ptbxl,sample_03112,NORM,13,736.4908854166666,20.906954066837777,17.16892720686587,81.46740331491714
ptbxl,sample_03128,NORM,15,644.8800223214286,255.19205882597032,288.05092172302415,93.04056246619794
ptbxl,sample_03148,NORM,11,903.80859375,115.3752100336329,117.86371738432078,66.38573743922204
ptbxl,sample_03159,NORM,14,645.2824519230769,185.95168707491368,228.85063806475006,92.9825378346915
ptbxl,sample_03164,NORM,14,696.7397836538462,15.231533650835047,18.269811458857134,86.1153638814016
ptbxl,sample_03165,NORM,11,855.46875,51.86927038618305,57.957336636604346,70.13698630136986
ptbxl,sample_03174,NORM,11,873.53515625,33.54997172713727,32.87599263789739,68.68641699273337
ptbxl,sample_03235,NORM,19,487.4674479166667,176.02243270810132,291.18492241128433,123.08514190317194
ptbxl,sample_03320,NORM,13,716.1458333333334,359.68277810433136,553.7067099405713,83.78181818181818
ptbxl,sample_03350,NORM,11,870.60546875,94.31822202174915,75.73170653731668,68.91755468311834
ptbxl,sample_03384,NORM,13,769.4498697916666,171.46767936361468,190.40123075549346,77.97778952934955
ptbxl,sample_03406,NORM,14,666.6917067307693,15.647285414620793,13.738560397244573,89.99661971830986
ptbxl,sample_03414,NORM,13,754.39453125,12.229205711963699,12.834545716265056,79.53398058252426
ptbxl,sample_03435,NORM,17,570.98388671875,8.45140418249199,8.825157364404921,105.08177445216462
ptbxl,sample_03487,NORM,18,554.9172794117648,10.204549013953653,9.53399618640949,108.12422360248446
ptbxl,sample_03497,NORM,13,795.8984375,40.21083752714227,32.78797108064522,75.38650306748467
ptbxl,sample_03507,NORM,15,603.7248883928571,256.2545056178295,492.37690356564127,99.38301559792028
ptbxl,sample_03515,NORM,16,608.3984375,197.2887600250975,217.03617042112091,98.61958266452649
ptbxl,sample_03521,NORM,9,975.9521484375,71.92536005499886,96.26874242269855,61.47842401500938
ptbxl,sample_03522,NORM,16,573.8932291666666,262.2397414988203,454.1559377247119,104.54906409529212
ptbxl,sample_03537,NORM,12,806.9957386363636,45.91354623184155,56.099244595097936,74.34983498349835
ptbxl,sample_03558,NORM,16,594.4010416666666,212.72054388556157,214.90319160455337,100.94194961664842
ptbxl,sample_03585,NORM,11,871.09375,186.98614845948296,157.75170828728423,68.87892376681614
ptbxl,sample_03615,NORM,15,630.9291294642857,10.166532546404696,12.036824187922225,95.0978441127695
ptbxl,sample_03618,NORM,13,736.8977864583334,37.905582430009964,39.586112428296424,81.42241855328547
ptbxl,sample_03625,NORM,12,785.6889204545455,29.977012844012176,20.01357571476484,76.36610169491524
ptbxl,sample_03634,NORM,10,919.0538194444445,23.893096119634112,17.43512799937219,65.28453364817001
ptbxl,sample_03652,NORM,20,487.5102796052632,145.16972972215325,274.9784133607561,123.074327886136
ptbxl,sample_03657,NORM,20,491.6221217105263,137.08691275945884,263.54123242409054,122.04495556717198
ptbxl,sample_03665,NORM,11,903.80859375,148.0037307612702,259.73421319581445,66.38573743922204
ptbxl,sample_03669,NORM,15,633.7193080357143,123.2318323153395,89.41117579017956,94.67914144193725
ptbxl,sample_03702,NORM,12,822.0880681818181,190.89577285749343,228.47180068554653,72.98488120950324
ptbxl,sample_03704,NORM,14,679.4621394230769,288.2572412450198,431.4225740716633,88.30514096185738
ptbxl,sample_03712,NORM,13,732.421875,11.777786897568893,13.493149994292137,81.92
ptbxl,sample_03723,NORM,10,853.4071180555555,12.867340739617429,16.377451007078538,70.3064208518754
ptbxl,sample_03756,NORM,13,723.876953125,12.162561042986734,13.167966063735197,82.88701517706576
ptbxl,sample_03793,NORM,10,955.9461805555555,155.5192602290528,158.08930246642652,62.76503972758229
ptbxl,sample_03863,NORM,10,891.9270833333334,14.235722399524658,13.260230091797139,67.27007299270073
ptbxl,sample_03878,NORM,15,680.9645432692307,16.51220886925147,8.802615418613255,88.11031439602868
ptbxl,sample_03892,NORM,14,672.3257211538462,47.10436402149531,34.898733141913354,89.24245810055865
ptbxl,sample_03904,NORM,7,1103.515625,35.614419001582945,35.88119740405046,54.3716814159292
ptbxl,sample_03909,NORM,17,581.97021484375,244.35679719974578,318.4302627494763,103.09805977975878
ptbxl,sample_03918,NORM,10,843.0989583333334,17.94059870202523,16.286211015779216,71.16602316602317
ptbxl,sample_03923,NORM,10,893.5546875,131.06509308075732,129.84288110912834,67.14754098360656
ptbxl,sample_03926,NORM,11,871.58203125,308.4835923563283,345.7844956319378,68.84033613445378
ptbxl,sample_03937,NORM,12,825.1953125,93.66858443970155,103.4073173073602,72.71005917159763
ptbxl,sample_03984,NORM,15,584.5424107142857,217.43537485285432,410.4557271490363,102.64439140811457
ptbxl,sample_03986,NORM,21,473.88980263157896,149.60217955061188,280.6048116051339,126.6117136659436
ptbxl,sample_03990,NORM,11,852.5390625,69.40543880691845,107.95077733587519,70.37800687285224
ptbxl,sample_04025,NORM,17,580.74951171875,110.6646661711661,153.3648837151652,103.3147661586968
ptbxl,sample_04059,NORM,8,989.8158482142857,292.46259289443543,365.3799164813522,60.61733615221988
ptbxl,sample_04066,NORM,12,808.3274147727273,17.10568969104909,14.319217088491387,74.22734761120263
ptbxl,sample_04079,NORM,11,911.62109375,380.0101961474526,686.9858639968824,65.8168184252812
ptbxl,sample_04090,NORM,14,727.5390625,88.87970665023468,148.96579892672656,82.46979865771812
ptbxl,sample_04097,NORM,14,707.2566105769231,173.561447734779,306.4361992334504,84.8348380244291
ptbxl,sample_04103,NORM,13,728.759765625,30.89038971611234,28.66113007343382,82.33165829145729
ptbxl,sample_04110,NORM,13,782.470703125,303.70026820314234,369.61603491572646,76.6801872074883
ptbxl,sample_04123,NORM,12,780.3622159090909,132.37408578461861,227.2947907575481,76.88737201365188
ptbxl,sample_04224,NORM,14,648.2872596153846,279.21230820455594,412.6361776273057,92.5515643105446
ptbxl,sample_04229,NORM,11,838.8671875,191.88894016186893,208.84768253195722,71.52502910360884
ptbxl,sample_04235,NORM,16,638.3463541666666,273.64585360204507,531.2898124074017,93.99286078531362
ptbxl,sample_04239,NORM,12,795.0106534090909,196.05350378430532,130.39943658437883,75.47068676716918
ptbxl,sample_04261,NORM,11,926.7578125,323.15874767519716,338.70986281528405,64.7418335089568
ptbxl,sample_04266,NORM,13,728.3528645833334,176.67702694107228,216.46189761327886,82.37765363128491
ptbxl,sample_04295,NORM,14,683.59375,90.07873764337052,89.64760419116156,87.77142857142857
ptbxl,sample_04354,NORM,11,888.671875,28.00236089532105,15.005768973458474,67.51648351648352
ptbxl,sample_04414,NORM,15,618.0245535714286,283.1041192634098,545.8260001651098,97.08352144469526
ptbxl,sample_04417,NORM,16,609.0494791666666,109.45510525871693,113.96052211898757,98.51416354890434
ptbxl,sample_04506,NORM,10,951.0633680555555,65.45417795442022,72.01113869019836,63.087278950370795
ptbxl,sample_04542,NORM,12,814.9857954545455,31.22363278612165,32.53580322062047,73.62091503267973
ptbxl,sample_04556,NORM,12,707.5639204545455,4.608788122307319,4.085254035810916,84.79799247176913
ptbxl,sample_04565,NORM,9,906.982421875,369.52785443146024,483.10241883323204,66.15343203230148
ptbxl,sample_04609,NORM,13,784.0983072916666,247.87151351927673,303.11716886520566,76.52101712506487
ptbxl,sample_04672,NORM,15,669.9916294642857,97.00009755282771,167.09473241805972,89.55335762623635
ptbxl,sample_04704,NORM,14,724.5342548076923,151.47922052035844,176.8966887962578,82.81181959564542
ptbxl,sample_04719,NORM,12,831.8536931818181,123.6474818060162,93.94815484265693,72.12806830309499
ptbxl,sample_04747,NORM,10,886.5017361111111,13.172537480662962,14.95049891835436,67.68176254589963
ptbxl,sample_04786,NORM,14,722.2806490384615,152.26315103698576,237.8210407583151,83.07020280811233
ptbxl,sample_04805,NORM,16,570.6380208333334,232.38191417551633,402.78446858010756,105.14546491728464
ptbxl,sample_04820,NORM,12,660.5113636363636,304.2277533289036,530.3372789032761,90.83870967741936
ptbxl,sample_04822,NORM,17,567.93212890625,8.498291666732104,10.396301707468302,105.64642665233745
ptbxl,sample_04836,NORM,11,876.953125,12.00461517876678,13.90625609589442,68.41870824053453
ptbxl,sample_04873,NORM,14,671.9501201923077,4.691254506008412,5.459150335692846,89.29234209055338
ptbxl,sample_04880,NORM,11,829.1015625,32.61712252571706,23.586225172834375,72.36749116607774
ptbxl,sample_04900,NORM,13,773.1119791666666,11.466972520121663,16.32774694402479,77.60842105263158
ptbxl,sample_04922,NORM,14,690.3545673076923,87.67648023817664,151.17674301418614,86.91186071817194
ptbxl,sample_04945,NORM,12,876.6867897727273,121.80368608955057,214.73274831343772,68.43949367088608
ptbxl,sample_04951,NORM,12,814.9857954545455,21.994839654185988,21.283686247757196,73.62091503267973
ptbxl,sample_04960,NORM,15,613.8392857142857,259.7364547805209,494.0353564425724,97.74545454545455
ptbxl,sample_05000,NORM,13,706.787109375,8.097228492078614,8.196992770161305,84.89119170984456
ptbxl,sample_05067,NORM,13,792.236328125,9.793328956369944,9.4268290933928,75.73497688751927
ptbxl,sample_05099,NORM,12,764.3821022727273,16.1004974684711,16.84393389712924,78.49477351916377
ptbxl,sample_05126,NORM,12,840.2876420454545,61.62622186151826,68.359375,71.4041204437401
ptbxl,sample_05151,NORM,16,551.1067708333334,219.78752461195594,424.5239733429328,108.87182516243354
ptbxl,sample_05172,NORM,11,812.98828125,9.833207986323709,11.508899433374797,73.8018018018018
ptbxl,sample_05182,NORM,11,892.08984375,12.826099156800485,18.62878115602148,67.25779967159278
ptbxl,sample_05217,NORM,11,907.71484375,166.13446139936937,170.23058991301548,66.10005379236148
ptbxl,sample_05252,NORM,24,408.24558423913044,6.373066089453557,7.578733611045753,146.97035881435258
ptbxl,sample_05269,NORM,17,565.7958984375,233.47044276973205,446.0728272421175,106.0453074433657
ptbxl,sample_05275,NORM,12,812.3224431818181,17.09301411339802,24.365185448973925,73.86229508196722
ptbxl,sample_05281,NORM,11,801.7578125,6.00230758938339,6.089937152952379,74.83556638246041
ptbxl,sample_05298,NORM,12,794.1228693181819,268.56598633256147,332.83450631469987,75.5550586920067
ptbxl,sample_05304,NORM,11,847.16796875,234.7392324971608,191.67760182021993,70.8242074927954
ptbxl,sample_05316,NORM,9,994.873046875,71.51278572205473,115.1202285367147,60.30920245398773
ptbxl,sample_05331,NORM,13,740.966796875,32.195946308266016,16.39398554032261,80.97528830313014
ptbxl,sample_05336,NORM,17,584.41162109375,15.411830177818974,16.243456965982617,102.66736292428199
ptbxl,sample_05370,NORM,14,659.1796875,17.492012744307193,11.187928942763282,91.02222222222223
ptbxl,sample_05373,NORM,11,877.44140625,12.40614518239551,16.194456984157227,68.38063439065108
ptbxl,sample_05383,NORM,13,760.9049479166666,285.9362002584976,308.29636760697,78.85347593582888
ptbxl,sample_05395,NORM,10,938.5850694444445,15.590205127496759,14.546356552506085,63.92601156069364
ptbxl,sample_05428,NORM,11,843.26171875,204.35411321241537,216.78318900745353,71.15228720324262
ptbxl,sample_05452,NORM,10,961.9140625,18.43221297673523,13.260230091797139,62.3756345177665
ptbxl,sample_05519,NORM,16,617.1875,250.65119265031012,384.4043786920178,97.21518987341773
ptbxl,sample_05530,NORM,13,740.5598958333334,15.487528537085138,18.269811458857134,81.01978021978022
ptbxl,sample_05544,NORM,13,791.015625,162.4256737661937,135.16421672937062,75.85185185185185
ptbxl,sample_05566,NORM,14,738.0558894230769,20.117163189243467,14.512170003358568,81.29465648854962
ptbxl,sample_05567,NORM,11,856.4453125,11.554843326366438,10.421751688530028,70.05701254275941
ptbxl,sample_05600,NORM,11,880.37109375,99.77757831639452,111.404719782862,68.153078202995
ptbxl,sample_05605,NORM,10,962.4565972222222,37.2219942253557,27.241105474147215,62.34047350620068
ptbxl,sample_05725,NORM,9,1068.7255859375,130.77078547413507,125.16991102766714,56.14163335237007
ptbxl,sample_05737,NORM,11,796.38671875,88.86331216748611,93.20077019674746,75.340282035561
ptbxl,sample_05743,NORM,9,960.693359375,25.135815773894045,17.98799798859881,62.45489199491741
ptbxl,sample_05753,NORM,17,523.681640625,207.96807376666604,396.50722494193263,114.57342657342657
ptbxl,sample_05771,NORM,13,798.7467447916666,31.88023687942503,25.542120704573513,75.1176770249618
ptbxl,sample_05784,NORM,17,579.1015625,232.82803038369784,326.6926337320976,103.60876897133221
ptbxl,sample_05816,NORM,11,919.43359375,101.6972617718562,102.5390625,65.25756771109931
ptbxl,sample_05824,NORM,11,836.9140625,6.591294508892118,10.672914264814453,71.69194865810968
ptbxl,sample_05831,NORM,12,775.0355113636364,36.74074912192841,34.35363105339426,77.41580756013745
ptbxl,sample_05835,NORM,9,891.7236328125,22.893124001777394,32.96221359015251,67.28542094455852
ptbxl,sample_05837,NORM,10,970.5946180555555,95.05124723162524,149.07579214783465,61.81777529346004
ptbxl,sample_05855,NORM,15,664.4112723214286,31.84438657750154,21.067162954297114,90.30551181102362
ptbxl,sample_05914,NORM,12,846.5021306818181,30.67033854780664,28.55506155705751,70.87991609858416
ptbxl,sample_05915,NORM,8,1112.583705357143,16.299276570239847,24.08634210115355,53.928526645768024
ptbxl,sample_05916,NORM,11,938.96484375,43.55476048667278,26.694693142670452,63.90015600624025
ptbxl,sample_05918,NORM,14,696.7397836538462,201.10020632220903,229.8771220377722,86.1153638814016
ptbxl,sample_05924,NORM,13,756.8359375,18.030980123925694,18.50556071171505,79.27741935483871
ptbxl,sample_05946,NORM,12,831.8536931818181,10.071557386997,15.049838874435977,72.12806830309499
ptbxl,sample_05947,NORM,10,898.4375,17.08984375,15.916021497076779,66.78260869565217
ptbxl,sample_05973,NORM,12,851.8288352272727,200.56848361424628,240.40104736506194,70.43668577384054
ptbxl,sample_05975,NORM,14,659.9308894230769,18.143898094598015,21.65386506453462,90.91861126920888
ptbxl,sample_05977,NORM,8,989.8158482142857,36.180540790931985,41.62341097833471,60.61733615221988
ptbxl,sample_05992,NORM,13,775.146484375,169.5567386357708,108.50595801319297,77.40472440944882
ptbxl,sample_06000,NORM,11,875.48828125,17.98484192260582,20.970212771362508,68.53318460680424
ptbxl,sample_06004,NORM,12,829.6342329545455,46.602323026351534,35.04077171486163,72.32102728731942
ptbxl,sample_06046,NORM,16,629.5572916666666,259.3049069021566,397.1513779207371,95.30506721820062
ptbxl,sample_06047,NORM,17,509.6435546875,178.25832619644376,342.46354254788434,117.72934131736527
ptbxl,sample_06050,NORM,11,918.9453125,20.690427841237895,25.162149794499197,65.2922422954304
ptbxl,sample_06075,NORM,19,520.8333333333334,251.53663956695186,385.9166640498516,115.19999999999999
ptbxl,sample_06087,NORM,11,894.53125,206.73520336123397,252.2628943335313,67.07423580786026
ptbxl,sample_06103,NORM,10,898.4375,17.08984375,16.914558667664817,66.78260869565217
ptbxl,sample_06131,NORM,13,713.7044270833334,36.5890208352507,26.129372607886076,84.06841505131129
ptbxl,sample_06151,NORM,12,755.5042613636364,351.25102106869696,540.3886046681367,79.41715628672151
ptbxl,sample_06188,NORM,12,798.5617897727273,30.44335789982142,27.578166496958865,75.13507504168983
ptbxl,sample_06189,NORM,19,513.2378472222222,214.59482315822174,278.16405895053566,116.9048625792812
ptbxl,sample_06200,NORM,17,513.00048828125,190.52121823708052,369.4130835611434,116.95895300416419
ptbxl,sample_06207,NORM,10,950.5208333333334,48.39899316796633,58.51740631936955,63.12328767123287
ptbxl,sample_06208,NORM,15,678.0133928571429,217.96971544426586,232.47757720731735,88.49382716049382
ptbxl,sample_06222,NORM,12,784.3572443181819,38.15303130154207,23.263924315569522,76.49575551782682
ptbxl,sample_06227,NORM,9,982.0556640625,12.084344405043536,14.175782249512817,61.09633312616532
ptbxl,sample_06235,NORM,12,821.6441761363636,19.0480898926904,13.982247132105813,73.02431118314425
ptbxl,sample_06239,NORM,10,951.0633680555555,16.69782269586848,21.836601342771385,63.087278950370795
ptbxl,sample_06262,NORM,11,889.6484375,45.73538747313407,18.34216743096459,67.4423710208562
ptbxl,sample_06265,NORM,14,653.5456730769231,8.653778771466877,10.261653819106845,91.80689655172414
ptbxl,sample_06295,NORM,19,537.6838235294117,200.95222372437098,239.19863844933744,111.5897435897436
ptbxl,sample_06312,NORM,14,646.0336538461538,309.7308787782124,438.1082938106889,92.87441860465117
ptbxl,sample_06341,NORM,11,840.33203125,49.765843887153814,84.24325712635112,71.40034863451481
ptbxl,sample_06381,NORM,10,996.09375,263.9881638850248,302.236824941179,60.23529411764706
ptbxl,sample_06437,NORM,15,639.9972098214286,7.531444878048703,8.671421559957329,93.75040871934605
ptbxl,sample_06465,NORM,9,1042.48046875,174.7123066197768,125.38740886507433,57.55503512880562
ptbxl,sample_06498,NORM,10,922.8515625,10.918300671385692,12.685919000748614,65.01587301587301
ptbxl,sample_06528,NORM,11,855.95703125,18.564678870584466,12.288141984490153,70.0969766115231
ptbxl,sample_06577,NORM,12,851.3849431818181,65.26451017000605,29.215381448538263,70.47340980187695
ptbxl,sample_06670,NORM,10,946.1805555555555,21.531179289262617,32.754902014157075,63.41284403669725
ptbxl,sample_06672,NORM,11,908.203125,17.224943431410093,21.77585963583928,66.06451612903226
ptbxl,sample_06728,NORM,11,872.55859375,12.19074434314714,16.914558667664817,68.76329043088975
ptbxl,sample_06776,NORM,13,716.1458333333334,153.35640393218767,175.50359819187094,83.78181818181818
ptbxl,sample_06902,NORM,15,634.4168526785714,8.87302264119901,10.402180306585208,94.57504123144585
ptbxl,sample_06911,NORM,18,541.1305147058823,20.001308734933367,22.20874682453644,110.87898089171975
ptbxl,sample_06924,NORM,13,752.7669270833334,226.11772493239323,375.2841450934869,79.70594594594594
ptbxl,sample_06951,NORM,13,764.5670572916666,13.725407153063657,12.05066757856732,78.47578499201704
ptbxl,sample_07007,NORM,13,755.615234375,225.9671032195814,213.6652124579311,79.40549273021001
ptbxl,sample_07034,NORM,19,500.7595486111111,167.50606762177466,280.28864896464296,119.81798483206934
ptbxl,sample_07053,NORM,13,793.0501302083334,13.88242359149738,14.044115784407293,75.65726013340173
ptbxl,sample_07069,NORM,10,898.4375,23.920798269366973,18.673167164036077,66.78260869565217
ptbxl,sample_07080,NORM,14,697.8665865384615,8.329821115453484,9.4555257475767,85.97631862217438
ptbxl,sample_07161,NORM,12,738.6363636363636,340.24543899497064,567.293721490791,81.23076923076923
ptbxl,sample_07170,NORM,10,926.6493055555555,15.967949927041492,14.850494458735888,64.74941451990632
ptbxl,sample_07190,NORM,9,947.8759765625,12.084344405043536,12.652313858270825,63.299420476497104
ptbxl,sample_07213,NORM,10,998.8064236111111,36.46705159897148,29.851121241790732,60.07170016295492
ptbxl,sample_07217,NORM,18,535.0988051470588,206.2450727938398,301.0066785356619,112.12882447665058
ptbxl,sample_07221,NORM,14,707.6322115384615,172.68483126408475,182.08264674472628,84.78980891719745
ptbxl,sample_07258,NORM,11,857.421875,299.2597135254308,391.02491464503305,69.97722095671982
ptbxl,sample_07323,NORM,12,848.2776988636364,35.82074041518469,53.040920367188555,70.73155416012558
ptbxl,sample_07328,NORM,7,1256.5104166666667,3.986799711561162,3.7822102990306807,47.751295336787564
ptbxl,sample_07348,NORM,13,762.939453125,175.7457967127532,189.63128447964544,78.6432
ptbxl,sample_07363,NORM,14,704.6274038461538,138.3997381213221,119.48765310775238,85.15138592750533
ptbxl,sample_07376,NORM,11,858.88671875,296.39784631259846,410.86609787764144,69.85787379192723
ptbxl,sample_07443,NORM,14,652.4188701923077,297.8618246445681,449.3425723823008,91.96545768566493
ptbxl,sample_07445,NORM,11,855.46875,10.242273907911636,10.796304656104818,70.13698630136986
ptbxl,sample_07491,NORM,15,591.1690848214286,248.4628243549833,483.0112996681951,101.49380530973451
ptbxl,sample_07530,NORM,13,698.6490885416666,13.566573563762478,15.856330876679467,85.88002329644729
ptbxl,sample_07543,NORM,18,565.5445772058823,9.801462276396803,9.689030680168178,106.09243270695785
ptbxl,sample_07560,NORM,15,612.79296875,201.93975330838714,240.88118688897285,97.91235059760956
ptbxl,sample_07561,NORM,15,637.5558035714286,67.86702107884138,59.617705572114176,94.10940919037199
ptbxl,sample_07597,NORM,10,903.8628472222222,15.905615466871797,12.084344405043536,66.38175270108043
ptbxl,sample_07621,NORM,18,541.4177389705883,8.258009804680357,8.631674575031099,110.82015915119362
ptbxl,sample_07644,NORM,14,677.2085336538462,31.918347833051705,29.262946934188154,88.5990016638935
ptbxl,sample_07770,NORM,13,759.27734375,155.88196846879248,132.88396045013482,79.02250803858522
ptbxl,sample_07783,NORM,16,634.1145833333334,200.4831971168535,301.3162755506674,94.62012320328542
ptbxl,sample_07793,NORM,12,836.7365056818181,176.69133881584438,210.57889620543557,71.70716180371353
ptbxl,sample_07797,NORM,12,843.3948863636364,196.5426459432171,231.68417921585794,71.14105263157894
ptbxl,sample_07819,NORM,11,834.47265625,211.33109839026773,218.82046972247318,71.9016968987712
ptbxl,sample_07842,NORM,13,717.3665364583334,157.26568538371342,175.0027148543982,83.6392512762337
ptbxl,sample_07848,NORM,7,1198.73046875,31.906854009188557,43.9453125,50.05295315682281
ptbxl,sample_07880,NORM,19,516.7643229166666,199.16812733139548,380.39327094626464,116.10708661417324
ptbxl,sample_07889,NORM,26,376.171875,10.211189545155028,15.790696542913619,159.50155763239874
ptbxl,sample_07892,NORM,11,905.76171875,11.098780677885625,7.80571536997513,66.24258760107817
ptbxl,sample_07905,NORM,13,775.9602864583334,22.851100898196535,26.418103722241675,77.32354483481909
ptbxl,sample_07950,NORM,14,710.6370192307693,63.11921727775234,31.13790115512531,84.43128964059196
ptbxl,sample_08076,NORM,17,565.185546875,244.11132636697653,469.4953925922645,106.1598272138229
ptbxl,sample_08116,NORM,14,679.4621394230769,144.4471806048209,95.21484375,88.30514096185738
ptbxl,sample_08126,NORM,12,762.6065340909091,163.684492065627,119.524228756205,78.67753201396972
ptbxl,sample_08133,NORM,11,891.6015625,238.9996924688754,300.798688110575,67.29463307776561
ptbxl,sample_08138,NORM,10,926.1067708333334,67.87811901590744,71.92831964187614,64.78734622144113
ptbxl,sample_08140,NORM,10,894.0972222222222,8.259189099196142,9.91703906815913,67.10679611650485
ptbxl,sample_08147,NORM,13,726.7252604166666,13.94084882619814,10.41019122830129,82.56215005599104
ptbxl,sample_08164,NORM,9,1072.3876953125,26.608608201841456,26.871317360851315,55.949914627205466
ptbxl,sample_08170,NORM,12,764.8259943181819,36.09800419512759,39.33619933813053,78.4492164828787
ptbxl,sample_08203,NORM,9,974.7314453125,23.480693434657404,13.810679320049756,61.5554164057608
ptbxl,sample_08208,NORM,13,752.7669270833334,28.912107981621347,35.08713218282938,79.70594594594594
ptbxl,sample_08215,NORM,14,687.3497596153846,191.0978554617485,200.1953125,87.29180327868852
ptbxl,sample_08219,NORM,16,603.1901041666666,253.24719869663605,489.8534259722673,99.47112790070157
ptbxl,sample_08224,NORM,11,868.65234375,222.41018875805844,250.83592849690083,69.0725126475548
ptbxl,sample_08246,NORM,9,995.4833984375,270.08413785061697,197.25595582738433,60.2722256284488
ptbxl,sample_08254,NORM,12,803.4446022727273,265.961948408328,381.80971177519746,74.67845303867404
ptbxl,sample_08263,NORM,15,614.5368303571429,11.627174820382772,15.321573057670626,97.63450624290579
ptbxl,sample_08277,NORM,18,535.0988051470588,212.55003132271253,374.38787727944475,112.12882447665058
ptbxl,sample_08410,NORM,12,798.5617897727273,170.316582536166,185.244665483484,75.13507504168983
ptbxl,sample_08461,NORM,23,427.02414772727275,8.75116778090746,9.530274149888019,140.5072765072765
ptbxl,sample_08492,NORM,15,643.1361607142857,202.75256596620628,205.24350160018727,93.29284164859003
ptbxl,sample_08496,NORM,12,816.7613636363636,214.0554040898382,258.0463620306928,73.4608695652174
ptbxl,sample_08507,NORM,18,532.2265625,24.717354408345443,24.444561028443342,112.73394495412845
ptbxl,sample_08535,NORM,13,735.6770833333334,39.025491464926766,24.056327956035563,81.5575221238938
ptbxl,sample_08538,NORM,10,933.1597222222222,66.92501713077992,50.30126410653446,64.29767441860466
ptbxl,sample_08541,NORM,10,968.4244791666666,26.181165270418965,27.78273114438731,61.9563025210084
ptbxl,sample_08555,NORM,12,819.8686079545455,336.68367452205797,449.9903148032722,73.18245804006497
ptbxl,sample_08645,NORM,10,853.9496527777778,13.906256095894419,7.32421875,70.26175349428208
ptbxl,sample_08663,NORM,10,946.1805555555555,45.20082707356386,43.1928857738138,63.41284403669725
ptbxl,sample_08688,NORM,15,617.3270089285714,13.22932186345397,13.059899827759699,97.19322033898305
ptbxl,sample_08727,NORM,12,772.8160511363636,14.984890813119325,15.440808887540914,77.63813900057438
ptbxl,sample_08765,NORM,14,720.4026442307693,38.27199938923494,52.01971619302372,83.28675703858185
ptbxl,sample_08774,NORM,12,828.3025568181819,7.331613218061995,10.472466108167586,72.43729903536978
ptbxl,sample_08778,NORM,12,795.4545454545455,264.12770336855124,210.25597003893068,75.42857142857143
ptbxl,sample_08833,NORM,16,555.9895833333334,223.03335940854998,431.619240465956,107.91569086651053
ptbxl,sample_08844,NORM,13,745.849609375,11.615646402813853,11.592298346236324,80.44517184942717
ptbxl,sample_08853,NORM,13,728.759765625,91.32829378514276,95.22906999636277,82.33165829145729
ptbxl,sample_08872,NORM,10,835.5034722222222,329.602904512309,621.9742968851026,71.81298701298702
ptbxl,sample_08902,NORM,10,1053.0598958333333,117.00934537423592,131.77941134832125,56.97681607418857
ptbxl,sample_08916,NORM,12,806.9957386363636,29.304272266877135,29.781153675736146,74.34983498349835
ptbxl,sample_08922,NORM,12,850.9410511363636,184.41382706123886,199.47947476382322,70.51017214397496
ptbxl,sample_08963,NORM,11,897.4609375,234.84698208414798,272.1410626034141,66.85527747551687
ptbxl,sample_09002,NORM,15,665.1088169642857,14.482049236133781,16.914558667664817,90.21080230728894
ptbxl,sample_09010,NORM,7,1185.7096354166667,31.099593286011615,37.56910949545185,50.602608098833215
ptbxl,sample_09036,NORM,10,938.0425347222222,238.2147579842509,262.99849815084883,63.96298438403702
ptbxl,sample_09056,NORM,12,831.8536931818181,288.1874881205206,336.14183465884236,72.12806830309499
ptbxl,sample_09133,NORM,18,527.6309742647059,7.999208663622255,8.279211405182211,113.71584104518237
ptbxl,sample_09164,NORM,10,996.6362847222222,54.779218025867245,50.508205238225585,60.20250408274361
ptbxl,sample_09174,NORM,14,720.7782451923077,30.463067301670097,44.951056248832934,83.24335591453881
ptbxl,sample_09178,NORM,11,820.3125,15.61143073995026,12.815768024107765,73.14285714285714
ptbxl,sample_09187,NORM,8,1074.916294642857,24.156942180566915,35.32313543979607,55.818299805321224
ptbxl,sample_09196,NORM,12,774.1477272727273,13.700381199140978,12.826099156800485,77.5045871559633
ptbxl,sample_09229,NORM,15,647.6702008928571,19.400019510565542,17.5007478323644,92.63974151857836
ptbxl,sample_09272,NORM,8,1109.7935267857142,25.0112962179055,17.14787394670042,54.06411062225016
ptbxl,sample_09282,NORM,10,1001.5190972222222,19.75042496665299,18.51287950207898,59.90899241603467
ptbxl,sample_09286,NORM,15,646.6238839285714,12.806678825784191,14.710904467823122,92.78964401294498
ptbxl,sample_09303,NORM,10,1011.8272569444445,54.41531308074262,52.67443606052592,59.29865951742627
ptbxl,sample_09338,NORM,15,637.5558035714286,19.41014566323971,16.194456984157227,94.10940919037199
ptbxl,sample_09353,NORM,13,770.1526988636364,267.95112315302987,315.07196603398023,77.90662824207493
ptbxl,sample_09396,NORM,11,878.41796875,41.46080022530035,43.3383038922342,68.30461367426348
ptbxl,sample_09410,NORM,15,628.1389508928571,238.29084874224606,360.74140660706365,95.52026651860078
ptbxl,sample_09449,NORM,13,763.3463541666666,22.06698633255962,27.106506819552603,78.60127931769723
ptbxl,sample_09461,NORM,11,841.796875,21.98169663559132,30.579905970143127,71.27610208816705
ptbxl,sample_09475,NORM,10,1010.7421875,120.7694356057777,139.66252182581619,59.36231884057971
ptbxl,sample_09557,NORM,13,748.6979166666666,8.914755167727312,9.311158098101487,80.13913043478261
ptbxl,sample_09582,NORM,13,735.2701822916666,41.40369195817411,36.53962291771427,81.6026563364693
ptbxl,sample_09589,NORM,11,911.1328125,31.993912435691705,25.579807365725443,65.85209003215434
ptbxl,sample_09616,NORM,19,501.84461805555554,169.38218816757177,326.0534379843076,119.55891891891892
ptbxl,sample_09689,NORM,13,753.5807291666666,28.572766986891004,31.91704192515545,79.61987041036717
ptbxl,sample_09702,NORM,12,846.9460227272727,96.73302950516886,102.2363463148625,70.84276729559748
ptbxl,sample_09740,NORM,16,573.2421875,215.02440152516547,414.5751411922993,104.66780238500851
ptbxl,sample_09744,NORM,22,442.47581845238096,99.200151643476,190.02235080361373,135.60063058328953
ptbxl,sample_09752,NORM,14,657.3016826923077,12.53442181877687,11.623418666248128,91.2822857142857
ptbxl,sample_09753,NORM,11,890.625,26.465464354398236,26.793746147712124,67.36842105263158
ptbxl,sample_09773,NORM,13,758.4635416666666,236.2478928734245,326.53834522013386,79.10729613733906
ptbxl,sample_09803,NORM,12,834.9609375,14.319217088491387,11.86031035301867,71.85964912280701
ptbxl,sample_09850,NORM,11,917.96875,9.490481599683106,9.490481599683106,65.36170212765957
ptbxl,sample_09865,NORM,15,623.9536830357143,279.06839101748307,444.5835175109457,96.16098378982672
ptbxl,sample_09892,NORM,15,620.1171875,268.9129766868344,406.03975351903716,96.75590551181102
ptbxl,sample_09930,NORM,18,534.2371323529412,214.55960174285303,310.56280515106494,112.30967741935483
ptbxl,sample_09952,NORM,17,528.25927734375,193.2197349145243,375.91737223475604,113.58058925476602
ptbxl,sample_09979,NORM,11,879.39453125,224.5203108819067,198.62106523563543,68.22876179900055
ptbxl,sample_09981,NORM,10,948.3506944444445,19.18917012134049,17.08984375,63.267734553775746
ptbxl,sample_09982,NORM,18,512.9825367647059,175.30138925913465,335.2091678556048,116.96304591265398
ptbxl,sample_09992,NORM,10,904.9479166666666,24.89755621871477,29.95079137301098,66.3021582733813
ptbxl,sample_09994,NORM,12,850.0532670454545,17.801122606236344,14.970419645269425,70.58381201044386
ptbxl,sample_09995,NORM,14,674.9549278846154,20.441229002135326,15.505012112026083,88.89482470784641
ptbxl,sample_10029,NORM,13,795.0846354166666,172.2920719569824,120.31767382525825,75.46366427840329
ptbxl,sample_10093,NORM,21,461.9140625,141.21021948978483,271.5633094142024,129.89429175475686
ptbxl,sample_10141,NORM,11,872.0703125,208.98336091394665,234.29021361369266,68.80179171332587
ptbxl,sample_10143,NORM,15,670.3404017857143,256.8822662810025,353.3810263245445,89.50676378772111
ptbxl,sample_10151,NORM,11,881.34765625,35.603259853885675,33.59337148527066,68.07756232686981
ptbxl,sample_10152,NORM,15,635.1143973214286,16.856372878901805,11.411100909677968,94.47116968698518
ptbxl,sample_10181,NORM,9,1046.7529296875,71.18758352617574,86.91641374227356,57.3201166180758
ptbxl,sample_10206,NORM,9,915.52734375,56.099244595097936,30.437254784139828,65.536
ptbxl,sample_10214,NORM,11,903.3203125,40.066841227510324,30.967281234440833,66.42162162162163
ptbxl,sample_10215,NORM,12,798.1178977272727,51.553049613907056,54.635159104294395,75.17686318131257
ptbxl,sample_10238,NORM,14,717.0222355769231,91.69305986073918,95.51693197344537,83.6794133053955
ptbxl,sample_10240,NORM,17,590.51513671875,65.93228408408027,109.21211830128635,101.6062015503876
ptbxl,sample_10250,NORM,14,730.1682692307693,14.998977495865322,16.0713034327242,82.17283950617283
ptbxl,sample_10261,NORM,12,795.4545454545455,219.6338188108933,211.74185651412625,75.42857142857143
ptbxl,sample_10268,NORM,14,674.5793269230769,236.96189080042595,320.06019642010915,88.94432071269487
ptbxl,sample_10272,NORM,8,1088.169642857143,6.568288175142083,10.358009490037317,55.138461538461534
ptbxl,sample_10318,NORM,12,814.5419034090909,12.698726595126933,14.23572239952466,73.66103542234333
ptbxl,sample_10327,NORM,12,819.8686079545455,18.329033045154986,15.363410861867454,73.18245804006497
ptbxl,sample_10356,NORM,25,396.3216145833333,6.385376446858345,6.753555418048093,151.39219712525667
ptbxl,sample_10358,NORM,10,942.9253472222222,50.3571891419433,56.94288959809864,63.631760644418875
ptbxl,sample_10380,NORM,11,917.48046875,13.704775022800055,15.947198846244648,65.39648749334752
ptbxl,sample_10431,NORM,11,878.90625,108.11016865504958,104.19209487811993,68.26666666666667
ptbxl,sample_10484,NORM,9,1129.150390625,20.674874909708333,19.53125,53.137297297297295
ptbxl,sample_10519,NORM,10,948.8932291666666,63.28848338288926,72.44438537577045,63.23156089193825
ptbxl,sample_10537,NORM,12,809.2151988636364,19.904982532879373,17.054930856028303,74.14591332967636
ptbxl,sample_10547,NORM,17,613.1417410714286,101.01122309819134,136.53753658489734,97.8566552901024
ptbxl,sample_10585,NORM,14,729.0414663461538,309.49344496818946,411.60931613735715,82.2998454404946
ptbxl,sample_10589,NORM,11,853.02734375,36.687945347136676,22.375857885526564,70.33772180881512
ptbxl,sample_10596,NORM,12,831.8536931818181,279.63021594084813,210.431658018781,72.12806830309499
ptbxl,sample_10666,NORM,11,847.16796875,22.346240588779267,18.840880375635134,70.8242074927954
ptbxl,sample_10687,NORM,15,658.8309151785714,17.91136756456125,20.44870431012049,91.070407623081
ptbxl,sample_10691,NORM,9,1058.349609375,58.287775323795515,70.73460384727804,56.69204152249135
ptbxl,sample_10731,NORM,12,794.1228693181819,18.042996773126205,19.099225796492135,75.5550586920067
ptbxl,sample_10760,NORM,9,1089.4775390625,336.31644943121654,444.48538621912024,55.07226890756303
ptbxl,sample_10806,NORM,12,698.6860795454545,311.57130180525354,485.0061058367973,85.87547649301145
ptbxl,sample_10824,NORM,9,1035.15625,56.94288959809864,60.114428078784854,57.9622641509434
ptbxl,sample_10846,NORM,18,538.8327205882352,96.64301593247677,157.70237167694003,111.35181236673775
ptbxl,sample_10847,NORM,12,816.7613636363636,16.92736787712473,17.12468546557635,73.4608695652174
ptbxl,sample_10887,NORM,14,653.9212740384615,224.0200242098101,169.9892107961837,91.75416427340609
ptbxl,sample_10970,NORM,11,874.51171875,126.33500866211075,107.58204993268711,68.60971524288107
ptbxl,sample_10990,NORM,9,969.8486328125,29.865380197102006,41.80032998487342,61.865324103209566
ptbxl,sample_11055,NORM,12,719.9928977272727,322.40884924269955,439.7026201480258,83.33415536374845
ptbxl,sample_11077,NORM,13,762.1256510416666,280.5770246430952,346.05079100882034,78.72717565403097
ptbxl,sample_11102,NORM,15,644.8800223214286,250.7625415493367,340.4581871579822,93.04056246619794
ptbxl,sample_11113,NORM,10,907.1180555555555,141.2386280684628,238.79024985199342,66.14354066985646
ptbxl,sample_11124,NORM,12,681.3742897727273,218.80627193226502,285.5631394457405,88.05732899022802
ptbxl,sample_11126,NORM,11,990.1258680555555,256.91410836426616,284.99692881753094,60.59835616438356
ptbxl,sample_11129,NORM,10,852.8645833333334,21.56191617755822,29.143887661897757,70.35114503816794
ptbxl,sample_11144,NORM,11,820.3125,9.207119546699838,9.490481599683106,73.14285714285714
ptbxl,sample_11152,NORM,16,627.2786458333334,229.9211969688581,299.5846643487154,95.65127140633108
ptbxl,sample_11182,NORM,14,700.1201923076923,13.744121441956121,12.043171050576776,85.69957081545066
ptbxl,sample_11230,NORM,13,742.1875,28.774341034520333,13.731985350015997,80.84210526315789
ptbxl,sample_11364,NORM,12,832.2975852272727,112.58803496971434,94.83221395554855,72.0896
ptbxl,sample_11371,NORM,9,890.5029296875,171.34502992221283,285.4790400297664,67.3776559287183
ptbxl,sample_11372,NORM,8,1097.935267857143,28.53119606057137,23.161213331311373,54.64803049555273
ptbxl,sample_11411,NORM,13,762.939453125,58.078232014069265,25.45712173107185,78.6432
ptbxl,sample_11468,NORM,13,795.4915364583334,131.91742952563237,213.20315623021855,75.42506393861892
ptbxl,sample_11487,NORM,13,784.0983072916666,183.66195425149712,141.40243640089201,76.52101712506487
ptbxl,sample_11489,NORM,17,539.24560546875,207.85698474315583,393.9232500587506,111.26655348047538
ptbxl,sample_11490,NORM,12,741.2997159090909,322.848211137943,405.41754309208943,80.93892215568863
ptbxl,sample_11520,NORM,13,773.5188802083334,18.67558518504512,27.26595823497197,77.56759600210415
ptbxl,sample_11530,NORM,12,766.1576704545455,349.757018524372,365.6734336660394,78.31286210892236
ptbxl,sample_11532,NORM,11,876.46484375,211.96693428855704,227.6203117783931,68.45682451253482
ptbxl,sample_11533,NORM,17,562.744140625,228.93743899260664,372.171543397455,106.62039045553145
ptbxl,sample_11564,NORM,14,680.5889423076923,295.806961013747,365.14330049731336,88.158940397351
ptbxl,sample_11575,NORM,13,770.6705729166666,33.882467182912755,28.088231568814585,77.85427666314678
ptbxl,sample_11601,NORM,10,922.8515625,28.366577242730106,27.131482874625085,65.01587301587301
ptbxl,sample_11679,NORM,12,822.9758522727273,23.957014487333492,27.230163073434934,72.90614886731392
ptbxl,sample_11705,NORM,10,1010.7421875,21.836601342771385,28.313997814314458,59.36231884057971
ptbxl,sample_11711,NORM,13,739.74609375,194.82916936279574,295.60910697063963,81.10891089108911
ptbxl,sample_11723,NORM,13,718.5872395833334,88.59882108009826,28.35702459816129,83.49716874292186
ptbxl,sample_11727,NORM,17,565.185546875,16.582403160091182,9.683902851981456,106.1598272138229
ptbxl,sample_11739,NORM,10,947.265625,71.17861199762329,69.0965414945552,63.34020618556701
ptbxl,sample_11789,NORM,13,747.0703125,346.1760355988815,546.61534077604,80.31372549019608
ptbxl,sample_11803,NORM,14,598.3323317307693,300.53843409521176,562.0892755954526,100.27871939736346
ptbxl,sample_11805,NORM,12,803.4446022727273,331.8183746907397,480.77977975862905,74.67845303867404
ptbxl,sample_11842,NORM,14,689.9789663461538,18.419771387078164,16.377451007078538,86.959172563963
ptbxl,sample_11843,NORM,14,689.9789663461538,18.419771387078164,16.377451007078538,86.959172563963
ptbxl,sample_11853,NORM,22,449.91629464285717,119.48717802568548,154.1299037230598,133.35813953488372
ptbxl,sample_11884,NORM,11,885.7421875,8.039771507310201,12.607367663435602,67.73980154355017
ptbxl,sample_11885,NORM,15,659.8772321428571,32.997962220567395,37.700683405733045,90.92600422832982
ptbxl,sample_11933,NORM,11,840.8203125,12.980079451417243,15.526354189728934,71.3588850174216
ptbxl,sample_11934,NORM,13,769.2649147727273,165.63265277332349,134.69838109505588,77.99653779572995
ptbxl,sample_11956,NORM,13,771.484375,236.05209039036987,249.14091062745536,77.77215189873418
ptbxl,sample_11982,NORM,11,888.18359375,33.942474219261285,57.70539681391874,67.55360087960418
ptbxl,sample_12027,NORM,15,645.2287946428571,192.36867587480396,325.4369383076452,92.99027027027027
ptbxl,sample_12033,NORM,11,870.1171875,275.5394932293764,268.73218566048854,68.95622895622895
ptbxl,sample_12034,NORM,17,548.40087890625,196.25196217003483,378.5192866717454,109.40901502504174
ptbxl,sample_12074,NORM,14,653.9212740384615,16.25098231128601,10.641843123878598,91.75416427340609
ptbxl,sample_12144,NORM,12,830.5220170454545,24.749121279920143,21.17137049675664,72.24371993586318
ptbxl,sample_12147,NORM,16,614.9088541666666,142.5421284264711,172.22856098782174,97.57543673901536
ptbxl,sample_12172,NORM,7,1303.7109375,64.18623720763665,81.6758951176032,46.02247191011236
ptbxl,sample_12181,NORM,9,970.458984375,19.13485871141909,15.550709270094833,61.82641509433962
ptbxl,sample_12199,NORM,13,779.6223958333334,54.38598479337153,46.90365926683081,76.96033402922755
ptbxl,sample_12216,NORM,8,1136.997767857143,31.319676786612234,46.49367466499251,52.770552147239265
ptbxl,sample_12220,NORM,17,524.90234375,198.8290203401583,383.8275763913238,114.30697674418604
ptbxl,sample_12230,NORM,13,725.5045572916666,8.945094751178985,9.875974547801398,82.70106561974201
ptbxl,sample_12254,NORM,10,904.9479166666666,25.605684769779092,36.37613385193198,66.3021582733813
ptbxl,sample_12277,NORM,11,874.0234375,41.75050565879121,31.095333942940755,68.64804469273743
ptbxl,sample_12310,NORM,14,682.0913461538462,6.7259495285272894,8.097228492078614,87.9647577092511
ptbxl,sample_12336,NORM,9,913.0859375,28.59082244966406,21.042275570589226,65.71122994652407
ptbxl,sample_12345,NORM,13,744.62890625,16.85036656259083,25.669091432530113,80.57704918032788
ptbxl,sample_12348,NORM,8,1138.392857142857,8.184391697729744,10.918300671385692,52.70588235294118
ptbxl,sample_12355,NORM,15,647.6702008928571,8.036330948155408,8.125491155643005,92.63974151857836
ptbxl,sample_12376,NORM,11,842.28515625,211.8919349286547,258.7071575052675,71.23478260869565
ptbxl,sample_12407,NORM,13,751.953125,160.24933201379181,143.5172386605414,79.79220779220779
ptbxl,sample_12409,NORM,9,974.12109375,17.70169857763605,20.216764433858035,61.59398496240601
ptbxl,sample_12451,NORM,12,784.3572443181819,244.41656990610193,236.9145455477351,76.49575551782682
ptbxl,sample_12475,NORM,17,574.64599609375,240.28676193238522,308.75183434398366,104.4121083377589
ptbxl,sample_12478,NORM,12,767.0454545454545,179.13274356497888,198.98883792109422,78.22222222222223
ptbxl,sample_12480,NORM,11,906.73828125,14.926115257956218,18.77044693143033,66.17124394184168
ptbxl,sample_12516,NORM,11,862.3046875,9.264485332524549,9.765625,69.58097395243487
ptbxl,sample_12520,NORM,10,939.6701388888889,18.124232951920643,23.733181268583472,63.85219399538106
ptbxl,sample_12528,NORM,11,877.44140625,25.533161948270447,19.867440780816572,68.38063439065108
ptbxl,sample_12529,NORM,13,749.1048177083334,163.6548061606581,171.9163576919921,80.09560021727322
ptbxl,sample_12532,NORM,11,894.04296875,1.5440808887540916,1.6276041666666667,67.11086837793556
ptbxl,sample_12577,NORM,16,611.6536458333334,254.09040654498483,430.46558825019343,98.09473124002128
ptbxl,sample_12607,NORM,13,762.5325520833334,161.39266094564854,111.29658083310677,78.68516542155817
ptbxl,sample_12609,NORM,15,652.9017857142857,11.716961287480993,13.406376425461799,91.8974358974359
ptbxl,sample_12619,NORM,17,521.54541015625,127.49307688448381,243.8409619271169,115.04271503803393
ptbxl,sample_12620,NORM,16,604.1666666666666,16.55499421051188,13.37213275159097,99.3103448275862
ptbxl,sample_12677,NORM,9,1043.0908203125,9.743802347027758,12.786204506015178,57.521357519016966
ptbxl,sample_12699,NORM,9,994.873046875,30.409266497959425,32.96221359015251,60.30920245398773
ptbxl,sample_12702,NORM,11,865.72265625,49.15526263207398,63.03683831717801,69.30626057529611
ptbxl,sample_12709,NORM,15,624.3024553571429,265.42481447401366,334.8802228455645,96.1072625698324
ptbxl,sample_12711,NORM,10,867.5130208333334,14.6484375,15.822120845722315,69.16322701688556
ptbxl,sample_12715,NORM,12,848.7215909090909,19.751949095602797,13.37213275159097,70.69456066945607
ptbxl,sample_12720,NORM,17,566.10107421875,15.282371100222164,11.893766866175202,105.98814016172507
ptbxl,sample_12742,NORM,10,877.8211805555555,16.336962809150986,19.454806458141146,68.35105067985167
ptbxl,sample_12835,NORM,12,800.78125,27.273906335486213,19.347278082186474,74.92682926829268
ptbxl,sample_12886,NORM,10,863.7152777777778,66.2986531934823,64.66270819408705,69.46733668341709
ptbxl,sample_12925,NORM,13,764.5670572916666,10.709518483979856,7.649896990240628,78.47578499201704
ptbxl,sample_12999,NORM,12,835.8487215909091,48.37771666920696,30.336376107439584,71.78332448220924
ptbxl,sample_13006,NORM,19,514.5941840277778,189.9034053283353,280.880953941233,116.59673168160252
ptbxl,sample_13014,NORM,14,694.1105769230769,241.11772888824666,343.2556991085504,86.44155844155844
ptbxl,sample_13025,NORM,14,688.8521634615385,286.42916586464736,409.18871885543206,87.10141766630316
ptbxl,sample_13035,NORM,17,528.86962890625,216.83733221828874,328.7164111559022,113.44950952106174
ptbxl,sample_13092,NORM,8,1109.095982142857,8.184391697729744,10.358009490037317,54.09811320754717
ptbxl,sample_13120,NORM,11,826.66015625,201.9154326343074,251.63728959367617,72.5812167749557
ptbxl,sample_13131,NORM,11,847.65625,28.209718806371477,47.730723628304624,70.78341013824885
ptbxl,sample_13145,NORM,11,863.76953125,200.67045896374876,197.85937098979306,69.46297343131712
ptbxl,sample_13212,NORM,11,877.9296875,26.32495653535902,28.932924535532518,68.34260289210233
ptbxl,sample_13267,NORM,11,911.62109375,15.955502517125613,18.269811458857134,65.8168184252812
ptbxl,sample_13268,NORM,10,962.9991319444445,59.890525693275066,43.84346922868157,62.305352112676054
ptbxl,sample_13282,NORM,8,1111.8861607142858,34.951557708544556,40.264703375172466,53.96235884567126
ptbxl,sample_13349,NORM,11,865.72265625,36.687945347136676,43.246517759070386,69.30626057529611
ptbxl,sample_13370,NORM,15,623.2561383928571,265.5819621910534,303.45140832797836,96.26860660324567
ptbxl,sample_13380,NORM,13,727.1321614583334,31.331620408735887,38.07910777924214,82.51594851706771
ptbxl,sample_13398,NORM,16,603.8411458333334,175.5356460450671,173.63678273120388,99.36388140161725
ptbxl,sample_13400,NORM,14,693.359375,250.80424329138103,329.3697422869866,86.53521126760563
ptbxl,sample_13404,NORM,13,748.6979166666666,25.27197657040491,19.91586849624872,80.13913043478261
ptbxl,sample_13494,NORM,9,916.1376953125,9.017636351735419,14.29541122483203,65.49233844103931
ptbxl,sample_13595,NORM,19,523.0034722222222,195.57003420395807,298.0327882555913,114.72199170124482
ptbxl,sample_13630,NORM,15,645.2287946428571,28.333076355879857,22.457671167182614,92.99027027027027
ptbxl,sample_13642,NORM,14,692.9837740384615,10.058581594621732,11.877050390076842,86.58211382113821
ptbxl,sample_13712,NORM,12,824.3075284090909,37.74753139446427,27.70754093576388,72.78836833602585
ptbxl,sample_13717,NORM,12,817.2052556818181,20.164623712074913,22.161729917793394,73.42096686583379
ptbxl,sample_13777,NORM,18,546.0133272058823,198.56780642902794,312.37361259503433,109.88742766964756
ptbxl,sample_13786,NORM,12,794.1228693181819,88.06061921971552,89.06282123708515,75.5550586920067
ptbxl,sample_13848,NORM,11,870.60546875,220.3231436200257,265.49412114718336,68.91755468311834
ptbxl,sample_13860,NORM,13,708.4147135416666,147.5526026035914,106.9466664837685,84.69615163699024
ptbxl,sample_13879,NORM,11,822.265625,74.62880146305781,49.09864299804152,72.96912114014252
ptbxl,sample_13887,NORM,11,903.3203125,24.576283968980306,23.075271612561565,66.42162162162163
ptbxl,sample_13895,NORM,13,751.5462239583334,25.623313470504,27.26595823497197,79.83540877097997
ptbxl,sample_13918,NORM,16,552.4088541666666,227.49375251404038,412.53057919728155,108.61520329994109
ptbxl,sample_13923,NORM,13,740.966796875,25.595101721271746,17.66668034635334,80.97528830313014
ptbxl,sample_13959,NORM,16,593.4244791666666,228.24857367082492,325.63271189396795,101.10806363137685
ptbxl,sample_13971,NORM,11,808.59375,2.5214735326871205,3.2552083333333335,74.20289855072464
ptbxl,sample_13993,NORM,12,809.2151988636364,40.68240931029629,23.315110129518207,74.14591332967636
ptbxl,sample_14021,NORM,13,752.3600260416666,107.08759514831526,103.47541564684992,79.74905354245539
ptbxl,sample_14027,NORM,12,771.484375,12.91870757355757,18.399847345133566,77.77215189873418
ptbxl,sample_14071,NORM,13,706.787109375,7.8249745045295604,10.616353642668145,84.89119170984456
ptbxl,sample_14107,NORM,13,727.1321614583334,234.4716961150246,256.35294062464624,82.51594851706771
ptbxl,sample_14138,NORM,18,526.4820772058823,196.00733410026533,376.12317682130526,113.96399345335516
ptbxl,sample_14139,NORM,12,771.9282670454545,14.059540408259343,19.89409061275719,77.7274295572168
ptbxl,sample_14145,NORM,17,538.330078125,207.24073643797803,402.7772808437278,111.45578231292517
ptbxl,sample_14146,NORM,12,794.1228693181819,25.677533824283632,37.441971704454716,75.5550586920067
ptbxl,sample_14149,NORM,12,808.3274147727273,16.82462114409714,22.53511867034048,74.22734761120263
ptbxl,sample_14159,NORM,17,575.25634765625,242.04319582330405,329.9952897785689,104.30132625994695
ptbxl,sample_14170,NORM,14,735.4266826923077,152.40762087701594,217.3811454057819,81.58529111338099
ptbxl,sample_14177,NORM,10,881.0763888888889,19.700062560075203,29.39842426462963,68.09852216748769
ptbxl,sample_14184,NORM,12,801.2251420454545,194.48622272618715,204.72323273205626,74.8853185595568
ptbxl,sample_14187,NORM,11,843.75,16.243456965982617,11.393229166666666,71.11111111111111
ptbxl,sample_14205,NORM,12,793.2350852272727,28.917105321211277,26.921970218926216,75.63961947397874
ptbxl,sample_14220,NORM,9,1035.7666015625,43.00024686470013,45.28134031003761,57.92810842663524
ptbxl,sample_14248,NORM,13,777.9947916666666,84.45311076479291,94.52086749191422,77.1213389121339
ptbxl,sample_14256,NORM,11,869.140625,15.440808887540914,15.61143073995026,69.03370786516854
ptbxl,sample_14301,NORM,10,996.6362847222222,20.779858943365404,13.918157044667211,60.20250408274361
ptbxl,sample_14304,NORM,12,792.3473011363636,62.80029288678106,74.19625995597809,75.72436974789916
ptbxl,sample_14356,NORM,15,664.4112723214286,18.907587615374343,14.395859297428487,90.30551181102362
ptbxl,sample_14375,NORM,12,794.1228693181819,90.96386733094155,73.3560313152386,75.5550586920067
ptbxl,sample_14409,NORM,10,940.7552083333334,42.916005447380236,39.81813093334983,63.778546712802765
ptbxl,sample_14457,NORM,12,827.4147727272727,46.13488570364615,40.02715142952968,72.51502145922747
ptbxl,sample_14459,NORM,8,1074.916294642857,201.94288868895256,357.7472477346524,55.818299805321224
ptbxl,sample_14501,NORM,14,709.8858173076923,251.72574499470704,277.8058567690317,84.52063492063492
ptbxl,sample_14565,NORM,18,518.4397977941177,183.123658716589,314.99581273641303,115.73185595567867
ptbxl,sample_14580,NORM,14,692.9837740384615,259.7810863087752,161.06498138249205,86.58211382113821
ptbxl,sample_14597,NORM,15,593.6104910714286,256.462738059853,438.8162285124742,101.07638072855464
ptbxl,sample_14613,NORM,17,570.98388671875,230.73527986050223,403.1874812791456,105.08177445216462
ptbxl,sample_14620,NORM,13,754.39453125,38.24948495120314,41.56261514476959,79.53398058252426
ptbxl,sample_14634,NORM,11,824.21875,14.702590873224239,14.001180447660525,72.79620853080569
ptbxl,sample_14637,NORM,13,777.6988636363636,251.52969534175534,334.1570848215339,77.15068493150685
ptbxl,sample_14662,NORM,12,823.8636363636364,273.18531644050114,334.7523209232841,72.82758620689656
ptbxl,sample_14746,NORM,11,788.0859375,17.560031196954657,13.421567791724156,76.13382899628253
ptbxl,sample_14771,NORM,11,812.01171875,407.68186800071805,784.7719279913217,73.89055923030668
ptbxl,sample_14775,NORM,11,842.7734375,15.128841196122723,16.992686375179932,71.19351100811124
ptbxl,sample_14792,NORM,18,544.2899816176471,145.74109160174405,210.9062736851482,110.2353562005277
ptbxl,sample_14814,NORM,10,996.09375,253.7771043254485,296.17588645253073,60.23529411764706
ptbxl,sample_14851,NORM,10,1016.7100694444445,24.630120362014253,31.360431100256662,59.013874066168626
ptbxl,sample_14923,NORM,12,807.8835227272727,167.52194099149062,284.09829563595054,74.26813186813186
ptbxl,sample_14938,NORM,18,550.8961397058823,238.69809628882862,396.78860722787414,108.91345151199167
ptbxl,sample_14944,NORM,20,477.23067434210526,174.12962640763664,251.91874109293838,125.72536348949919
ptbxl,sample_14946,NORM,14,738.9322916666666,318.2818433082716,447.7907182482668,81.19823788546256
ptbxl,sample_14976,NORM,9,1001.5869140625,286.75798538953757,205.55919871462766,59.90493601462523
ptbxl,sample_15001,NORM,13,763.3463541666666,89.34184370217137,143.66063895055782,78.60127931769723
ptbxl,sample_15015,NORM,11,797.8515625,27.351499397916673,35.58465349784415,75.20195838433293
ptbxl,sample_15057,NORM,11,935.05859375,114.30950390246342,114.80091129285388,64.16710182767623
ptbxl,sample_15074,NORM,20,479.2865953947368,125.95030736989969,236.72550025326927,125.18605898123324
ptbxl,sample_15090,NORM,8,1047.7120535714287,86.05658137249812,65.35798504316817,57.26764314247669
ptbxl,sample_15094,NORM,10,917.96875,17.08984375,17.08984375,65.36170212765957
ptbxl,sample_15136,NORM,15,636.8582589285714,6.268952527015325,6.905339660024878,94.21248630887185
ptbxl,sample_15221,NORM,17,535.888671875,200.12384395039106,328.3511396765977,111.96355353075171
ptbxl,sample_15377,NORM,13,764.16015625,293.23865999458667,380.36109322649753,78.51757188498402
ptbxl,sample_15391,NORM,23,428.5777698863636,106.11321348322976,205.0338316679499,139.99792853443813
ptbxl,sample_15444,NORM,12,743.9630681818181,145.6400263040759,240.65876513302308,80.64916467780431
ptbxl,sample_15461,NORM,9,1083.3740234375,57.50461322925436,49.69240669913158,55.38253521126761
ptbxl,sample_15484,NORM,11,790.0390625,154.55899193462417,187.67624095572364,75.94561186650185
ptbxl,sample_15487,NORM,15,578.9620535714286,247.06566781429945,476.43379311006856,103.63373493975904
ptbxl,sample_15507,NORM,16,581.0546875,239.64897188568315,250.77142225089875,103.26050420168067
ptbxl,sample_15548,NORM,8,1050.502232142857,27.394358194459432,35.15398936597522,57.11553784860558
ptbxl,sample_15575,NORM,15,665.1893028846154,242.26291135566882,340.7897644052065,90.19988706945229
ptbxl,sample_15588,NORM,12,778.1427556818181,218.24885841141776,364.3540160743957,77.10667427267542
ptbxl,sample_15638,NORM,13,771.0774739583334,24.23212869529706,24.89755621871477,77.8131926121372
ptbxl,sample_15652,NORM,12,886.23046875,208.9332842938971,365.8128623477588,67.70247933884298
ptbxl,sample_15674,NORM,10,858.2899305555555,11.128576115866979,10.066175843793117,69.90644753476612
ptbxl,sample_15677,NORM,13,830.078125,92.18046517120473,92.94033097019619,72.28235294117647
ptbxl,sample_15715,NORM,11,932.6171875,18.124232951920643,27.81251219178884,64.33507853403141
ptbxl,sample_15723,NORM,13,760.498046875,296.39717598932725,390.11696810961723,78.89566613162118
ptbxl,sample_15732,NORM,12,826.0830965909091,17.580590893958966,21.227602655550935,72.631918323482
ptbxl,sample_15737,NORM,13,752.7669270833334,16.893188401812814,10.717947858353725,79.70594594594594
ptbxl,sample_15796,NORM,14,691.1057692307693,41.795628828699876,30.32982609632849,86.81739130434782
ptbxl,sample_15803,NORM,14,657.3016826923077,263.84165225680573,335.3861935122325,91.2822857142857
ptbxl,sample_15821,NORM,16,587.890625,196.57100121080956,225.7098610704719,102.05980066445183
ptbxl,sample_15834,NORM,12,817.2052556818181,213.92373065588313,216.5404857108811,73.42096686583379
ptbxl,sample_15841,NORM,11,852.05078125,61.04058135611711,86.33976048095602,70.41833810888252
ptbxl,sample_15857,NORM,12,774.1477272727273,175.4603684223201,197.32242182042103,77.5045871559633
ptbxl,sample_15897,NORM,12,853.1605113636364,208.51485696056906,258.78445603211543,70.3267429760666
ptbxl,sample_15898,NORM,13,745.4427083333334,180.01304758993444,210.55367739158928,80.48908296943232
ptbxl,sample_15900,NORM,15,683.2181490384615,241.08983788423333,295.0635826426578,87.81968114348543
ptbxl,sample_15901,NORM,10,945.6380208333334,233.89130589838845,265.3169528690851,63.44922547332185
ptbxl,sample_15930,NORM,11,907.2265625,20.94493221633517,25.990754268670756,66.1356297093649
ptbxl,sample_15948,NORM,15,636.1607142857143,279.0963198829069,372.3961835438554,94.3157894736842
ptbxl,sample_15959,NORM,10,932.6171875,45.80484140452568,36.37613385193198,64.33507853403141
ptbxl,sample_15988,NORM,12,808.7713068181819,12.405174549433701,12.91870757355757,74.18660812294182
ptbxl,sample_16003,NORM,11,868.65234375,19.45650846649558,15.696046160470305,69.0725126475548
ptbxl,sample_16024,NORM,17,554.8095703125,179.74122944154252,346.36089729519153,108.14521452145215
ptbxl,sample_16076,NORM,9,989.3798828125,73.81830243820801,107.40602054267802,60.64404688463911
ptbxl,sample_16129,NORM,10,901.1501736111111,64.82892664926574,46.19357404400513,66.58157736303431
ptbxl,sample_16144,NORM,11,863.76953125,16.984889776295006,17.977475613911558,69.46297343131712
ptbxl,sample_16147,NORM,15,658.8309151785714,8.00366280093896,9.284260136950328,91.070407623081
ptbxl,sample_16149,NORM,11,920.6814236111111,18.124232951920643,12.084344405043536,65.16912197996464
ptbxl,sample_16150,NORM,18,503.21691176470586,176.83325227852347,289.9034998916366,119.23287671232877
ptbxl,sample_16187,NORM,11,866.2109375,28.490047509168054,17.14787394670042,69.26719278466742
ptbxl,sample_16193,NORM,12,837.1803977272727,97.24924061642089,89.47678965089477,71.66914103923648
ptbxl,sample_16233,NORM,12,826.5269886363636,294.4711712673482,372.53651484789987,72.59291084854995
ptbxl,sample_16261,NORM,10,994.4661458333334,23.79588463088126,15.822120845722315,60.33387888707038
ptbxl,sample_16264,NORM,9,923.4619140625,14.633898104357735,13.810679320049756,64.97290152015863
ptbxl,sample_16288,NORM,8,1009.3470982142857,11.525328991251609,10.548080563814876,59.44436765722184
ptbxl,sample_16355,NORM,9,1066.89453125,20.716018980074633,17.21395463065439,56.23798627002288
ptbxl,sample_16407,NORM,11,931.15234375,32.31111986503267,40.917334277267365,64.43628736234923
ptbxl,sample_16425,NORM,14,683.2181490384615,151.37324545880017,260.6441775553364,87.81968114348543
ptbxl,sample_16468,NORM,14,697.4909855769231,53.59414658788611,91.15309913376205,86.02261712439419
ptbxl,sample_16469,NORM,17,566.40625,7.7717033765060695,8.914755167727312,105.93103448275862
ptbxl,sample_16499,NORM,10,1000.4340277777778,56.5460702019538,46.064360996370134,59.97396963123644
ptbxl,sample_16534,NORM,8,1093.052455357143,11.073177920192204,15.947198846244648,54.892150606253985
ptbxl,sample_16537,NORM,13,722.65625,18.030980123925694,12.664544227350058,83.02702702702703
ptbxl,sample_16542,NORM,13,760.498046875,167.3047609810626,189.92822596461644,78.89566613162118
ptbxl,sample_16563,NORM,9,889.2822265625,250.79434084370993,302.30654532995203,67.47014413177763
ptbxl,sample_16572,NORM,15,622.9073660714286,14.675241616652372,10.918300671385692,96.32250839865621
ptbxl,sample_16596,NORM,10,998.8064236111111,36.954142381975025,33.43033187897743,60.07170016295492
ptbxl,sample_16603,NORM,17,547.4853515625,10.529227857835853,11.276372445109878,109.59197324414716
ptbxl,sample_16605,NORM,10,861.0026041666666,2.44140625,3.8602022218852285,69.68620037807183
ptbxl,sample_16637,NORM,9,906.982421875,251.82859061505488,205.01168141328927,66.15343203230148
ptbxl,sample_16647,NORM,15,663.0161830357143,143.69308941731242,147.45770381388184,90.49552866912151
ptbxl,sample_16651,NORM,14,662.1844951923077,10.460784603016982,11.708573054962693,90.6091888825865
ptbxl,sample_16780,NORM,12,787.4644886363636,35.68737452836763,31.22710342835836,76.19391206313416
ptbxl,sample_16792,NORM,10,927.734375,56.68059944455029,55.69938743432536,64.67368421052632
ptbxl,sample_16803,NORM,12,803.8884943181819,175.74425510324178,171.21204484655019,74.63721700717835
ptbxl,sample_16815,NORM,10,913.0859375,131.63232975301338,147.7101222666603,65.71122994652407
ptbxl,sample_16817,NORM,11,908.203125,77.81922583256458,86.60016663035826,66.06451612903226
ptbxl,sample_16834,NORM,17,540.771484375,103.95537245412967,153.82538557479086,110.95259593679458
ptbxl,sample_16865,NORM,13,710.0423177083334,360.6403875927141,592.271268450639,84.50200573065902
ptbxl,sample_16955,NORM,13,713.2975260416666,9.417244109629628,10.818588074355416,84.11637193382772
ptbxl,sample_16993,NORM,9,1013.18359375,17.508231582046783,19.443861418479845,59.21927710843374
ptbxl,sample_16994,NORM,14,704.6274038461538,241.80510996647317,344.4085027202615,85.15138592750533
ptbxl,sample_17021,NORM,11,893.5546875,129.37149706534933,157.76010447156713,67.14754098360656
ptbxl,sample_17176,NORM,14,703.5006009615385,22.94242496105086,24.168688810087072,85.28777362520022
ptbxl,sample_17193,NORM,15,667.8989955357143,11.677764652420526,8.011842325609052,89.83394255874673
ptbxl,sample_17214,NORM,12,827.4147727272727,22.626305765190672,20.42627017905458,72.51502145922747
ptbxl,sample_17290,NORM,13,744.2220052083334,193.02929417625228,238.1682490415507,80.62110442864953
ptbxl,sample_17358,NORM,8,1024.693080357143,52.54630540113666,61.24637930412363,58.554118447923756
ptbxl,sample_17370,NORM,19,494.24913194444446,17.28815444541798,9.249334896659363,121.39626783754116
ptbxl,sample_17386,NORM,15,629.5340401785714,50.17903938804743,70.49900977838321,95.30858725761773
ptbxl,sample_17455,NORM,22,449.21875,113.20335077509404,190.61426851676822,133.56521739130434
ptbxl,sample_17511,NORM,19,486.6536458333333,108.22829826360923,208.6745067792311,123.29096989966555
ptbxl,sample_17525,NORM,12,819.8686079545455,182.62573281538053,186.54644409814964,73.18245804006497
ptbxl,sample_17547,NORM,13,705.56640625,9.194031950110077,11.685410672130844,85.03806228373702
ptbxl,sample_17577,NORM,10,926.6493055555555,32.91625718775502,25.779677834402925,64.74941451990632
ptbxl,sample_17592,NORM,16,624.6744791666666,49.811069852496246,30.798788074436853,96.05002605523711
ptbxl,sample_17593,NORM,13,788.57421875,101.75396138673128,111.83084634702114,76.08668730650155
ptbxl,sample_17608,NORM,13,753.5807291666666,262.18254853764415,366.83481422593775,79.61987041036717
ptbxl,sample_17621,NORM,17,555.72509765625,237.8767989827785,419.43141476320886,107.9670510708402
ptbxl,sample_17623,NORM,13,716.1458333333334,15.901829767551991,14.349458340948697,83.78181818181818
ptbxl,sample_17641,NORM,16,608.3984375,14.390398390879048,10.275474234553736,98.61958266452649
ptbxl,sample_17661,NORM,12,863.8139204545455,47.76451672360072,47.44124141207468,69.45940390544706
ptbxl,sample_17676,NORM,9,1036.9873046875,31.52967372747424,37.59629737224293,57.8599175985874
ptbxl,sample_17711,NORM,12,809.2151988636364,16.785928978328332,15.207433107809997,74.14591332967636
ptbxl,sample_17731,NORM,12,801.2251420454545,14.883297161638396,16.120677753143728,74.8853185595568
ptbxl,sample_17737,NORM,11,894.53125,13.382034369202126,19.395142070008113,67.07423580786026
ptbxl,sample_17739,NORM,12,737.7485795454545,336.768640387818,599.38189139596,81.32851985559567
ptbxl,sample_17748,NORM,14,697.4283854166666,166.93783865499674,186.34533083854953,86.03033838973163
ptbxl,sample_17749,NORM,8,1111.1886160714287,24.39079992921011,21.927398413586392,53.996233521657246
ptbxl,sample_17780,NORM,11,821.77734375,10.80856622127864,13.810679320049756,73.01247771836007
ptbxl,sample_17805,NORM,10,985.7855902777778,20.49101287762723,28.731939199071824,60.86516235553109
ptbxl,sample_17827,NORM,11,810.546875,139.53798990464068,184.0848374426913,74.02409638554217
ptbxl,sample_17865,NORM,10,962.4565972222222,12.315060181007125,19.607395512950454,62.34047350620068
ptbxl,sample_17891,NORM,15,604.7712053571429,274.32046136563713,522.5609711702258,99.21107266435986
ptbxl,sample_17918,NORM,11,931.5321180555555,241.47442812045952,282.00620080339536,64.41001747233547
ptbxl,sample_17919,NORM,14,659.9308894230769,10.134268001225992,10.548080563814876,90.91861126920888
ptbxl,sample_17921,NORM,18,535.0988051470588,5.195902032147732,4.228639666916204,112.12882447665058
ptbxl,sample_17935,NORM,15,620.8147321428571,8.534375543842353,8.776533537821456,96.64719101123596
ptbxl,sample_17970,NORM,12,807.8835227272727,21.43589571670745,19.347278082186474,74.26813186813186
ptbxl,sample_17996,NORM,12,806.5518465909091,69.25398786259287,81.5444306568056,74.39075399009356
ptbxl,sample_18055,NORM,10,853.9496527777778,11.56630078414054,7.524919437217989,70.26175349428208
ptbxl,sample_18068,NORM,9,955.810546875,11.301514889801654,5.836077194015594,62.77394636015325
ptbxl,sample_18111,NORM,7,1110.83984375,17.67281354575572,22.26905127146754,54.01318681318681
ptbxl,sample_18132,NORM,13,747.4772135416666,34.3667727206258,52.83620744448335,80.27000544365814
ptbxl,sample_18134,NORM,20,465.92310855263156,167.14722802509866,192.52225122479024,128.77661334804193
ptbxl,sample_18172,NORM,15,670.6891741071429,87.65257105149973,94.42909963776229,89.46021840873634
ptbxl,sample_18175,NORM,9,943.603515625,13.244166815044311,17.31260274273278,63.58602846054334
ptbxl,sample_18200,NORM,17,583.49609375,221.6316428755107,393.3054195348467,102.82845188284519
ptbxl,sample_18232,NORM,21,446.044921875,108.72549077366754,212.47101104754842,134.51559934318556
ptbxl,sample_18365,NORM,13,721.435546875,25.93161709473237,17.357257453850455,83.16751269035532
ptbxl,sample_18367,NORM,10,942.9253472222222,19.446294181882358,15.916021497076779,63.631760644418875
ptbxl,sample_18392,NORM,11,836.42578125,24.03679866418959,25.579807365725443,71.7338003502627
ptbxl,sample_18416,NORM,14,684.3449519230769,9.93628426201903,8.097228492078614,87.67508232711306
ptbxl,sample_18473,NORM,14,654.6724759615385,292.7683609546662,453.47765649431415,91.64888123924268
ptbxl,sample_18501,NORM,9,996.09375,15.875846368221321,12.101947246719776,60.23529411764706
ptbxl,sample_18519,NORM,17,589.29443359375,235.31386626219728,300.80661419028837,101.81667529777317
ptbxl,sample_18612,NORM,13,747.0703125,44.068443345137986,30.56415125195669,80.31372549019608
ptbxl,sample_18620,NORM,16,591.796875,255.2454914886705,382.79728539485626,101.38613861386139
ptbxl,sample_18639,NORM,10,978.1901041666666,241.1560737517275,170.15568224319162,61.33777038269551
ptbxl,sample_18656,NORM,12,818.5369318181819,22.721896836230304,15.897285738378619,73.30151843817787
ptbxl,sample_18661,NORM,15,637.5558035714286,271.71986307001845,423.4404036210941,94.10940919037199
ptbxl,sample_18673,NORM,12,788.7961647727273,9.35759807745125,8.457279333832409,76.06527855936973
ptbxl,sample_18742,NORM,16,618.4895833333334,276.1437020994991,390.964905127958,97.01052631578946
ptbxl,sample_18761,NORM,14,693.359375,16.558422810364423,7.973599423122324,86.53521126760563
ptbxl,sample_18802,NORM,18,553.7683823529412,213.59904178413697,410.34149346396805,108.34854771784232
ptbxl,sample_18847,NORM,13,758.4635416666666,39.740941941682365,39.00697403021167,79.10729613733906
ptbxl,sample_18882,NORM,7,1139.3229166666667,63.56414230660616,65.72780730649937,52.66285714285714
ptbxl,sample_18888,NORM,18,546.5877757352941,7.419342459265561,6.573687508709112,109.77193904361533
ptbxl,sample_18982,NORM,10,912.0008680555555,10.00016742142294,13.37213275159097,65.78941106484235
ptbxl,sample_19042,NORM,12,862.4822443181819,13.509203717988159,14.151735103700624,69.56664951106536
ptbxl,sample_19077,NORM,13,789.794921875,51.13195149817238,44.872633894101924,75.96908809891808
ptbxl,sample_19208,NORM,11,893.06640625,24.62474201925726,17.301669617081135,67.18425369054128
ptbxl,sample_19213,NORM,15,675.2232142857143,131.31921880244505,157.43685172542177,88.8595041322314
ptbxl,sample_19217,NORM,10,1012.9123263888889,42.85423354714057,42.88126970275951,59.23513658275308
ptbxl,sample_19231,NORM,14,726.7878605769231,215.94001273407062,254.60952782194707,82.55503875968992
ptbxl,sample_19254,NORM,8,1106.3058035714287,45.61856636925908,44.26065963830452,54.23455233291298
ptbxl,sample_19256,NORM,11,866.69921875,307.2186399423059,335.21534187129583,69.2281690140845
ptbxl,sample_19271,NORM,13,715.33203125,277.74343374619076,371.45277843802785,83.87713310580205
ptbxl,sample_19286,NORM,11,894.04296875,23.411489111144952,36.900338700373155,67.11086837793556
ptbxl,sample_19287,NORM,7,1127.9296875,27.621358640099512,34.31891287266715,53.1948051948052
ptbxl,sample_19291,NORM,18,535.9604779411765,199.5655811423553,285.78795394417585,111.94855305466238
ptbxl,sample_19293,NORM,13,775.9602864583334,12.397892380006958,12.749828317067713,77.32354483481909
ptbxl,sample_19314,NORM,10,930.4470486111111,27.74098396656789,21.90473442984175,64.48513119533528
ptbxl,sample_19324,NORM,11,882.8125,57.48922790760306,65.12450854082863,67.96460176991151
ptbxl,sample_19333,NORM,13,721.435546875,23.658863042877247,15.440808887540914,83.16751269035532
ptbxl,sample_19350,NORM,14,665.9405048076923,242.29066732275248,313.0272549918891,90.09813874788495
ptbxl,sample_19376,NORM,15,651.5066964285714,14.166538177939929,12.485554491131808,92.09421841541756
ptbxl,sample_19412,NORM,12,819.8686079545455,323.9219284528972,597.3657637602699,73.18245804006497
ptbxl,sample_19424,NORM,12,776.3671875,414.82071462351263,631.1929960290149,77.28301886792453
ptbxl,sample_19432,NORM,10,1009.6571180555555,32.36845996313695,47.96602222751099,59.42611499193982
ptbxl,sample_19466,NORM,17,596.61865234375,153.58463512551302,97.81075017986876,100.56675191815857
ptbxl,sample_19605,NORM,9,954.58984375,27.98884297954643,26.616607182392457,62.85421994884911
ptbxl,sample_19669,NORM,12,803.0007102272727,102.45447674627663,139.69452637617155,74.71973466003317
ptbxl,sample_19670,NORM,12,871.3600852272727,14.544493903602554,12.059657260965302,68.85787060621497
ptbxl,sample_19703,NORM,11,862.3046875,207.8393802451445,232.22324064884222,69.58097395243487
ptbxl,sample_19723,NORM,10,1031.9010416666667,77.0881513859714,139.950299296548,58.14511041009463
ptbxl,sample_19853,NORM,13,781.25,254.43495544236606,287.40424570724497,76.8
ptbxl,sample_19867,NORM,19,492.07899305555554,182.7330814697369,308.56857140278237,121.9316427783903
ptbxl,sample_19884,NORM,10,1069.9462890625,100.32070708644704,101.2185108661666,56.077581289218486
ptbxl,sample_19893,NORM,11,922.36328125,29.9629505403515,48.93651164834931,65.05029115934357
ptbxl,sample_19924,NORM,14,695.9885817307693,13.7552367866293,9.025501714200372,86.20831084727469
ptbxl,sample_19929,NORM,11,885.25390625,43.61554025457135,49.34084111726601,67.77716492002206
ptbxl,sample_19942,NORM,12,751.5092329545455,294.0690158479212,374.7125159432124,79.83933845245127
ptbxl,sample_19955,NORM,11,845.703125,372.95795688035525,520.5942240850509,70.94688221709006
ptbxl,sample_19959,NORM,12,825.6392045454545,28.509482818415147,22.53511867034048,72.67096774193548
ptbxl,sample_19960,NORM,12,735.9730113636364,312.68374503049307,395.1007019314798,81.52472858866103
ptbxl,sample_19981,NORM,12,808.3274147727273,8.559177941427878,10.125215504554552,74.22734761120263
ptbxl,sample_19987,NORM,11,911.62109375,75.78590614722926,52.66500549271952,65.8168184252812
ptbxl,sample_20023,NORM,14,694.8617788461538,9.00006577340026,10.164384763018226,86.34810810810811
ptbxl,sample_20037,NORM,12,826.5269886363636,276.7145539225999,359.05442244538347,72.59291084854995
ptbxl,sample_20085,NORM,16,599.9348958333334,139.99126069695058,189.04296341697963,100.0108518719479
ptbxl,sample_20117,NORM,12,851.8288352272727,18.055005424554206,11.34663089709204,70.43668577384054
ptbxl,sample_20127,NORM,16,581.3802083333334,234.76317216797634,328.0503583855581,103.2026875699888
ptbxl,sample_20149,NORM,8,994.6986607142857,154.86328940224305,158.6976661425588,60.31977559607294
ptbxl,sample_20198,NORM,15,596.4006696428571,282.50193693807813,543.5937388798794,100.60350877192982
ptbxl,sample_20220,NORM,16,614.2578125,249.34601393690835,354.4378017485081,97.67885532591416
ptbxl,sample_20241,NORM,12,789.6839488636364,244.9312482348073,300.0407826995507,75.97976391231029
ptbxl,sample_20280,NORM,12,791.4595170454545,12.246916373976134,11.13452563573377,75.80931015143018
ptbxl,sample_20356,NORM,12,774.5916193181819,26.589837515816875,31.94419381600806,77.46017191977077
ptbxl,sample_20387,NORM,14,705.3786057692307,70.74787514058498,76.62282630114852,85.06070287539937
ptbxl,sample_20401,NORM,10,975.4774305555555,13.096905061385971,12.91870757355757,61.5083426028921
ptbxl,sample_20402,NORM,10,896.2673611111111,238.89769703006212,311.72656668516294,66.94430992736078
ptbxl,sample_20406,NORM,13,746.2565104166666,299.20442264523064,429.94719925120364,80.40130861504908
ptbxl,sample_20523,NORM,9,1132.2021484375,15.537014235055976,16.81357532532638,52.994070080862535
ptbxl,sample_20549,NORM,14,712.5150240384615,13.440532853878373,18.16073698276481,84.20875065893516
ptbxl,sample_20576,NORM,13,740.966796875,89.57907550309238,91.36092003796199,80.97528830313014
ptbxl,sample_20603,NORM,13,742.1875,15.157467222091507,8.328152982641033,80.84210526315789
ptbxl,sample_20624,NORM,13,733.642578125,10.226390299634476,11.960399134683486,81.78369384359401
ptbxl,sample_20671,NORM,15,665.8063616071429,256.82641978706187,379.02026839476736,90.11629125196437
ptbxl,sample_20684,NORM,16,643.8337053571429,287.62311272431674,448.66930170419425,93.19176598049837
ptbxl,sample_20724,NORM,15,627.7901785714286,117.07342275476334,163.24734355065215,95.57333333333334
ptbxl,sample_20730,NORM,11,849.609375,206.8146346147204,238.23699818203852,70.62068965517241
ptbxl,sample_20831,NORM,12,810.9907670454545,20.067651943334603,22.69326179418408,73.98357963875206
ptbxl,sample_20887,NORM,16,543.9453125,233.36866591352722,451.5743689643672,110.30520646319569
ptbxl,sample_20891,NORM,13,754.8014322916666,14.037683855613613,15.719044042636517,79.4911051212938
ptbxl,sample_20905,NORM,11,862.3046875,11.323259850863337,14.374610785038813,69.58097395243487
ptbxl,sample_20943,NORM,14,688.8521634615385,44.146563306023864,25.254102619112793,87.10141766630316
ptbxl,sample_21036,NORM,17,521.54541015625,216.27584630018424,207.29825058901395,115.04271503803393
ptbxl,sample_21071,NORM,9,927.734375,442.99631876370887,557.2368898791372,64.67368421052632
ptbxl,sample_21177,NORM,11,888.18359375,21.277462037579426,15.780207869193779,67.55360087960418
ptbxl,sample_21385,NORM,17,580.13916015625,221.4610271941946,319.6160413043273,103.42346133613887
ptbxl,sample_21391,NORM,21,478.77261513157896,153.62094901098234,298.02716746794033,125.32045088566828
ptbxl,sample_21444,NORM,15,623.6049107142857,21.01735871688742,12.112767049727388,96.21476510067114
ptbxl,sample_21622,NORM,13,692.9524739583334,300.0263949063038,418.39127101270117,86.58602466236053
ptbxl,sample_21809,NORM,13,747.8841145833334,221.39061068501104,270.71301470849886,80.22633297062023
ptbxl,sample_21818,NORM,13,786.9466145833334,165.96121754968036,155.08040593983196,76.2440537745605
ptbxl,sample_00116,STTC,12,816.3174715909091,34.85782231819266,21.00177067149079,73.50081566068515
ptbxl,sample_00128,STTC,15,640.6947544642857,42.40240894935347,29.45295961555791,93.64833968426784
ptbxl,sample_00160,STTC,8,1113.28125,18.699748198365977,23.075271612561565,53.89473684210526
ptbxl,sample_00167,STTC,18,541.7049632352941,173.9017509659533,334.3835419606582,110.76139978791092
ptbxl,sample_00318,STTC,15,666.50390625,100.75736448047623,134.2756364620483,90.02197802197803
ptbxl,sample_00388,STTC,13,737.3046875,21.637176148710832,22.66459057389869,81.37748344370861
ptbxl,sample_00400,STTC,11,854.00390625,45.07317609707183,45.94919991371453,70.25728987993139
ptbxl,sample_00427,STTC,13,745.849609375,108.04805629843985,187.97242729414216,80.44517184942717
ptbxl,sample_00499,STTC,9,997.314453125,267.1591428975512,318.35787720123125,60.16156670746634
ptbxl,sample_00707,STTC,8,1000.9765625,33.23661760524436,45.71800750386764,59.94146341463415
ptbxl,sample_00756,STTC,10,871.8532986111111,106.05686560966738,178.331315869955,68.81891723708775
ptbxl,sample_00861,STTC,10,914.7135416666666,189.06323141161465,320.0617483287016,65.59430604982207
ptbxl,sample_00963,STTC,19,484.48350694444446,72.08521617724901,103.94502883731771,123.84322508398655
ptbxl,sample_01009,STTC,10,891.3845486111111,20.587745183387888,16.826231386828884,67.31101643335363
ptbxl,sample_01068,STTC,13,741.7805989583334,68.69017254634798,76.8946081446466,80.88645090510148
ptbxl,sample_01175,STTC,10,871.8532986111111,31.84244392336239,29.44906758255571,68.81891723708775
ptbxl,sample_01268,STTC,12,823.4197443181819,22.191050852227264,21.727144005163076,72.86684636118598
ptbxl,sample_01377,STTC,10,981.4453125,31.73828125,43.36503825276272,61.134328358208954
ptbxl,sample_01394,STTC,14,710.2614182692307,18.552051516537347,19.88410111144306,84.47593865679535
ptbxl,sample_01429,STTC,9,895.99609375,6.905339660024878,9.938481339826316,66.96457765667574
ptbxl,sample_01456,STTC,21,450.1953125,69.94891834056337,110.11569824168909,133.2754880694143
ptbxl,sample_01624,STTC,13,793.0501302083334,251.28449282456538,402.64434225186164,75.65726013340173
ptbxl,sample_01736,STTC,10,973.8498263888889,241.29334696678316,413.85616703671786,61.611142061281335
ptbxl,sample_01792,STTC,14,730.5438701923077,10.269097892497234,13.297635610651197,82.1305912596401
ptbxl,sample_01920,STTC,14,706.5054086538462,13.280384616650071,8.914755167727312,84.92503987240829
ptbxl,sample_01994,STTC,12,763.0504261363636,34.18602822679603,19.470119177125866,78.63176265270506
ptbxl,sample_02039,STTC,19,507.8125,9.765625,9.908196410076023,118.15384615384616
ptbxl,sample_02064,STTC,12,829.1903409090909,29.282074860131523,46.39956647736172,72.35974304068523
ptbxl,sample_02101,STTC,13,785.7259114583334,8.446594200906407,8.83334017317667,76.36250647332987
ptbxl,sample_02110,STTC,11,834.9609375,269.94687283747317,209.05053348249655,71.85964912280701
ptbxl,sample_02151,STTC,14,697.4909855769231,14.896733785345509,9.243014885742632,86.02261712439419
ptbxl,sample_02160,STTC,18,548.5983455882352,88.76687857262915,154.88024176716652,109.36963350785341
ptbxl,sample_02170,STTC,11,930.6640625,11.323259850863337,11.393229166666666,64.4700944386149
ptbxl,sample_02180,STTC,11,859.375,8.914755167727312,12.07063555842393,69.81818181818181
ptbxl,sample_02210,STTC,12,803.4446022727273,25.962941789576984,19.89409061275719,74.67845303867404
ptbxl,sample_02293,STTC,13,703.125,10.19986265365417,8.584463603432935,85.33333333333333
ptbxl,sample_02381,STTC,9,933.2275390625,185.59161342396428,212.9168613010989,64.29300196206671
ptbxl,sample_02390,STTC,8,1060.267857142857,20.6061188998368,23.161213331311373,56.589473684210525
ptbxl,sample_02403,STTC,10,888.671875,27.7290446572279,16.73743798926036,67.51648351648352
ptbxl,sample_02556,STTC,8,1004.4642857142857,47.90088717561243,73.78272758231209,59.733333333333334
ptbxl,sample_02693,STTC,9,988.76953125,13.308303591196228,14.175782249512817,60.681481481481484
ptbxl,sample_02734,STTC,18,562.9595588235294,202.23749902962618,191.12484545604778,106.57959183673469
ptbxl,sample_02865,STTC,15,645.9263392857143,9.845781953306902,10.043375869231474,92.88984881209502
ptbxl,sample_02867,STTC,16,603.8411458333334,17.765719396291914,13.624459392176764,99.36388140161725
ptbxl,sample_02922,STTC,13,753.9876302083334,168.80513755735467,153.70463150906235,79.57690232056125
ptbxl,sample_02938,STTC,10,931.5321180555555,17.224943431410093,17.94059870202523,64.41001747233547
ptbxl,sample_03033,STTC,11,930.6640625,19.69333784147679,15.696046160470305,64.4700944386149
ptbxl,sample_03078,STTC,9,963.134765625,15.605369225165383,17.21395463065439,62.29657794676806
ptbxl,sample_03220,STTC,12,765.7137784090909,19.751949095602797,14.566829970875292,78.35826086956521
ptbxl,sample_03282,STTC,9,954.58984375,5.836077194015594,6.654151795598114,62.85421994884911
ptbxl,sample_03317,STTC,13,730.3873697916666,13.243192656916037,12.05066757856732,82.14818941504178
ptbxl,sample_03326,STTC,9,897.8271484375,27.92030809589273,31.698012744145544,66.82800815771584
ptbxl,sample_03342,STTC,16,607.7473958333334,13.794228236997888,11.960399134683486,98.72522763792179
ptbxl,sample_03363,STTC,14,709.8858173076923,21.33389214859733,22.286887919318282,84.52063492063492
ptbxl,sample_03508,STTC,9,874.0234375,71.66740814197166,117.52126483910634,68.64804469273743
ptbxl,sample_03590,STTC,11,813.96484375,15.619912908867288,21.957580669322986,73.71325734853029
ptbxl,sample_03612,STTC,15,675.9207589285714,10.785513744206934,9.67126892246374,88.76780185758514
ptbxl,sample_04149,STTC,9,945.4345703125,6.874443130729291,9.589653379511384,63.462879276952876
ptbxl,sample_04230,STTC,13,752.3600260416666,82.58788157954653,89.13944698598158,79.74905354245539
ptbxl,sample_04329,STTC,13,718.5872395833334,86.61963077889386,138.51423498251432,83.49716874292186
ptbxl,sample_04342,STTC,7,1215.8203125,22.69326179418408,17.332264989549657,49.34939759036145
ptbxl,sample_04410,STTC,9,994.2626953125,8.631674575031099,13.435658680425657,60.34622467771639
ptbxl,sample_04476,STTC,10,914.7135416666666,23.417146109925387,23.920798269366973,65.59430604982207
ptbxl,sample_04501,STTC,11,824.21875,16.079543014620402,9.765625,72.79620853080569
ptbxl,sample_04508,STTC,13,785.7259114583334,9.184204013629154,9.075394309419776,76.36250647332987
ptbxl,sample_04687,STTC,10,913.0859375,21.836601342771385,32.1116856395652,65.71122994652407
ptbxl,sample_04769,STTC,23,400.390625,85.60022000198376,126.68007351856667,149.85365853658536
ptbxl,sample_04785,STTC,16,612.3046875,77.52981992188899,115.23851290240182,97.99043062200957
ptbxl,sample_04797,STTC,13,775.5533854166666,41.99494022866124,64.7945555877629,77.36411332633789
ptbxl,sample_04809,STTC,12,747.9580965909091,4.266908679225112,4.8828125,80.21839762611276
ptbxl,sample_04926,STTC,21,450.1953125,107.03100614047325,136.4063336027205,133.2754880694143
ptbxl,sample_04979,STTC,10,965.7118055555555,16.15351012473894,19.75880622099444,62.130337078651685
ptbxl,sample_05054,STTC,8,1055.385044642857,15.293046551716284,23.586225172834375,56.8512888301388
ptbxl,sample_05122,STTC,14,694.1105769230769,139.1936487965488,176.69440549533425,86.44155844155844
ptbxl,sample_05278,STTC,14,719.6514423076923,7.600701000919495,6.905339660024878,83.37369519832986
ptbxl,sample_05299,STTC,13,725.09765625,70.49782729597757,100.81236925403128,82.74747474747475
ptbxl,sample_05384,STTC,12,789.6839488636364,143.6093331946458,249.27224090429567,75.97976391231029
ptbxl,sample_05465,STTC,19,517.8493923611111,160.6967925211667,230.9147331482975,115.86380303823992
ptbxl,sample_05572,STTC,16,631.1848958333334,8.550732771200323,8.25345951883317,95.0593089221248
ptbxl,sample_05841,STTC,17,559.6923828125,7.5381094901753976,8.267203840625191,107.20174482006543
ptbxl,sample_05873,STTC,15,639.9972098214286,9.27720254555641,11.649686312553202,93.75040871934605
ptbxl,sample_05881,STTC,9,991.2109375,9.041211911841323,11.073177920192204,60.532019704433495
ptbxl,sample_06132,STTC,12,863.3700284090909,149.5100632061642,238.67415256943164,69.49511568123394
ptbxl,sample_06190,STTC,16,607.0963541666666,235.42381433309424,379.623251563692,98.83109919571046
ptbxl,sample_06192,STTC,14,679.4621394230769,153.37325432311906,195.042741769969,88.30514096185738
ptbxl,sample_06201,STTC,19,521.9184027777778,97.86983893258147,130.46180139562517,114.96049896049895
ptbxl,sample_06270,STTC,7,1208.49609375,58.65475340017676,77.26578298770501,49.64848484848485
ptbxl,sample_06304,STTC,13,760.9049479166666,177.08140217481147,173.166263822062,78.85347593582888
ptbxl,sample_06314,STTC,17,599.9348958333334,161.2793007467282,190.38049530608347,100.0108518719479
ptbxl,sample_06590,STTC,8,991.9084821428571,6.568288175142083,5.980199567341743,60.48945147679325
ptbxl,sample_06735,STTC,23,424.8046875,84.69352543881723,115.98974015287311,141.24137931034483
ptbxl,sample_06796,STTC,11,907.2265625,21.071031683180024,23.417146109925387,66.1356297093649
ptbxl,sample_06912,STTC,12,809.6590909090909,6.842275876419635,8.870069396769996,74.10526315789474
ptbxl,sample_07024,STTC,14,687.3497596153846,118.77307744826878,190.46620075959737,87.29180327868852
ptbxl,sample_07025,STTC,13,775.146484375,18.16570912166229,10.818588074355416,77.40472440944882
ptbxl,sample_07054,STTC,11,726.07421875,216.6615656716868,348.3871415967569,82.63618022864829
ptbxl,sample_07374,STTC,14,688.1009615384615,282.2999186216094,482.7136188470702,87.19650655021834
ptbxl,sample_07438,STTC,28,351.01996527777777,53.989072616031315,63.17246406739375,170.9304482225657
ptbxl,sample_07534,STTC,19,507.26996527777777,159.33317177961732,178.40650299262802,118.28021390374332
ptbxl,sample_07756,STTC,8,1107.700892857143,22.451837248090236,28.401576117537676,54.16624685138539
ptbxl,sample_07951,STTC,8,1113.28125,12.607367663435602,18.16073698276481,53.89473684210526
ptbxl,sample_07990,STTC,12,805.2201704545455,326.98408990948303,387.9178655150368,74.51378169790517
ptbxl,sample_08000,STTC,9,1011.962890625,22.1078738724058,24.133431768981854,59.29071170084439
ptbxl,sample_08036,STTC,13,723.0631510416666,9.644654990031835,8.70979086929536,82.98030388294879
ptbxl,sample_08114,STTC,16,617.8385416666666,9.386231491438036,8.850849288818026,97.1127502634352
ptbxl,sample_08136,STTC,14,690.3545673076923,32.360589595631026,55.56546228877462,86.91186071817194
ptbxl,sample_08212,STTC,12,824.7514204545455,187.08825418432224,181.95275181772593,72.74919268030139
ptbxl,sample_08242,STTC,11,824.70703125,354.5223021289935,418.0408704733569,72.75310834813499
ptbxl,sample_08450,STTC,12,826.0830965909091,27.60566022528209,17.469281074217108,72.631918323482
ptbxl,sample_08460,STTC,11,837.890625,83.09393510227596,118.5807656255663,71.60839160839161
ptbxl,sample_08533,STTC,16,578.7760416666666,146.69194123447915,178.72122884595012,103.66704161979753
ptbxl,sample_08591,STTC,10,943.4678819444445,12.867340739617429,14.749811979485562,63.595169637722826
ptbxl,sample_08625,STTC,18,528.7798713235294,195.76032572312093,174.33845957530733,113.4687669744704
ptbxl,sample_08736,STTC,12,843.3948863636364,25.474144214907184,40.58906726683673,71.14105263157894
ptbxl,sample_08795,STTC,10,862.0876736111111,121.51021679140851,212.5846694112752,69.59848961611077
ptbxl,sample_08808,STTC,15,671.38671875,6.838619837752826,8.237572190302474,89.36727272727273
ptbxl,sample_08834,STTC,12,790.5717329545455,110.64618065122,102.01456257703212,75.89444132509826
ptbxl,sample_09115,STTC,13,767.4153645833334,10.164384763018225,11.777786897568893,78.18451749734888
ptbxl,sample_09167,STTC,14,710.2614182692307,7.620782148203727,9.243014885742632,84.47593865679535
ptbxl,sample_09176,STTC,14,696.3641826923077,138.41630136918687,94.97457331311952,86.16181229773463
ptbxl,sample_09211,STTC,9,938.1103515625,379.106449054432,553.4804660581042,63.9583604424203
ptbxl,sample_09246,STTC,10,904.9479166666666,69.0965414945552,69.65499325042532,66.3021582733813
ptbxl,sample_09260,STTC,13,740.5598958333334,29.688823859039097,21.637176148710832,81.01978021978022
ptbxl,sample_09301,STTC,11,958.49609375,233.8324023387064,395.5245570443786,62.59806418746816
ptbxl,sample_09730,STTC,11,856.4453125,18.442988898717832,18.62878115602148,70.05701254275941
ptbxl,sample_09749,STTC,11,906.25,25.960158902834486,20.066451832581304,66.20689655172414
ptbxl,sample_09791,STTC,11,849.609375,7.278867114257127,9.349874099182989,70.62068965517241
ptbxl,sample_09833,STTC,14,656.9260817307693,13.463255664444166,12.368720828101125,91.33447684391079
ptbxl,sample_09863,STTC,11,893.06640625,16.82819925203494,17.68030678906285,67.18425369054128
ptbxl,sample_09867,STTC,11,868.1640625,96.61445172104693,151.94362685878372,69.11136107986502
ptbxl,sample_09897,STTC,13,720.6217447916666,8.699415891379017,5.70189656368303,83.26143421795597
ptbxl,sample_09943,STTC,9,1019.8974609375,273.48031467858425,445.29307234602993,58.829443447037704
ptbxl,sample_10054,STTC,13,695.80078125,110.20061452996674,177.59066172487877,86.23157894736842
ptbxl,sample_10102,STTC,15,664.4112723214286,130.18357037952902,139.22438895882084,90.30551181102362
ptbxl,sample_10160,STTC,21,446.533203125,6.4301478174858735,8.531143437858672,134.36850738108257
ptbxl,sample_10196,STTC,21,461.42578125,75.88436006593295,123.92707935726226,130.03174603174602
ptbxl,sample_10200,STTC,16,591.796875,218.11006323896407,241.53534589434653,101.38613861386139
ptbxl,sample_10342,STTC,13,716.9596354166666,194.74386031305653,268.36899571918815,83.68671963677639
ptbxl,sample_10517,STTC,7,1166.1783854166667,317.45667209500175,352.909474725565,51.450104675505926
ptbxl,sample_10624,STTC,9,1069.3359375,42.40704283920386,58.56467842788048,56.10958904109589
ptbxl,sample_10675,STTC,19,506.45616319444446,8.341325405600879,9.837168996750751,118.47027316550616
ptbxl,sample_10743,STTC,16,614.9088541666666,9.12868939272401,9.589653379511384,97.57543673901536
ptbxl,sample_10925,STTC,10,968.4244791666666,8.802615418613255,13.483106710433669,61.9563025210084
ptbxl,sample_11030,STTC,13,779.2154947916666,16.845006178627422,18.8536581867856,77.0005221932115
ptbxl,sample_11420,STTC,15,657.0870535714286,8.285142781278072,9.765625,91.31210191082803
ptbxl,sample_11550,STTC,14,668.5697115384615,188.9261635681356,298.6010517722716,89.7438202247191
ptbxl,sample_11644,STTC,13,723.4700520833334,38.94209366732205,18.030980123925694,82.93363329583802
ptbxl,sample_11758,STTC,8,1122.349330357143,22.451837248090236,25.05664765354924,53.45929148539465
ptbxl,sample_11788,STTC,16,604.8177083333334,8.630030289927117,9.852432262713124,99.20344456404736
ptbxl,sample_11868,STTC,8,1111.1886160714287,54.435304171670396,80.50473097015774,53.996233521657246
ptbxl,sample_11916,STTC,16,626.6276041666666,16.159366028547296,11.672154388031188,95.75064935064935
ptbxl,sample_12126,STTC,10,864.2578125,11.187928942763282,10.358009490037317,69.42372881355932
ptbxl,sample_12353,STTC,17,596.923828125,16.582403160091182,18.699748198365977,100.51533742331289
ptbxl,sample_12519,STTC,14,697.4909855769231,12.263241975146116,13.44621715646021,86.02261712439419
ptbxl,sample_12568,STTC,16,619.140625,136.09701985139222,180.46128370213572,96.90851735015772
ptbxl,sample_12596,STTC,16,632.8125,36.99354868139807,36.30584174015933,94.81481481481481
ptbxl,sample_12776,STTC,9,972.900390625,7.265857511160595,8.044477256327285,61.67126725219573
ptbxl,sample_13007,STTC,13,771.0774739583334,17.965750261693064,22.760020851019654,77.8131926121372
ptbxl,sample_13139,STTC,14,724.9098557692307,155.35243534242767,173.98624158228256,82.76891191709845
ptbxl,sample_13143,STTC,19,527.6150173611111,5.672628731186059,7.105535889736318,113.71928020565554
ptbxl,sample_13238,STTC,22,456.19419642857144,6.4725227174453375,7.075867551850312,131.52293577981652
ptbxl,sample_13333,STTC,11,876.953125,178.000673328512,206.615999225124,68.41870824053453
ptbxl,sample_13361,STTC,10,926.1067708333334,91.08768606532045,79.86048454002015,64.78734622144113
ptbxl,sample_13397,STTC,16,586.2630208333334,11.144717423346478,9.67803915004995,102.34314269850083
ptbxl,sample_13446,STTC,8,1053.989955357143,54.111063717881365,30.81721391399982,56.926538716082064
ptbxl,sample_13479,STTC,11,827.63671875,9.833207986323709,10.033225916290652,72.49557522123894
ptbxl,sample_13867,STTC,8,1148.158482142857,39.711063971792086,50.39005722790599,52.25759416767922
ptbxl,sample_14131,STTC,9,958.8623046875,325.26314844907495,528.0666341638974,62.574156588160406
ptbxl,sample_14217,STTC,10,1051.4322916666667,106.61428496532251,123.29705856168418,57.06501547987616
ptbxl,sample_14238,STTC,18,544.0027573529412,110.99754674249334,152.04983259528646,110.29355860612459
ptbxl,sample_14244,STTC,12,842.0632102272727,10.093054865857665,13.636953167743107,71.2535582498682
ptbxl,sample_14384,STTC,11,790.0390625,77.0941649378837,130.03528539956946,75.94561186650185
ptbxl,sample_14392,STTC,8,1070.7310267857142,8.786478621508177,6.611359378772755,56.036482084690554
ptbxl,sample_14628,STTC,21,455.078125,124.79584736987367,147.47046795186841,131.84549356223175
ptbxl,sample_14674,STTC,11,834.47265625,16.984889776295006,9.207119546699838,71.9016968987712
ptbxl,sample_15139,STTC,13,726.7252604166666,8.79234997439961,8.70979086929536,82.56215005599104
ptbxl,sample_15631,STTC,17,543.51806640625,193.02632326271086,165.29600468565192,110.39191465468838
ptbxl,sample_15729,STTC,10,984.7005208333334,46.06436099637014,59.52727216912407,60.93223140495868
ptbxl,sample_15744,STTC,13,678.7109375,34.21137938209818,14.273735077071668,88.40287769784173
ptbxl,sample_15757,STTC,14,702.7493990384615,64.02077714798423,120.2996581519035,85.37894174238374
ptbxl,sample_15795,STTC,13,718.5872395833334,30.869917976300453,18.210397280509603,83.49716874292186
ptbxl,sample_15800,STTC,11,854.00390625,228.751644830401,263.01297720579623,70.25728987993139
ptbxl,sample_15858,STTC,19,466.30859375,151.24437246577114,226.18359185908088,128.67015706806282
ptbxl,sample_15864,STTC,12,830.9659090909091,15.100160902659997,15.746597164645605,72.2051282051282
ptbxl,sample_15874,STTC,11,795.8984375,29.656359307110346,18.124232951920643,75.38650306748467
ptbxl,sample_15926,STTC,9,1087.646484375,27.466789107417938,15.659838393306115,55.16498316498316
ptbxl,sample_16101,STTC,11,847.16796875,34.31505312875654,47.675190481369825,70.8242074927954
ptbxl,sample_16119,STTC,14,683.2181490384615,134.70518868513906,128.9715842165204,87.81968114348543
ptbxl,sample_16132,STTC,14,682.4669471153846,190.09713473778828,258.3318546211827,87.91634562465602
ptbxl,sample_16239,STTC,12,758.6115056818181,237.02796131357397,316.54034822313355,79.09186658864834
ptbxl,sample_16511,STTC,15,664.7600446428571,8.534375543842355,11.88348258680617,90.25813221406086
ptbxl,sample_16535,STTC,19,503.47222222222223,72.16947459958955,83.21031203856512,119.17241379310344
ptbxl,sample_16591,STTC,10,947.265625,117.82156750013334,199.74075443035585,63.34020618556701
ptbxl,sample_16658,STTC,11,805.6640625,3.986799711561162,6.710783895862078,74.47272727272727
ptbxl,sample_16707,STTC,11,856.93359375,117.9142773569262,132.9365070327654,70.01709401709402
ptbxl,sample_16750,STTC,22,438.0580357142857,74.35904415291645,108.94253929331637,136.96815286624204
ptbxl,sample_16871,STTC,10,884.3315972222222,151.98502868962856,244.3175628363932,67.8478527607362
ptbxl,sample_16908,STTC,7,1186.5234375,43.563882857803634,60.63344365732573,50.5679012345679
ptbxl,sample_16915,STTC,11,898.92578125,15.855571455673898,12.07063555842393,66.74633351439435
ptbxl,sample_16975,STTC,14,696.7397836538462,60.54111955042639,80.75114945576772,86.1153638814016
ptbxl,sample_17140,STTC,12,787.0205965909091,187.43664220145158,200.07618406785036,76.23688663282572
ptbxl,sample_17252,STTC,12,817.6491477272727,183.3411716855787,175.42824798312753,73.38110749185668
ptbxl,sample_17259,STTC,14,654.6724759615385,291.4420230406069,440.3947702171809,91.64888123924268
ptbxl,sample_17316,STTC,10,912.5434027777778,68.98622868659747,109.27850008464388,65.75029726516053
ptbxl,sample_17323,STTC,8,1081.1941964285713,69.67536437748046,117.4753680011067,55.4941935483871
ptbxl,sample_17536,STTC,16,599.2838541666666,54.60605915064318,89.7978671416253,100.11950027159153
ptbxl,sample_17590,STTC,12,817.6491477272727,11.212119087637685,13.19263289658818,73.38110749185668
ptbxl,sample_17648,STTC,11,842.28515625,66.16366088599558,47.50820156030737,71.23478260869565
ptbxl,sample_17655,STTC,10,885.4166666666666,44.350346983849974,20.9306984856961,67.76470588235294
ptbxl,sample_17818,STTC,14,718.1490384615385,19.880257658983954,14.783448994616657,83.54811715481172
ptbxl,sample_17839,STTC,10,845.2690972222222,24.223431097228545,31.73828125,70.98331193838254
ptbxl,sample_17959,STTC,8,1090.2622767857142,167.79440854438573,271.8488775689801,55.03262955854127
ptbxl,sample_17983,STTC,13,645.751953125,319.3274192745076,464.45088873443785,92.91493383742912
ptbxl,sample_18266,STTC,11,855.46875,24.119314521930605,21.592609312209635,70.13698630136986
ptbxl,sample_18296,STTC,14,655.4236778846154,17.50947856268168,10.453477033418887,91.54383954154729
ptbxl,sample_18422,STTC,13,759.6842447916666,15.918858324743383,21.637176148710832,78.98018211033744
ptbxl,sample_18425,STTC,15,664.4112723214286,8.873022641199011,10.134268001225992,90.30551181102362
ptbxl,sample_18464,STTC,15,641.0435267857143,12.765697348460701,16.696297153615436,93.59738846572361
ptbxl,sample_18708,STTC,11,882.8125,17.499583405879704,23.754100780153685,67.96460176991151
ptbxl,sample_18808,STTC,9,897.8271484375,83.94370884610244,37.86710253387267,66.82800815771584
ptbxl,sample_18937,STTC,12,814.5419034090909,166.18526176070404,171.92770409975154,73.66103542234333
ptbxl,sample_19209,STTC,10,907.1180555555555,22.61139972241179,25.721810920050633,66.14354066985646
ptbxl,sample_19226,STTC,18,533.3754595588235,166.71005787454646,195.97133143626792,112.49111470113085
ptbxl,sample_19250,STTC,9,950.3173828125,30.430260125933223,27.248918784353528,63.13680154142582
ptbxl,sample_19251,STTC,10,901.1501736111111,19.700062560075203,25.779677834402925,66.58157736303431
ptbxl,sample_19268,STTC,13,733.642578125,13.513214168935344,21.98498312684622,81.78369384359401
ptbxl,sample_19328,STTC,16,612.9557291666666,80.01742127874917,120.66715884490928,97.88635156664897
ptbxl,sample_19427,STTC,10,942.3828125,75.3679152364899,77.51224544134543,63.66839378238342
ptbxl,sample_19517,STTC,12,789.6839488636364,19.78484162312657,35.71469442951121,75.97976391231029
ptbxl,sample_19547,STTC,17,554.50439453125,6.663742218728604,6.905339660024878,108.20473307649972
ptbxl,sample_19914,STTC,12,778.5866477272727,12.42263433928395,8.734640537108554,77.06271379703534
ptbxl,sample_19990,STTC,12,779.0305397727273,123.3210076523875,162.00344807287283,77.01880341880342
ptbxl,sample_20024,STTC,11,953.125,247.71472389013567,307.63441034237957,62.950819672131146
ptbxl,sample_20049,STTC,15,652.5530133928571,11.266687334291701,12.703977257577947,91.94655264564405
ptbxl,sample_20068,STTC,14,677.5841346153846,54.41484497390767,59.35178604073837,88.54988913525499
ptbxl,sample_20084,STTC,18,556.3534007352941,145.68334233709714,237.5295068581278,107.84512132163138
ptbxl,sample_20152,STTC,18,510.3975183823529,183.1877878683577,279.6316208241042,117.55543050084412
ptbxl,sample_20563,STTC,13,737.7115885416666,24.23212869529706,32.35543704570654,81.33259790402649
ptbxl,sample_20566,STTC,16,605.7942708333334,8.349194645175562,8.25345951883317,99.04352498656635
ptbxl,sample_20753,STTC,10,962.9991319444445,20.247160326537646,29.44906758255571,62.305352112676054
ptbxl,sample_20776,STTC,14,705.0030048076923,13.00125606570795,14.983685416277643,85.10602024507193
ptbxl,sample_20801,STTC,14,719.6514423076923,47.19512395925661,29.09271310501217,83.37369519832986
ptbxl,sample_20873,STTC,9,1000.9765625,26.997771317471578,30.38125242798907,59.94146341463415
ptbxl,sample_20939,STTC,10,1008.0295138888889,241.8238599951762,309.67869350564746,59.522066738428414
ptbxl,sample_21017,STTC,15,652.2042410714286,12.949092658824139,14.395859297428487,91.9957219251337
ptbxl,sample_21099,STTC,10,845.8116319444445,24.750824097893148,31.02603766391317,70.93778062860808
cpsc,A0026,AF,13,794.677734375,202.19501935369334,230.33121528215418,75.50230414746544
cpsc,A0071,AF,10,963.5416666666666,178.80696702734917,241.60055593590846,62.270270270270274
cpsc,A0079,AF,17,586.24267578125,66.8896304374953,81.09977724269719,102.34669442998438
cpsc,A0086,AF,21,473.876953125,110.8876087161006,136.70039232955807,126.61514683153014
cpsc,A0117,AF,19,527.6150173611111,184.99027801451064,222.94857334368785,113.71928020565554
cpsc,A0186,AF,17,596.923828125,77.54299816838014,108.04153660890103,100.51533742331289
cpsc,A0214,AF,20,494.44901315789474,126.33440166866261,186.29136663720027,121.34719334719334
cpsc,A0220,AF,18,552.0450367647059,86.4456169208435,120.15712663308405,108.68678459937566
cpsc,A0351,AF,12,839.84375,306.8178478714381,309.0477030946613,71.44186046511628
cpsc,A0384,AF,18,533.6626838235294,59.37098203120234,101.00165817108206,112.43057050592034
cpsc,A0435,AF,19,509.9826388888889,133.53474495008228,144.36269856835102,117.65106382978723
cpsc,A0491,AF,12,784.8011363636364,147.7660548382027,203.0216834603588,76.4524886877828
cpsc,A0503,AF,24,403.15047554347825,53.94902371959234,53.508787977741996,148.82780410742495
cpsc,A0513,AF,12,829.6342329545455,257.1017975661496,353.3888109906685,72.32102728731942
cpsc,A0519,AF,16,611.6536458333334,217.54142462793772,226.24116105033588,98.09473124002128
cpsc,A0525,AF,20,489.56620065789474,91.62185766229258,134.42768966339025,122.55748031496063
cpsc,A0530,AF,22,437.8255208333333,50.25582037219721,66.67319106918937,137.04089219330857
cpsc,A0549,AF,16,566.7317708333334,178.25816697147258,192.4357407136856,105.87018954623778
cpsc,A0564,AF,23,422.80717329545456,109.542812308626,134.50438226147128,141.90866141732283
cpsc,A0601,AF,17,559.38720703125,170.44647033907088,178.66023443989204,107.26022913256956
cpsc,A0613,AF,13,739.74609375,175.09557912989334,193.3719291149514,81.10891089108911
cpsc,A0656,AF,17,555.72509765625,94.76881625134523,133.98257181123836,107.9670510708402
cpsc,A0707,AF,26,365.8203125,48.29461136080179,70.63220772211638,164.0149492792312
cpsc,A0713,AF,19,548.8855698529412,220.6203259705749,275.28682402823245,109.31240188383045
cpsc,A0737,AF,15,673.828125,127.85999597249774,179.95715878584056,89.04347826086956
cpsc,A0833,AF,24,403.15047554347825,53.94902371959234,53.508787977741996,148.82780410742495
cpsc,A0862,AF,25,395.7112630208333,19.073654395206095,15.474339456642257,151.62570694087404
cpsc,A0883,AF,22,456.4267113095238,118.2771912095733,150.77141448045938,131.45593479368316
cpsc,A0912,AF,13,753.5807291666666,222.30410271507537,205.38966967590943,79.61987041036717
cpsc,A0925,AF,14,707.2566105769231,121.02163737578493,194.95104085457348,84.8348380244291
cpsc,A0963,AF,16,543.6197916666666,176.10711466276618,269.92724533369636,110.37125748502994
cpsc,A0979,AF,16,577.1484375,155.76095341700693,206.95045724978297,103.95939086294416
cpsc,A0993,AF,18,533.0882352941177,117.95094455616358,158.2353347202268,112.55172413793103
cpsc,A1093,AF,21,467.7734375,160.86079636507463,199.29381728760833,128.26722338204593
cpsc,A1149,AF,16,599.9348958333334,84.42903164498489,120.17926994287538,100.0108518719479
cpsc,A1163,AF,23,418.1463068181818,91.40553276014064,146.53087059710805,143.4904458598726
cpsc,A1180,AF,21,446.2890625,171.0518284829009,220.86578756975138,134.44201312910283
cpsc,A1181,AF,13,742.5944010416666,302.93805531710956,474.2159199055322,80.79780821917808
cpsc,A1201,AF,14,724.1586538461538,77.03361150088246,89.34790852010649,82.85477178423237
cpsc,A1260,AF,20,507.2985197368421,101.25077801788926,185.7002917922254,118.27355623100304
cpsc,A1291,AF,22,452.24144345238096,76.91749004015222,100.28802400785158,132.67249357326477
cpsc,A1292,AF,13,710.0423177083334,101.73177062501334,134.33584404901055,84.50200573065902
cpsc,A1297,AF,16,616.2109375,147.80607227393034,214.19675433674118,97.36925515055468
cpsc,A1299,AF,18,554.3428308823529,117.88627377663535,169.72602870492872,108.23626943005182
cpsc,A1306,AF,11,833.984375,299.55699849119213,465.3894976703164,71.94379391100702
cpsc,A1344,AF,18,530.5032169117648,147.1840101228288,201.26799722130406,113.10016242555494
cpsc,A1411,AF,15,610.3515625,191.2992888199531,279.9366338522766,98.304
cpsc,A1423,AF,23,422.58522727272725,114.10217264821468,160.1752470404289,141.98319327731093
cpsc,A1424,AF,19,519.2057291666666,215.17641148955764,308.4230952358033,115.56112852664577
cpsc,A1514,AF,15,622.55859375,67.27085572708776,94.9423839973964,96.37647058823529
cpsc,A1532,AF,17,599.67041015625,148.25555458834728,163.00112409145567,100.05496183206107
cpsc,A1583,AF,9,979.00390625,170.32948980419891,228.80102274968138,61.28678304239401
cpsc,A1585,AF,20,498.8178453947368,124.89423683355905,175.61916837893995,120.28438948995364
cpsc,A1624,AF,22,456.4267113095238,118.2771912095733,150.77141448045938,131.45593479368316
cpsc,A1626,AF,16,591.796875,145.93927596474063,185.88157811189515,101.38613861386139
cpsc,A1712,AF,24,392.53566576086956,62.143507801621006,94.9498470376933,152.85235262303948
cpsc,A1718,AF,22,448.2886904761905,96.73169578004206,129.0254908371466,133.8423236514523
cpsc,A1720,AF,18,529.0670955882352,165.6286884875165,221.9062353364343,113.40716612377851
cpsc,A1792,AF,13,758.056640625,270.37753807630264,355.4832615591242,79.14975845410628
cpsc,A1870,AF,24,390.625,77.07760701322596,104.16435470327309,153.6
cpsc,A1895,AF,22,457.12425595238096,143.9682687534513,210.78542242876208,131.25534079348932
cpsc,A1927,AF,14,695.6129807692307,92.52930513359597,153.5500265439639,86.25485961123111
cpsc,A1932,AF,20,475.43174342105266,96.78718286863533,125.38891794766542,126.20108108108107
cpsc,A1957,AF,12,832.7414772727273,238.19281902759025,242.5337746293029,72.05117270788912
cpsc,A1958,AF,16,598.6328125,79.07400037890804,105.29227857835852,100.2283849918434
cpsc,A1978,AF,19,499.40321180555554,118.29295299828038,133.14324086229902,120.14340032590984
cpsc,A2011,AF,14,700.8713942307693,129.0888467489512,209.60104208340167,85.60771704180064
cpsc,A2105,AF,20,501.13075657894734,88.34473683740163,127.16682901367918,119.72923076923078
cpsc,A2109,AF,10,917.4262152777778,381.1913589377002,633.0519799981496,65.40035481963335
cpsc,A2148,AF,23,430.13139204545456,66.02611297694976,115.10543444444303,139.4922600619195
cpsc,A2157,AF,14,713.6418269230769,136.51290880382751,182.24079693868674,84.07578947368421
cpsc,A2159,AF,10,993.3810763888889,299.20039816482534,484.921915709769,60.399781540141994
cpsc,A2161,AF,16,577.1484375,155.76095341700693,206.95045724978297,103.95939086294416
cpsc,A2223,AF,19,504.01475694444446,167.65949512392933,214.74907568926164,119.04413347685683
cpsc,A2297,AF,18,530.5032169117648,147.1840101228288,201.26799722130406,113.10016242555494
cpsc,A2336,AF,10,917.4262152777778,236.51978398651445,326.21335433998354,65.40035481963335
cpsc,A2357,AF,11,833.984375,299.55699849119213,465.3894976703164,71.94379391100702
cpsc,A2389,AF,14,735.0510817307693,338.0362746750249,490.0663171382843,81.62698007153806
cpsc,A2406,AF,8,1194.1964285714287,168.90713811417154,236.13165473075696,50.242990654205606
cpsc,A2455,AF,17,594.78759765625,132.97299430220505,146.13130192238057,100.87634684453566
cpsc,A2479,AF,16,601.8880208333334,64.20922749846466,106.40242726377424,99.68631692806922
cpsc,A2517,AF,18,543.7155330882352,133.35242952777068,186.74763093030404,110.35182250396197
cpsc,A2529,AF,18,549.7472426470588,115.94827698964787,184.72993598772916,109.141065830721
cpsc,A2535,AF,15,674.1768973214286,221.27330431593325,290.98386103754086,88.99741334712881
cpsc,A2539,AF,10,941.8402777777778,388.5246607218133,664.6770550723659,63.70506912442396
cpsc,A2548,AF,13,734.86328125,214.39434369673342,318.4667896471726,81.64784053156146
cpsc,A2607,AF,12,808.7713068181819,252.505835354981,377.52067256685694,74.18660812294182
cpsc,A2611,AF,21,461.9140625,73.888662827936,98.08576392148593,129.89429175475686
cpsc,A2627,AF,15,648.3677455357143,120.17272957443828,189.41091359152227,92.54007530930608
cpsc,A2642,AF,18,538.2582720588235,84.35278373563987,110.24240141480114,111.47065101387406
cpsc,A2645,AF,18,527.0565257352941,179.79154964548346,225.9191388996669,113.83978201634876
cpsc,A2647,AF,17,558.4716796875,112.97319993522864,145.05049078550505,107.43606557377049
cpsc,A2653,AF,7,1119.7916666666667,272.13814230592766,350.0401065190602,53.581395348837205
cpsc,A2712,AF,18,557.861328125,164.2009816718484,249.22760217265878,107.55361050328227
cpsc,A2714,AF,20,490.8511513157895,125.21310676633242,174.0128848492551,122.23664921465968
cpsc,A2715,AF,25,383.0973307291667,71.25472574204375,88.92828913538732,156.61816250663833
cpsc,A2759,AF,28,345.9563078703704,38.1769289819213,59.54844974361834,173.43230527966543
cpsc,A2794,AF,12,749.7336647727273,118.1471860600498,141.3066028172635,80.0284191829485
cpsc,A2833,AF,21,474.853515625,58.526787222986066,68.38690411380804,126.3547557840617
cpsc,A2839,AF,19,512.4240451388889,117.33666859695605,175.9487177140626,117.09052408681842
cpsc,A2845,AF,15,681.5011160714286,166.98180088473248,221.87369068292577,88.04094165813716
cpsc,A2848,AF,19,488.28125,95.19827167716541,164.53062317890067,122.88
cpsc,A2852,AF,19,519.2057291666666,125.38581099312246,153.4651368505054,115.56112852664577
cpsc,A2887,AF,20,479.2865953947368,84.96753430857514,88.98396440648858,125.18605898123324
cpsc,A2899,AF,20,471.57689144736844,145.37991280128676,242.87050256749632,127.23269754768391
cpsc,A2964,AF,13,786.1328125,238.11819122781853,341.9014906862737,76.32298136645963
cpsc,A2987,AF,15,651.1579241071429,133.55125122410777,157.73943613710892,92.14354579539368
cpsc,A3039,AF,11,890.625,221.00922878936402,395.2900688766635,67.36842105263158
cpsc,A3088,AF,16,656.0407366071429,109.42809344846657,173.38083759910438,91.45773524720893
cpsc,A3115,AF,14,688.1009615384615,180.30587136742957,209.27850577868008,87.19650655021834
cpsc,A3169,AF,13,733.2356770833334,152.242892416643,193.3943451503962,81.82907880133185
cpsc,A3180,AF,17,554.8095703125,109.0063512742417,167.1130243241472,108.14521452145215
cpsc,A3205,AF,14,706.8810096153846,145.68403657475343,193.09244451427753,84.87991498405951
cpsc,A3224,AF,18,544.5772058823529,87.65494468143457,143.83592110991637,110.17721518987342
cpsc,A3254,AF,14,673.828125,159.90745013489078,181.48151388333838,89.04347826086956
cpsc,A3259,AF,18,554.6300551470588,131.62167493139583,193.52283696891516,108.18021750388401
cpsc,A3279,AF,16,611.9791666666666,174.68956121770083,239.48547386581004,98.04255319148936
cpsc,A3282,AF,14,721.9050480769231,161.16790270840295,248.88776686203556,83.11342351716961
cpsc,A3308,AF,17,605.16357421875,160.59894939299076,259.67811123753177,99.14674735249622
cpsc,A3321,AF,9,854.4921875,168.1560093527594,199.035046932884,70.21714285714286
cpsc,A3371,AF,22,446.19605654761904,65.04368470365796,83.68718994630181,134.47003647733194
cpsc,A3387,AF,15,609.3052455357143,202.3790970125246,315.09495758290177,98.47281053234114
cpsc,A3397,AF,22,442.47581845238096,121.49744671697789,181.3654301837786,135.60063058328953
cpsc,A3398,AF,14,682.8425480769231,189.61252700922907,263.3363449149812,87.86798679867987
cpsc,A3432,AF,11,875.48828125,191.32554478582372,253.84886003389033,68.53318460680424
cpsc,A3483,AF,19,514.8654513888889,129.86080690561408,179.32779743840817,116.53530031612223
cpsc,A3504,AF,18,542.2794117647059,87.69493507754824,125.05506256422855,110.64406779661017
cpsc,A3510,AF,8,1071.4285714285713,108.37413592352111,158.19609198616132,56.00000000000001
cpsc,A3517,AF,20,508.0837673611111,159.36470942046142,246.38786513986003,118.09076348104645
cpsc,A3589,AF,16,608.7239583333334,143.3664959873435,182.94030869782765,98.56684491978609
cpsc,A3627,AF,13,723.876953125,378.5482501174175,493.3508133974247,82.88701517706576
cpsc,A3649,AF,16,629.2317708333334,230.58684912354184,330.55852400459565,95.35437144335229
cpsc,A3677,AF,23,427.02414772727275,76.86104466121654,107.39016374469648,140.5072765072765
cpsc,A3678,AF,15,575.8231026785714,254.501200363368,411.4108059730678,104.19866747425802
cpsc,A3715,AF,25,394.6940104166667,81.97950754477105,113.21937438230879,152.01649484536082
cpsc,A3737,AF,12,850.4971590909091,220.9365359296706,299.0897037326866,70.54697286012527
cpsc,A3754,AF,14,640.0240384615385,180.12947832547465,224.37484216994434,93.74647887323944
cpsc,A3760,AF,19,493.4353298611111,70.96593516184137,91.14155906250693,121.59648158328753
cpsc,A3763,AF,21,442.3828125,106.05108105782858,138.4199043395771,135.6291390728477
cpsc,A3786,AF,23,436.56782670454544,112.06341240351735,152.34658188569094,137.43568886629384
cpsc,A3787,AF,16,590.4947916666666,75.67721807342657,117.02026059483595,101.60970231532525
cpsc,A3888,AF,22,457.3567708333333,138.74693079580956,150.2764379818074,131.18861209964413
cpsc,A3951,AF,18,552.9067095588235,191.7050377696837,254.79966484568786,108.5174025974026
cpsc,A4016,AF,10,1003.1467013888889,241.9963341987893,241.7300426210077,59.81179015684153
cpsc,A4039,AF,19,523.8172743055555,173.40197464105972,207.91366793833757,114.54375970999483
cpsc,A4053,AF,19,515.13671875,142.61559694054608,170.45060151513223,116.4739336492891
cpsc,A4075,AF,15,642.7873883928571,319.0432891825104,507.87028147597925,93.3434617471514
cpsc,A4094,AF,19,509.71137152777777,133.14470383818443,204.6879494725925,117.71367748802555
cpsc,A4108,AF,13,707.1940104166666,133.62133681615413,188.3755672501752,84.84234752589184
cpsc,A4112,AF,25,388.5904947916667,76.14841900966051,91.76796202855505,154.4041884816754
cpsc,A4177,AF,17,596.61865234375,154.00836222928228,222.64768349748638,100.56675191815857
cpsc,A4194,AF,16,593.4244791666666,97.67136229794838,146.18179314436836,101.10806363137685
cpsc,A4229,AF,13,681.5592447916666,178.63667728603318,287.57010950756177,88.0334328358209
cpsc,A4261,AF,15,624.6512276785714,112.07524321317814,139.46787471151725,96.0536013400335
cpsc,A4272,AF,13,782.470703125,264.40348737534,418.97624928818567,76.6801872074883
cpsc,A4306,AF,23,411.4879261363636,56.98637405620987,65.34495557464454,145.81229773462783
cpsc,A4350,AF,17,580.74951171875,191.60269692513197,152.8666074273291,103.3147661586968
cpsc,A4476,AF,15,634.0680803571429,147.59267656874312,161.60446886448145,94.62706270627062
cpsc,A4522,AF,14,650.9164663461538,141.18541545469785,170.57260605490166,92.17772648586268
cpsc,A4527,AF,15,679.7572544642857,353.0314663565179,515.7215943813901,88.2668034889687
cpsc,A4544,AF,22,442.0107886904762,176.33389584867697,252.77693565517157,135.74329300368228
cpsc,A4565,AF,19,494.7916666666667,127.43826985449245,167.7760990681166,121.26315789473684
cpsc,A4568,AF,19,509.71137152777777,142.033116875234,156.94854764502102,117.71367748802555
cpsc,A4584,AF,10,968.9670138888889,294.360211957758,449.808811263256,61.92161254199328
cpsc,A4586,AF,17,584.41162109375,249.71958169141053,345.9223682433303,102.66736292428199
cpsc,A4594,AF,13,728.3528645833334,227.86511177563182,204.07161351878017,82.37765363128491
cpsc,A4663,AF,14,676.8329326923077,154.40214998854853,262.1794484250682,88.64816870144284
cpsc,A4691,AF,18,539.1199448529412,123.61159329104264,181.42539778402056,111.29248801278635
cpsc,A4696,AF,25,383.30078125,27.84562233707472,29.296875,156.53503184713375
cpsc,A4709,AF,25,393.6767578125,55.92922020621641,73.68666085804558,152.4093023255814
cpsc,A4779,AF,15,641.0435267857143,92.75225457630563,122.55762107432747,93.59738846572361
cpsc,A4821,AF,22,425.9672619047619,68.6882567481989,109.96631453327537,140.85589519650654
cpsc,A4855,AF,16,605.1432291666666,142.44651816993274,219.93959786690596,99.15008068854223
cpsc,A4874,AF,22,448.9862351190476,71.0524921881508,92.74773492643567,133.6343863283273
cpsc,A4905,AF,16,606.7708333333334,93.07521602437264,134.54025094134755,98.88412017167381
cpsc,A4919,AF,14,664.8137019230769,106.54617158081935,155.0757471217779,90.25084745762712
cpsc,A4950,AF,12,842.5071022727273,241.15719721326107,307.9347938773295,71.21601685985247
cpsc,A4997,AF,14,714.3930288461538,146.38104829343663,239.3117830815855,83.98738170347004
cpsc,A5054,AF,16,621.4192708333334,86.53284255693367,95.78103322609326,96.55316919853325
cpsc,A5073,AF,19,503.47222222222223,200.22605636821947,286.51653385338517,119.17241379310344
cpsc,A5078,AF,25,381.2662760416667,48.07755035025202,54.84724702982839,157.37033084311634
cpsc,A5083,AF,13,678.3040364583334,191.22428477878907,224.52250975922905,88.45590881823635
cpsc,A5093,AF,14,700.8713942307693,129.0888467489512,209.60104208340167,85.60771704180064
cpsc,A5128,AF,15,625.3487723214286,110.22724975980458,173.602829434049,95.94645844952593
cpsc,A5138,AF,14,645.6580528846154,126.95553267564053,182.81226524924833,92.92844677137872
cpsc,A5139,AF,18,547.7366727941177,212.70544621112845,310.881716070882,109.5416885159937
cpsc,A5170,AF,13,764.5670572916666,262.4479889088612,264.8202056526475,78.47578499201704
cpsc,A5181,AF,23,424.8046875,69.18480185059182,104.89256295016122,141.24137931034483
cpsc,A5187,AF,15,659.5284598214286,141.1600518789268,242.00159704575054,90.97408778424115
cpsc,A5188,AF,14,656.1748798076923,283.059539957577,448.55926313787523,91.43903835145966
cpsc,A5190,AF,12,718.6612215909091,381.60870160228666,730.0596672651723,83.48857319332922
cpsc,A5195,AF,14,685.0961538461538,102.46898599412319,158.1898122452944,87.57894736842105
cpsc,A5240,AF,20,481.59950657894734,87.84857643239971,120.09027829229633,124.58484525080043
cpsc,A5284,AF,14,690.7301682692307,138.80441819396913,208.3031314574792,86.86460032626428
cpsc,A5343,AF,22,428.7574404761905,120.23641035670114,210.0091923109618,139.93926247288502
cpsc,A5382,AF,11,902.34375,233.1829131153632,409.44193647891274,66.49350649350649
cpsc,A5388,AF,17,587.46337890625,137.48065639027274,156.95033479662743,102.13402597402597
cpsc,A5397,AF,12,780.8061079545455,128.6035772757219,161.1254141293953,76.84366117111995
cpsc,A5404,AF,6,1274.4140625,412.95143625176144,755.0381874380568,47.08045977011494
cpsc,A5406,AF,21,446.2890625,116.75194895396716,163.02960538293902,134.44201312910283
cpsc,A5412,AF,14,681.3401442307693,114.5748144153026,161.1328125,88.0617420066152
cpsc,A5433,AF,16,608.7239583333334,199.14339636836328,302.9396310583077,98.56684491978609
cpsc,A5442,AF,10,881.6189236111111,268.7445075683811,301.09082428916753,68.05661538461538
cpsc,A5607,AF,12,781.25,106.46322957006461,129.509640721434,76.8
cpsc,A5622,AF,19,511.8815104166667,147.43154639288517,212.10748661106908,117.21462639109697
cpsc,A5630,AF,16,598.9583333333334,131.24903810455703,182.74937472554245,100.17391304347825
cpsc,A5637,AF,14,695.6129807692307,76.91050695762424,104.80999967610195,86.25485961123111
cpsc,A5652,AF,14,678.7109375,96.85954309022155,148.35770453218547,88.40287769784173
cpsc,A5674,AF,16,630.859375,142.49114427321112,197.19119468580263,95.10835913312694
cpsc,A5730,AF,22,433.87276785714283,108.85809376104261,175.39086968419736,138.28938906752413
cpsc,A5757,AF,17,586.5478515625,165.75572295207655,210.99927962965128,102.29344432882414
cpsc,A5770,AF,20,489.0522203947368,116.4307429330147,165.70816990779792,122.68628481345245
cpsc,A5772,AF,20,493.42105263157896,84.93963385905776,122.39540045911929,121.6
cpsc,A5782,AF,18,533.6626838235294,112.6460280771837,148.06781711265975,112.43057050592034
cpsc,A5929,AF,15,639.2996651785714,169.68106379587383,204.28963575569247,93.85270049099836
cpsc,A5964,AF,13,768.6360677083334,165.24955810381462,149.42160557311394,78.06034939121228
cpsc,A5978,AF,18,535.3860294117648,117.98512397549841,157.1344141116311,112.06866952789699
cpsc,A5989,AF,21,464.599609375,97.9676752056314,144.3399435693253,129.14345769837098
cpsc,A6038,AF,13,760.498046875,169.33928841659997,230.27474771197924,78.89566613162118
cpsc,A6048,AF,11,869.140625,154.35661093136292,184.87462741509626,69.03370786516854
cpsc,A6068,AF,12,806.5518465909091,70.88721091148712,119.62392368450293,74.39075399009356
cpsc,A6075,AF,12,749.7336647727273,118.1471860600498,141.3066028172635,80.0284191829485
cpsc,A6165,AF,18,527.0565257352941,95.55026849559913,109.26486328418089,113.83978201634876
cpsc,A6172,AF,13,695.80078125,101.24145129214116,159.904061511359,86.23157894736842
cpsc,A6194,AF,19,492.3502604166667,88.62555906264556,88.45528125115695,121.86446280991736
cpsc,A6220,AF,15,631.6266741071429,125.3921101779171,200.6071338793158,94.99282164549972
cpsc,A6227,AF,16,604.1666666666666,109.6727121166296,108.03838409043432,99.3103448275862
cpsc,A6257,AF,17,598.14453125,110.52858450719462,186.38874936402593,100.31020408163265
cpsc,A6290,AF,13,780.4361979166666,164.9525377792962,265.7271408105879,76.88008342022941
cpsc,A6300,AF,13,764.5670572916666,229.00961651713118,218.63880055896593,78.47578499201704
cpsc,A6317,AF,21,459.716796875,96.84691094776397,122.79288609782553,130.51513542219863
cpsc,A6382,AF,12,821.6441761363636,90.2221911663255,126.33186330082603,73.02431118314425
cpsc,A6517,AF,12,791.015625,232.38289129474205,380.7059737141392,75.85185185185185
cpsc,A6520,AF,16,590.4947916666666,119.90925642759291,187.99507539322724,101.60970231532525
cpsc,A6552,AF,15,621.1635044642857,194.05184508677883,230.67984928553844,96.59292532285234
cpsc,A6584,AF,16,596.3541666666666,130.90083936847992,165.90788093781256,100.6113537117904
cpsc,A6609,AF,15,649.4140625,100.99825348691358,139.02005905547105,92.39097744360902
cpsc,A6675,AF,16,550.78125,254.7379172168578,430.10344746921334,108.93617021276596
cpsc,A6694,AF,10,887.0442708333334,215.32870958322385,303.56017660878035,67.64036697247707
cpsc,A6721,AF,11,850.09765625,196.939431601813,273.76669791674414,70.58012636415853
cpsc,A6790,AF,19,509.4401041666667,123.20816197646764,167.08924445574877,117.77635782747603
cpsc,A6798,AF,18,541.1305147058823,92.08399399686311,98.40109015535451,110.87898089171975
cpsc,A6861,AF,27,360.5769230769231,33.98920997878549,52.11587525049349,166.4
cpsc,A6869,AF,23,415.0390625,56.30125909323548,89.14755167727313,144.56470588235294
cpsc,A6876,AF,17,589.29443359375,97.73302239433185,134.8045403505427,101.81667529777317
cpsc,A0039,IAVB,11,870.1171875,14.702590873224239,19.867440780816572,68.95622895622895
cpsc,A0042,IAVB,13,741.3736979166666,173.1328831776571,179.8102521209513,80.93084522502744
cpsc,A0132,IAVB,18,499.7702205882353,171.028664602587,332.14342802851263,120.0551724137931
cpsc,A0303,IAVB,13,748.291015625,10.641843123878598,13.65283780116273,80.18270799347471
cpsc,A0342,IAVB,16,642.9036458333334,238.29258959527496,302.59370831876913,93.32658227848101
cpsc,A0386,IAVB,13,742.5944010416666,23.04002124070945,18.446905855096013,80.79780821917808
cpsc,A0416,IAVB,14,672.7013221153846,9.382509012016824,8.097228492078614,89.19262981574539
cpsc,A0437,IAVB,10,901.6927083333334,8.457279333832409,10.066175843793117,66.54151624548736
cpsc,A0493,IAVB,13,714.111328125,16.930568665255283,16.525666254426746,84.02051282051282
cpsc,A0516,IAVB,12,788.3522727272727,28.08051396142373,29.256156599502425,76.10810810810811
cpsc,A0619,IAVB,15,668.9453125,9.575983161044142,14.522697512906554,89.69343065693431
cpsc,A0688,IAVB,18,521.5992647058823,171.405456858599,332.09183084169035,115.0308370044053
cpsc,A0794,IAVB,10,885.4166666666666,19.06799237281898,21.00177067149079,67.76470588235294
cpsc,A0816,IAVB,10,933.1597222222222,233.76951774215874,239.96676294333946,64.29767441860466
cpsc,A0895,IAVB,15,620.1171875,115.51668482694373,127.11914763667943,96.75590551181102
cpsc,A0959,IAVB,17,580.13916015625,34.94851230771318,60.35756695454079,103.42346133613887
cpsc,A1050,IAVB,11,900.390625,36.263079275087556,64.7369199262739,66.63774403470715
cpsc,A1130,IAVB,13,779.2154947916666,13.078504061696155,13.573228738832258,77.0005221932115
cpsc,A1277,IAVB,15,645.5775669642857,8.387286853142058,8.776533537821456,92.94003241491086
cpsc,A1332,IAVB,8,1074.916294642857,18.1451013905568,22.815504181113585,55.818299805321224
cpsc,A1359,IAVB,12,763.0504261363636,8.482868739766516,10.58568524837832,78.63176265270506
cpsc,A1394,IAVB,14,688.1009615384615,35.46131938236705,31.169788415048107,87.19650655021834
cpsc,A1428,IAVB,16,596.6796875,220.23131508620884,311.7224693417901,100.55646481178395
cpsc,A1429,IAVB,23,428.79971590909093,137.23790313530225,210.99658925599869,139.9254658385093
cpsc,A1471,IAVB,11,918.9453125,20.94493221633517,30.187560206691746,65.2922422954304
cpsc,A1498,IAVB,11,799.31640625,10.56063033691949,10.672914264814453,75.06414172266341
cpsc,A1547,IAVB,16,633.7890625,258.18425578070344,388.6516316571885,94.66872110939907
cpsc,A1553,IAVB,9,963.134765625,13.994421489773215,18.820783430848273,62.29657794676806
cpsc,A1581,IAVB,10,938.5850694444445,15.005768973458476,22.574758311653966,63.92601156069364
cpsc,A1614,IAVB,21,454.1015625,120.45081135319721,232.18301058457524,132.1290322580645
cpsc,A1638,IAVB,15,668.9453125,45.40268400318983,46.61841962104939,89.69343065693431
cpsc,A1691,IAVB,15,668.2477678571429,75.32488423980512,126.10519111469685,89.78705636743214
cpsc,A1726,IAVB,12,820.7563920454545,27.05047677359823,31.606547524770036,73.10329908058411
cpsc,A1788,IAVB,17,575.25634765625,8.953672275826293,9.091302111828737,104.30132625994695
cpsc,A1791,IAVB,14,682.0913461538462,137.13061995545795,156.44696854291522,87.9647577092511
cpsc,A1844,IAVB,9,1003.41796875,12.786204506015178,22.223119868964833,59.7956204379562
cpsc,A1883,IAVB,17,568.54248046875,197.27181906465103,381.77224332888215,105.5330112721417
cpsc,A1909,IAVB,8,1088.8671875,43.67320268554277,59.368521353644134,55.10313901345292
cpsc,A1935,IAVB,9,994.2626953125,28.463967072118237,45.468996896574396,60.34622467771639
cpsc,A1939,IAVB,14,708.3834134615385,277.164752765559,355.6110251060297,84.69989395546129
cpsc,A1974,IAVB,18,501.4935661764706,155.93272140575758,296.22367886820035,119.6426116838488
cpsc,A1988,IAVB,13,784.0983072916666,298.2584887742739,429.4352145474686,76.52101712506487
cpsc,A2024,IAVB,10,982.5303819444445,23.768036892106498,35.04077171486163,61.06681391496411
cpsc,A2076,IAVB,13,734.4563802083334,4.396174987199805,5.888893448784446,81.69307479224376
cpsc,A2135,IAVB,10,861.5451388888889,101.49061479278927,164.93501712943882,69.64231738035264
cpsc,A2248,IAVB,14,681.7157451923077,134.55874959917568,144.66920059961677,88.01322314049587
cpsc,A2271,IAVB,12,800.3373579545455,196.46212618871132,235.04542784196857,74.9683860232945
cpsc,A2288,IAVB,14,700.1201923076923,31.172239930126423,24.04506299266627,85.69957081545066
cpsc,A2364,IAVB,12,838.9559659090909,208.8659010641819,256.3034746152567,71.51746031746032
cpsc,A2432,IAVB,13,778.80859375,81.69181582763082,86.48607436405283,77.04075235109718
cpsc,A2447,IAVB,10,857.7473958333334,87.4146181150789,135.4595507673933,69.9506641366224
cpsc,A2481,IAVB,10,1062.8255208333333,15.24657714452734,15.344000353975263,56.45329249617152
cpsc,A2504,IAVB,15,594.6568080357143,286.87177021393336,260.98375442003356,100.89853372434017
cpsc,A2530,IAVB,23,433.4605823863636,122.49212666208051,201.51797929812366,138.42089093701998
cpsc,A2540,IAVB,12,808.3274147727273,12.985644330323026,15.207433107809997,74.22734761120263
cpsc,A2669,IAVB,9,1022.94921875,10.439892262204078,9.041211911841323,58.653937947494036
cpsc,A2736,IAVB,11,869.62890625,11.612017566235005,16.677979762304034,68.99494665918023
cpsc,A2893,IAVB,19,508.89756944444446,165.377059402282,318.9718246777398,117.90191897654584
cpsc,A3002,IAVB,11,888.671875,212.30098405680724,215.034785253657,67.51648351648352
cpsc,A3149,IAVB,11,858.88671875,21.76977614371446,28.237876909012815,69.85787379192723
cpsc,A3154,IAVB,11,903.80859375,39.698196531597354,64.57302872681437,66.38573743922204
cpsc,A3233,IAVB,9,1031.494140625,300.5183102139055,243.98711691800185,58.168047337278104
cpsc,A3318,IAVB,15,635.8119419642857,167.019845380659,159.0651225438368,94.36752605595173
cpsc,A3329,IAVB,17,557.55615234375,202.1525162977948,196.10840437440726,107.61247947454844
cpsc,A3337,IAVB,15,642.08984375,14.171160967483084,21.87855450602569,93.4448669201521
cpsc,A3353,IAVB,12,795.8984375,136.3345606468067,145.62737589850332,75.38650306748467
cpsc,A3390,IAVB,18,527.0565257352941,202.77984776730955,324.99143149011206,113.83978201634876
cpsc,A3440,IAVB,11,927.734375,111.26493032329923,159.34735226641328,64.67368421052632
cpsc,A3515,IAVB,21,437.98828125,110.88336503193295,216.19164032472256,136.98996655518394
cpsc,A3634,IAVB,15,665.4575892857143,40.55645691332279,26.119799655519397,90.16352201257861
cpsc,A3746,IAVB,13,757.6497395833334,133.961540006527,214.22747031000154,79.1922663802363
cpsc,A3846,IAVB,10,928.8194444444445,7.233231133883129,9.611826018080825,64.59813084112149
cpsc,A3871,IAVB,13,695.3938802083334,256.1622819103134,352.28616235792754,86.28203627852545
cpsc,A3901,IAVB,12,834.9609375,156.95033479662743,266.6301781803851,71.85964912280701
cpsc,A3908,IAVB,12,834.9609375,184.92907014941736,173.5494716151576,71.85964912280701
cpsc,A3954,IAVB,11,831.0546875,10.747118502095818,12.07063555842393,72.19741480611046
cpsc,A3958,IAVB,7,1162.109375,12.732817197661424,14.319217088491387,51.63025210084034
cpsc,A4109,IAVB,14,700.1201923076923,239.17092303071644,276.69151156297556,85.69957081545066
cpsc,A4148,IAVB,15,637.9045758928571,174.8460946252109,184.00844059597347,94.0579551667578
cpsc,A4151,IAVB,12,767.0454545454545,8.0097610572727,11.026943154918179,78.22222222222223
cpsc,A4186,IAVB,14,709.8858173076923,206.155890963049,237.7625536674625,84.52063492063492
cpsc,A4190,IAVB,19,520.8333333333334,196.06501402481763,379.78998858841095,115.19999999999999
cpsc,A4255,IAVB,8,1230.46875,19.326728657288278,24.49530752488999,48.76190476190476
cpsc,A4380,IAVB,15,598.14453125,265.15446063275226,513.3870247966609,100.31020408163265
cpsc,A4439,IAVB,11,872.0703125,9.819728599608304,9.349874099182989,68.80179171332587
cpsc,A4444,IAVB,15,681.5011160714286,10.439892262204078,12.703977257577947,88.04094165813716
cpsc,A4506,IAVB,20,491.10814144736844,124.06482331864031,167.55629572436442,122.17268445839873
cpsc,A4595,IAVB,11,831.0546875,238.32927282471252,177.6923384927356,72.19741480611046
cpsc,A4599,IAVB,14,705.0030048076923,14.030258735365152,14.024811148774484,85.10602024507193
cpsc,A4625,IAVB,11,867.67578125,4.632242666262274,6.303683831717801,69.15025323579066
cpsc,A4711,IAVB,9,1128.5400390625,80.3785900982946,84.12862663573533,53.166035694970255
cpsc,A4717,IAVB,14,690.3545673076923,11.015849647929809,12.448778109357384,86.91186071817194
cpsc,A4857,IAVB,19,506.1848958333333,162.89439951015473,212.55662948905191,118.53376205787782
cpsc,A4869,IAVB,9,1049.1943359375,5.498005988572282,7.609313696034957,57.18673647469459
cpsc,A4893,IAVB,9,947.8759765625,11.206939880761459,18.9110514951534,63.299420476497104
cpsc,A4903,IAVB,8,1115.3738839285713,14.609633623888588,23.246837332496256,53.79362101313321
cpsc,A4925,IAVB,12,881.1257102272727,201.30413720886145,248.47711211325003,68.09471032745591
cpsc,A4987,IAVB,8,1088.169642857143,5.21994613110204,8.218998159474348,55.138461538461534
cpsc,A5022,IAVB,11,903.3203125,13.810679320049756,17.224943431410093,66.42162162162163
cpsc,A5031,IAVB,15,644.1824776785714,240.5342432845059,253.9640281893928,93.14131023280996
cpsc,A5079,IAVB,8,1168.3872767857142,64.01975404055044,98.70852343786657,51.35283582089553
cpsc,A5097,IAVB,10,1042.48046875,318.2241167534886,436.96203048278187,57.55503512880562
cpsc,A5165,IAVB,12,786.5767045454545,49.96024198330648,80.29220621521276,76.27990970654628
cpsc,A5192,IAVB,11,854.98046875,12.277358180759187,9.900329639157258,70.17704169046259
cpsc,A5217,IAVB,9,946.6552734375,36.299977920087144,15.875846368221321,63.38104448742747
cpsc,A5226,IAVB,14,699.3689903846154,52.481862755746874,68.18476583871553,85.79162191192266
cpsc,A5323,IAVB,14,712.5150240384615,29.86519743306321,41.90883199734288,84.20875065893516
cpsc,A5324,IAVB,13,724.2838541666666,12.020653415950463,13.65283780116273,82.84044943820226
cpsc,A5327,IAVB,16,601.5625,222.6385047361645,374.74705475857075,99.74025974025975
cpsc,A5330,IAVB,14,710.2614182692307,16.869320398192247,17.71772546962666,84.47593865679535
cpsc,A5340,IAVB,9,998.53515625,41.59612588134926,42.527346748538456,60.0880195599022
cpsc,A5360,IAVB,10,901.6927083333334,225.32473548121106,259.720188842357,66.54151624548736
cpsc,A5505,IAVB,20,470.80592105263156,164.52748272071537,288.6784382006494,127.4410480349345
cpsc,A5547,IAVB,16,613.28125,116.73321545115054,125.6926284440737,97.8343949044586
cpsc,A5580,IAVB,11,872.55859375,15.788599365596061,16.276041666666668,68.76329043088975
cpsc,A5632,IAVB,14,676.0817307692307,153.4997543222119,160.54605327559884,88.74666666666667
cpsc,A5711,IAVB,14,711.3882211538462,198.19432189446655,234.99301385978882,84.34213305174234
cpsc,A5766,IAVB,21,464.84375,155.88496885807172,153.21699056930976,129.07563025210084
cpsc,A5860,IAVB,14,661.0576923076923,19.071999516369115,16.00937139722168,90.76363636363637
cpsc,A5868,IAVB,15,670.3404017857143,15.253019814218867,13.942841942060236,89.50676378772111
cpsc,A5888,IAVB,15,642.08984375,11.767165112545479,16.08081026788435,93.4448669201521
cpsc,A5965,IAVB,12,844.2826704545455,191.14766674786182,191.18564894379637,71.06624605678233
cpsc,A6062,IAVB,12,799.0056818181819,59.37278049828904,80.00961722741181,75.09333333333333
cpsc,A6153,IAVB,9,941.162109375,16.66095272390651,18.082423823682646,63.750972762645915
cpsc,A6175,IAVB,10,919.0538194444445,10.857474010519478,15.049838874435977,65.28453364817001
cpsc,A6184,IAVB,18,523.98681640625,208.07671636964122,399.68934711648865,114.5066977285964
cpsc,A6287,IAVB,11,854.98046875,17.89624610338992,18.62878115602148,70.17704169046259
cpsc,A6289,IAVB,12,790.1278409090909,23.398627209353872,30.297054799782366,75.9370786516854
cpsc,A6308,IAVB,22,445.7310267857143,7.74243132003996,10.00678785738242,134.61032863849766
cpsc,A6357,IAVB,13,746.6634114583334,223.13251896833674,262.204592725562,80.35749318801089
cpsc,A6361,IAVB,9,1027.2216796875,278.22775006658344,481.04642904430244,58.409982174688054
cpsc,A6470,IAVB,12,848.2776988636364,178.52795059212022,287.0620377111419,70.73155416012558
cpsc,A6518,IAVB,14,719.2758413461538,10.988066880748008,11.364127639785922,83.41723237597911
cpsc,A6607,IAVB,10,993.9236111111111,36.46705159897148,40.449320131301,60.366812227074234
cpsc,A6661,IAVB,10,1027.0182291666667,76.1937819058947,122.99454802548827,58.4215530903328
cpsc,A6663,IAVB,12,808.3274147727273,66.99829559021605,128.000487326648,74.22734761120263
cpsc,A6705,IAVB,12,818.0930397727273,23.957014487333492,21.94551274828538,73.3412913727618
cpsc,A6749,IAVB,13,732.0149739583334,153.44294635778377,173.51637287953824,81.96553640911617
cpsc,A0044,LBBB,14,699.7445913461538,57.99336418554317,91.68555903097604,85.74557165861515
cpsc,A0057,LBBB,20,465.15213815789474,106.76440838673294,203.82452602286915,128.99005524861877
cpsc,A0082,LBBB,14,680.2133413461538,8.776533537821456,11.537635806280782,88.2076200993926
cpsc,A0131,LBBB,11,794.921875,17.799769680328538,20.198036533188244,75.47911547911548
cpsc,A0291,LBBB,13,777.1809895833334,9.27228044146147,12.49222947396155,77.2020942408377
cpsc,A0398,LBBB,11,887.20703125,9.779178962109246,15.181281010886742,67.62795817281233
cpsc,A0447,LBBB,18,537.6838235294117,6.659794893541442,7.816313766397521,111.5897435897436
cpsc,A0630,LBBB,9,1029.6630859375,34.76632057828935,50.40695246969773,58.27148784825133
cpsc,A0760,LBBB,9,994.2626953125,28.93864646271899,29.296875,60.34622467771639
cpsc,A1084,LBBB,9,1013.18359375,5.836077194015594,9.041211911841323,59.21927710843374
cpsc,A1213,LBBB,11,842.28515625,19.967194248673987,26.843135583448312,71.23478260869565
cpsc,A1254,LBBB,17,588.68408203125,7.7653095429461265,7.458619295175521,101.92223950233281
cpsc,A1275,LBBB,18,549.01123046875,235.9361576943182,394.8501959554962,109.28738187882156
cpsc,A2065,LBBB,11,835.44921875,58.2059104304125,91.11676433775003,71.8176504967855
cpsc,A2231,LBBB,10,883.2465277777778,8.951822916666666,10.78095808877911,67.93120393120392
cpsc,A2629,LBBB,11,830.078125,89.44421656272192,121.15542574183873,72.28235294117647
cpsc,A2851,LBBB,11,799.8046875,7.5644205980613615,10.164384763018226,75.01831501831502
cpsc,A2983,LBBB,12,757.2798295454545,33.578313462524754,54.91807558204098,79.23094958968348
cpsc,A3082,LBBB,19,511.61024305555554,8.128441052692681,7.944230633007428,117.27677624602333
cpsc,A3378,LBBB,8,1028.8783482142858,7.304816811944293,9.56000986691954,58.31593220338983
cpsc,A3621,LBBB,24,387.2282608695652,11.817725251919171,16.294526671677605,154.94736842105263
cpsc,A3636,LBBB,14,700.8713942307693,13.013005960619159,14.095465556387348,85.60771704180064
cpsc,A3673,LBBB,16,629.2317708333334,9.915607934726735,13.308303591196228,95.35437144335229
cpsc,A3692,LBBB,11,774.4140625,113.47097827027717,164.33160902953813,77.47793190416141
cpsc,A3770,LBBB,10,1015.0824652777778,28.413232828932436,15.727659578521882,59.10849812934259
cpsc,A3842,LBBB,21,455.56640625,109.00011566023352,156.63501085063209,131.70418006430867
cpsc,A4763,LBBB,10,877.8211805555555,113.69662661715408,115.35483061452588,68.35105067985167
cpsc,A4983,LBBB,16,621.09375,8.294624160822963,8.557368963717423,96.60377358490567
cpsc,A5393,LBBB,9,957.03125,13.810679320049756,22.603029779603308,62.69387755102041
cpsc,A5448,LBBB,14,668.1941105769231,23.74122941601159,23.459530119465455,89.79426644182125
cpsc,A5537,LBBB,11,768.5546875,185.24967059839602,208.11705489167352,78.06861499364676
cpsc,A5619,LBBB,12,713.3345170454545,5.099931326827085,6.550980402831415,84.11200995644057
cpsc,A5702,LBBB,14,660.3064903846154,21.75947712855488,30.427928215885284,90.86689419795222
cpsc,A5773,LBBB,10,888.671875,66.27867168212025,105.34887212105184,67.51648351648352
cpsc,A5917,LBBB,18,455.25045955882354,114.55802161922581,132.16894971039002,131.7955835962145
cpsc,A5924,LBBB,13,652.2623697916666,17.226691003415954,15.157467222091507,91.98752339363693
cpsc,A6010,LBBB,17,564.5751953125,37.563820678716205,55.758212592266396,106.27459459459459
cpsc,A6166,LBBB,11,833.0078125,16.788798122692224,19.53125,72.02813599062134
cpsc,A6279,LBBB,10,875.6510416666666,35.12571916488808,25.952504425621704,68.52044609665428
cpsc,A0016,NSR,12,836.2926136363636,103.5361425045954,112.80248032135815,71.7452229299363
cpsc,A0107,NSR,13,760.498046875,32.663789453758916,41.58868138448761,78.89566613162118
cpsc,A0133,NSR,21,474.12109375,152.0982584176666,290.69196515680994,126.54994850669414
cpsc,A0177,NSR,12,824.7514204545455,115.45460585617855,74.61282612273499,72.74919268030139
cpsc,A0206,NSR,13,743.8151041666666,13.22271875754551,15.510835590958939,80.66520787746171
cpsc,A0254,NSR,15,669.6965144230769,239.64651203990297,322.6322439159634,89.59282108805384
cpsc,A0281,NSR,19,518.1206597222222,202.32339437453825,194.77681018021275,115.80314136125655
cpsc,A0312,NSR,10,954.3185763888889,104.41432757648629,113.79415221114665,62.872086412734504
cpsc,A0453,NSR,15,656.3895089285714,34.670575942340385,48.46999070234485,91.40913921360254
cpsc,A0476,NSR,14,715.1442307692307,264.5566465126584,358.86180557661606,83.89915966386555
cpsc,A0512,NSR,11,867.67578125,38.24350308250956,36.284988296887946,69.15025323579066
cpsc,A0534,NSR,12,795.4545454545455,61.780779432224676,78.01811536087558,75.42857142857143
cpsc,A0588,NSR,19,519.4769965277778,187.2857975004286,300.8569632313555,115.50078328981722
cpsc,A0614,NSR,12,794.1228693181819,10.305563535372778,9.886941763338177,75.5550586920067
cpsc,A0648,NSR,12,851.3849431818181,209.73680723519942,256.84707675463693,70.47340980187695
cpsc,A0665,NSR,9,1029.6630859375,30.149143152413256,42.64731129361822,58.27148784825133
cpsc,A0683,NSR,11,807.12890625,23.023552597339837,32.429783276645956,74.33756805807623
cpsc,A0711,NSR,10,896.2673611111111,225.60378642109907,267.36463954518365,66.94430992736078
cpsc,A0736,NSR,16,619.140625,7.428113566949853,8.457279333832409,96.90851735015772
cpsc,A0753,NSR,11,879.39453125,13.896727998786822,20.198036533188244,68.22876179900055
cpsc,A0824,NSR,12,765.7137784090909,163.77186318862744,167.38862391457678,78.35826086956521
cpsc,A0891,NSR,15,677.6646205357143,9.610122246726823,8.348148576807718,88.53937210499227
cpsc,A0892,NSR,13,790.6087239583334,166.20428072472328,143.8491057476112,75.89089037570767
cpsc,A0955,NSR,12,813.2102272727273,16.82462114409714,15.822120845722315,73.78165938864629
cpsc,A0991,NSR,14,713.2662259615385,31.103524469605368,40.314017176109495,84.12006319115324
cpsc,A1077,NSR,12,783.0255681818181,34.05898940677059,44.72506991232221,76.62585034013605
cpsc,A1082,NSR,13,771.484375,159.08189227821236,169.04304311664637,77.77215189873418
cpsc,A1096,NSR,21,460.9375,161.90892261578685,273.6576886009739,130.16949152542372
cpsc,A1121,NSR,12,789.2400568181819,15.0137913044103,21.672208028488424,76.02249718785151
cpsc,A1122,NSR,12,846.0582386363636,28.311127037030673,38.69455616437295,70.9171038824764
cpsc,A1137,NSR,13,721.0286458333334,25.865362602713287,17.231932656056173,83.21444695259594
cpsc,A1337,NSR,13,731.201171875,22.339503908818884,32.05257137524094,82.0567612687813
cpsc,A1463,NSR,14,726.4122596153846,81.00059196060236,88.65588431898647,82.59772492244053
cpsc,A1484,NSR,14,673.4525240384615,278.21650866616864,362.46730174652794,89.09313998884551
cpsc,A1501,NSR,16,614.5833333333334,134.91145760804272,149.92017892823648,97.62711864406779
cpsc,A1507,NSR,15,630.5803571428571,30.273264411504474,33.80199980204556,95.15044247787611
cpsc,A1508,NSR,13,773.5188802083334,17.47651708550523,18.79608963045111,77.56759600210415
cpsc,A1610,NSR,19,471.4626736111111,145.43919234355397,282.2904601808609,127.26352128883775
cpsc,A1613,NSR,14,726.4122596153846,21.941333844553643,32.20436024968974,82.59772492244053
cpsc,A1674,NSR,15,646.6238839285714,37.51607138300782,42.86790230641153,92.78964401294498
cpsc,A1695,NSR,12,774.5916193181819,43.414366745114016,47.96602222751099,77.46017191977077
cpsc,A1698,NSR,19,486.92491319444446,168.38775479335632,269.8570942058542,123.22228412256267
cpsc,A1699,NSR,15,656.73828125,8.724135854369692,11.001967034162266,91.36059479553903
cpsc,A1702,NSR,12,842.5071022727273,19.937622591752273,17.94059870202523,71.21601685985247
cpsc,A1876,NSR,14,685.0961538461538,24.768313303877203,30.32982609632849,87.57894736842105
cpsc,A1892,NSR,13,807.8835227272727,95.39280335443644,101.29923812414016,74.26813186813186
cpsc,A1921,NSR,17,569.15283203125,202.44126296111165,237.6681084216858,105.41983914209115
cpsc,A1924,NSR,13,793.0501302083334,20.34209258777861,22.42423817527537,75.65726013340173
cpsc,A1928,NSR,14,687.3497596153846,20.14752873586883,15.311594826030907,87.29180327868852
cpsc,A1979,NSR,14,706.1298076923077,96.95259312417386,95.01640312061474,84.97021276595744
cpsc,A2052,NSR,9,1029.6630859375,13.163556408179142,16.40342636203243,58.27148784825133
cpsc,A2057,NSR,10,1038.9539930555557,158.63088121960442,233.59167806159394,57.75039164490861
cpsc,A2142,NSR,14,717.3978365384615,12.036824187922223,11.877050390076842,83.63560209424084
cpsc,A2168,NSR,14,702.3737980769231,27.0284845959737,28.541142442627248,85.42459893048128
cpsc,A2170,NSR,12,842.5071022727273,29.16340334913124,30.532223048561487,71.21601685985247
cpsc,A2225,NSR,10,955.4036458333334,33.829117335329634,35.63115117023053,62.80068143100511
cpsc,A2261,NSR,13,768.6360677083334,62.85750128716275,92.65655016934554,78.06034939121228
cpsc,A2273,NSR,13,718.1803385416666,18.205437346526683,16.721243076915272,83.54447592067989
cpsc,A2275,NSR,14,659.1796875,238.87551834579858,236.29567157291186,91.02222222222223
cpsc,A2377,NSR,12,807.4396306818181,45.558117862358095,36.47431522848262,74.3089609675646
cpsc,A2383,NSR,11,849.609375,18.557542726222948,28.703112123288406,70.62068965517241
cpsc,A2426,NSR,11,850.09765625,68.80166010566428,53.51328848559113,70.58012636415853
cpsc,A2462,NSR,10,989.0407986111111,21.577268202413496,28.68002960075862,60.66483817882611
cpsc,A2469,NSR,12,796.3423295454545,12.630269349274675,21.836601342771385,75.34448160535118
cpsc,A2484,NSR,13,740.966796875,16.41050341407465,22.52068695661545,80.97528830313014
cpsc,A2501,NSR,13,767.822265625,18.98254910931587,22.66459057389869,78.14308426073131
cpsc,A2505,NSR,14,680.9645432692307,18.336611723603777,24.535829153127175,88.11031439602868
cpsc,A2544,NSR,22,453.8690476190476,123.73355361694935,239.85247766973666,132.19672131147541
cpsc,A2549,NSR,12,858.0433238636364,15.910913932684554,18.073003440743893,69.92653905845836
cpsc,A2550,NSR,16,620.4427083333334,231.27709503705472,268.65295990104994,96.70514165792234
cpsc,A2570,NSR,12,786.1328125,24.801611521875575,42.39901044158674,76.32298136645963
cpsc,A2751,NSR,23,424.8046875,80.17617491003786,149.7762252172311,141.24137931034483
cpsc,A2785,NSR,14,665.5649038461538,212.65367500662046,218.33416606171585,90.1489841986456
cpsc,A2792,NSR,12,802.5568181818181,25.397453190253866,27.75053171559145,74.76106194690266
cpsc,A2919,NSR,20,469.00699013157896,148.2770950724159,256.40319545511556,127.92986301369862
cpsc,A3023,NSR,13,772.2981770833334,31.079840502047208,47.81893890235127,77.69020021074815
cpsc,A3085,NSR,11,884.765625,98.08391599176892,107.79115032420864,67.81456953642385
cpsc,A3155,NSR,15,633.3705357142857,11.716961287480993,10.749014439043108,94.73127753303966
cpsc,A3215,NSR,12,819.8686079545455,29.977012844012176,44.72506991232221,73.18245804006497
cpsc,A3265,NSR,14,734.2998798076923,77.47477370928125,84.91275049325486,81.71048593350385
cpsc,A3269,NSR,14,706.5054086538462,235.19064325731054,325.0586725728564,84.92503987240829
cpsc,A3350,NSR,13,762.5325520833334,19.512745732463383,25.027797157333897,78.68516542155817
cpsc,A3399,NSR,16,634.1145833333334,108.46105180286848,125.13589284222364,94.62012320328542
cpsc,A3442,NSR,11,950.68359375,47.34342143410235,82.91201580045592,63.112480739599384
cpsc,A3465,NSR,15,645.2287946428571,118.69363942080126,140.82882447535368,92.99027027027027
cpsc,A3498,NSR,12,850.9410511363636,25.660646263216982,17.94059870202523,70.51017214397496
cpsc,A3503,NSR,12,816.7613636363636,18.540664557450178,20.36782579552169,73.4608695652174
cpsc,A3648,NSR,21,468.505859375,143.41524196183752,274.56410006164384,128.06670140698282
cpsc,A3655,NSR,21,441.162109375,107.63514033124594,195.1518150694671,136.00442722744882
cpsc,A3657,NSR,10,972.2222222222222,23.97610654729205,28.990092985932414,61.714285714285715
cpsc,A3732,NSR,9,1074.8291015625,31.905519636438076,32.3362918150091,55.82282793867121
cpsc,A3733,NSR,11,846.6796875,13.061460057121666,16.677979762304034,70.86505190311419
cpsc,A3745,NSR,14,705.7542067307693,79.57674656522784,87.0730200201514,85.01543374135177
cpsc,A3766,NSR,14,684.3449519230769,94.40481918696423,108.9005853464995,87.67508232711306
cpsc,A3769,NSR,12,825.1953125,22.053886309836358,25.74497329387513,72.71005917159763
cpsc,A3828,NSR,10,934.2447916666666,41.143309439337685,51.385657177366184,64.22299651567944
cpsc,A3867,NSR,14,659.1796875,33.88779754826988,38.52474081557495,91.02222222222223
cpsc,A3879,NSR,11,869.140625,21.836601342771385,23.586225172834375,69.03370786516854
cpsc,A3925,NSR,11,857.421875,214.83388550586042,255.6634076444164,69.97722095671982
cpsc,A3930,NSR,14,683.59375,54.33614577676953,92.45164174199945,87.77142857142857
cpsc,A3971,NSR,12,816.7613636363636,26.93001984392862,38.90961291628229,73.4608695652174
cpsc,A4007,NSR,12,807.8835227272727,47.258140607658085,54.635159104294395,74.26813186813186
cpsc,A4015,NSR,13,693.7662760416666,19.582046574733017,21.385279599513325,86.48445747800587
cpsc,A4065,NSR,12,785.2450284090909,38.249484951203144,32.79127615308753,76.40927077444884
cpsc,A4088,NSR,13,718.994140625,13.023145065856356,14.86872711687165,83.44991511035654
cpsc,A4102,NSR,16,610.6770833333334,9.313374776646901,8.946536926883832,98.25159914712152
cpsc,A4113,NSR,12,800.78125,118.07928906399876,99.72180771689898,74.92682926829268
cpsc,A4147,NSR,17,541.68701171875,190.5879479758503,242.73357560249497,110.76507042253522
cpsc,A4154,NSR,12,788.7961647727273,38.655326392081314,31.265255065590082,76.06527855936973
cpsc,A4209,NSR,13,767.822265625,56.75702705310012,48.60567224855207,78.14308426073131
cpsc,A4257,NSR,13,735.6770833333334,21.266706838395002,20.132351687586233,81.5575221238938
cpsc,A4291,NSR,19,500.05744485294116,188.28971830713724,328.86113743145074,119.9862148190695
cpsc,A4310,NSR,21,440.4296875,101.51949446902857,196.95355498143266,136.23059866962305
cpsc,A4364,NSR,11,930.6640625,34.31119295065458,45.22279944482358,64.4700944386149
cpsc,A4374,NSR,11,875.48828125,114.72127298778804,129.8109985780626,68.53318460680424
cpsc,A4396,NSR,15,644.53125,256.0640100269261,304.11248054390353,93.0909090909091
cpsc,A4399,NSR,12,792.3473011363636,10.717947858353726,11.13452563573377,75.72436974789916
cpsc,A4451,NSR,11,875.9765625,93.44772776206615,93.15812513837359,68.49498327759197
cpsc,A4504,NSR,14,698.9933894230769,31.50871969100786,39.66815627263652,85.83772165502418
cpsc,A4512,NSR,17,545.95947265625,226.5977064818505,349.28097209707187,109.8982671883734
cpsc,A4543,NSR,13,723.876953125,31.169788415048107,32.45576422306625,82.88701517706576
cpsc,A4571,NSR,12,789.2400568181819,85.81180680788144,101.79229562080769,76.02249718785151
cpsc,A4576,NSR,21,463.8671875,102.91163321324163,182.78394880265063,129.34736842105264
cpsc,A4596,NSR,13,756.8359375,28.547470154143337,51.632869401972115,79.27741935483871
cpsc,A4656,NSR,13,737.7115885416666,33.922424507048504,44.50889403446422,81.33259790402649
cpsc,A4702,NSR,12,821.6441761363636,101.01855608685224,103.74109436787589,73.02431118314425
cpsc,A4744,NSR,13,743.8151041666666,48.53129474170605,68.43859553301489,80.66520787746171
cpsc,A4781,NSR,12,842.0632102272727,33.143014605942895,26.654968874914417,71.2535582498682
cpsc,A4785,NSR,12,783.0255681818181,16.38075924890747,14.484762670108717,76.62585034013605
cpsc,A4808,NSR,22,442.9408482142857,108.68117135300646,209.13035205438408,135.45826771653543
cpsc,A4811,NSR,12,818.0930397727273,193.66201601237745,242.70083261668475,73.3412913727618
cpsc,A4944,NSR,12,814.5419034090909,207.73275100650721,239.1930317275191,73.66103542234333
cpsc,A4961,NSR,10,909.2881944444445,14.805831216357626,20.787825153718753,65.9856801909308
cpsc,A5004,NSR,16,637.3697916666666,250.61767205013504,256.3725673482805,94.13687436159347
cpsc,A5137,NSR,18,531.3648897058823,183.27007001157506,344.2858940365994,112.91675675675677
cpsc,A5148,NSR,16,584.3098958333334,245.2657296901842,468.79359451299825,102.68523676880223
cpsc,A5163,NSR,12,846.0582386363636,40.74097199224037,44.107772619672716,70.9171038824764
cpsc,A5168,NSR,19,505.37109375,152.50026206248765,286.46268518307545,118.72463768115942
cpsc,A5253,NSR,13,723.4700520833334,14.844411929519548,16.85036656259083,82.93363329583802
cpsc,A5268,NSR,11,906.25,50.17668976041066,52.26104934245548,66.20689655172414
cpsc,A5286,NSR,14,732.0462740384615,106.12793321568932,110.68306701042977,81.96203181118523
cpsc,A5322,NSR,14,670.8233173076923,242.192245449528,289.4070607956532,89.44232922732364
cpsc,A5386,NSR,11,831.0546875,26.021313661082477,34.56504000910694,72.19741480611046
cpsc,A5387,NSR,12,779.0305397727273,9.609006887350564,14.151735103700624,77.01880341880342
cpsc,A5427,NSR,12,701.7933238636364,18.668813936989153,20.484547815823273,85.49525616698293
cpsc,A5481,NSR,14,731.6706730769231,148.47612586282844,153.81505236109064,82.00410677618069
cpsc,A5586,NSR,15,666.50390625,178.2342326159966,194.42311776642646,90.02197802197803
cpsc,A5600,NSR,16,556.3151041666666,232.09299523173868,350.11356224140604,107.85254534815682
cpsc,A5763,NSR,12,766.1576704545455,15.200305180018459,19.5921900856825,78.31286210892236
cpsc,A5779,NSR,15,620.1171875,31.000165688045897,29.296875,96.75590551181102
cpsc,A5785,NSR,14,712.1394230769231,46.18695652745459,47.675190481369825,84.25316455696202
cpsc,A5905,NSR,13,740.966796875,182.48593106322127,215.36771077251782,80.97528830313014
cpsc,A5950,NSR,11,838.8671875,8.550732771200323,9.900329639157258,71.52502910360884
cpsc,A5986,NSR,12,761.2748579545455,16.97850807786335,17.94059870202523,78.81516034985422
cpsc,A5991,NSR,21,439.208984375,114.72531394292089,223.59869417686156,136.60922734852696
cpsc,A6012,NSR,12,770.5965909090909,21.37514199306572,23.058044830307804,77.86175115207374
cpsc,A6093,NSR,13,769.04296875,35.97169237098841,22.80758625473212,78.01904761904763
cpsc,A6114,NSR,13,794.2708333333334,176.57271969660843,170.42853417035218,75.54098360655738
cpsc,A6136,NSR,16,638.3463541666666,11.29649087759971,5.980199567341743,93.99286078531362
cpsc,A6154,NSR,9,933.837890625,27.217652085835198,36.72557639812551,64.25098039215686
cpsc,A6162,NSR,12,807.4396306818181,156.68081366036427,137.362463395564,74.3089609675646
cpsc,A6188,NSR,16,631.8359375,196.64029687383942,204.05833685514514,94.96136012364761
cpsc,A6252,NSR,11,838.8671875,13.182589017784236,23.417146109925387,71.52502910360884
cpsc,A6274,NSR,11,937.01171875,30.920195701147584,33.35595952460807,64.03335070349141
cpsc,A6284,NSR,13,759.6842447916666,107.9744779933236,97.65625,78.98018211033744
cpsc,A6304,NSR,13,712.4837239583334,157.00360829400606,164.43489383870258,84.21245002855511
cpsc,A6307,NSR,11,854.4921875,19.12001973383908,25.786099475512465,70.21714285714286
cpsc,A6330,NSR,14,721.1538461538462,15.744655896418461,18.378238591530298,83.2
cpsc,A6351,NSR,13,794.1228693181819,265.6471936751024,282.486634064858,75.5550586920067
cpsc,A6363,NSR,14,700.8713942307693,10.475384449065302,11.276372445109878,85.60771704180064
cpsc,A6491,NSR,13,753.9876302083334,22.274728117784203,31.54133331585674,79.57690232056125
cpsc,A6501,NSR,12,793.2350852272727,160.9605441046915,128.21451177246956,75.63961947397874
cpsc,A6504,NSR,15,635.8119419642857,10.694031907432205,11.570704477726384,94.36752605595173
cpsc,A6528,NSR,21,456.787109375,120.93401024612241,235.4060466321208,131.35221806520576
cpsc,A6559,NSR,12,835.4048295454545,45.93242515789917,77.25035297597098,71.82146652497343
cpsc,A6580,NSR,13,697.4283854166666,147.77827771753329,165.59731724860788,86.03033838973163
cpsc,A6585,NSR,11,928.22265625,12.491265530175712,14.6484375,64.6396633350868
cpsc,A6612,NSR,15,641.0435267857143,10.389579235567531,12.485554491131808,93.59738846572361
cpsc,A6621,NSR,19,518.9344618055555,206.95567424572434,270.46187345505723,115.6215368531103
cpsc,A6643,NSR,13,743.0013020833334,160.30117112282525,175.1822080395937,80.75355969331872
cpsc,A6772,NSR,13,738.9322916666666,22.262561674572787,22.181281513936412,81.19823788546256
cpsc,A6789,NSR,15,671.38671875,44.205376981740656,32.754902014157075,89.36727272727273
cpsc,A6821,NSR,10,938.0425347222222,32.613061376161916,43.12383235511644,63.96298438403702
cpsc,A6853,NSR,12,769.7088068181819,24.53803749921446,39.907845198637794,77.9515570934256
cpsc,A6870,NSR,13,789.794921875,15.317491839469655,15.78783668659334,75.96908809891808
cpsc,A0047,PAC,15,628.8364955357143,201.61643966661754,209.05053348249655,95.414309484193
cpsc,A0055,PAC,13,755.2083333333334,100.70122590011732,154.2114442723586,79.44827586206897
cpsc,A0080,PAC,14,680.2133413461538,172.56885250244372,223.34975718369816,88.2076200993926
cpsc,A0108,PAC,16,578.125,230.23897775450925,441.14142767591994,103.78378378378379
cpsc,A0137,PAC,15,653.2505580357143,289.09433912919184,459.8247121378055,91.84837159636946
cpsc,A0197,PAC,14,636.2680288461538,260.7195144711659,504.018844918238,94.29988193624558
cpsc,A0224,PAC,14,663.6868990384615,184.83301309922663,240.72315146374012,90.40407470288625
cpsc,A0251,PAC,14,711.0126201923077,262.8533245644095,351.8167212350433,84.38668779714737
cpsc,A0275,PAC,21,461.669921875,43.629363818426306,70.22464014519258,129.96298254891593
cpsc,A0313,PAC,21,480.95703125,21.342562394114477,25.198141224825818,124.751269035533
cpsc,A0369,PAC,18,529.0670955882352,207.3970023755934,304.64064408972513,113.40716612377851
cpsc,A0414,PAC,17,556.94580078125,137.6510801582158,176.74612213873527,107.73041095890412
cpsc,A0521,PAC,13,761.3118489583334,270.7807271947314,401.19639852956436,78.81133083912346
cpsc,A0627,PAC,15,666.8526785714286,235.4034106501622,279.35622940459274,89.97489539748955
cpsc,A0715,PAC,13,746.6634114583334,97.77732048812226,185.38910943824163,80.35749318801089
cpsc,A0749,PAC,14,693.7349759615385,254.44139895291076,320.5440273742608,86.48835950189496
cpsc,A0767,PAC,10,877.8211805555555,151.36281215674634,199.21785242215077,68.35105067985167
cpsc,A0780,PAC,12,863.8139204545455,93.47632951667201,123.85415366225926,69.45940390544706
cpsc,A0798,PAC,15,595.0055803571429,65.14082215577776,105.49239629865716,100.83939038686987
cpsc,A0821,PAC,13,760.9049479166666,101.48379248256721,108.5558848358843,78.85347593582888
cpsc,A0834,PAC,15,630.5803571428571,39.47615372136792,62.36898922938781,95.15044247787611
cpsc,A0872,PAC,10,898.9800347222222,27.2350269054061,25.83741514711514,66.7423053711527
cpsc,A0924,PAC,23,432.7947443181818,150.26847076335866,243.79858853163924,138.63384615384615
cpsc,A0972,PAC,15,636.1607142857143,242.311572315472,301.6024268528457,94.3157894736842
cpsc,A1113,PAC,12,816.7613636363636,145.44046832369685,243.75946809035216,73.4608695652174
cpsc,A1135,PAC,13,721.8424479166666,73.25205110350576,119.90262849422534,83.12063134160091
cpsc,A1274,PAC,17,566.10107421875,97.48469224403212,133.6916083628555,105.98814016172507
cpsc,A1295,PAC,12,814.5419034090909,98.357302541754,102.92199701464416,73.66103542234333
cpsc,A1354,PAC,14,707.2566105769231,162.64049317936892,202.4110817053034,84.8348380244291
cpsc,A1727,PAC,18,539.9816176470588,300.4123299104045,480.133746209762,111.11489361702128
cpsc,A1786,PAC,11,867.1875,204.33012977565565,310.95333942940755,69.1891891891892
cpsc,A1811,PAC,10,922.8515625,135.25038070766152,229.18680853904524,65.01587301587301
cpsc,A1836,PAC,12,801.2251420454545,10.575442686474867,14.484762670108717,74.8853185595568
cpsc,A1878,PAC,15,643.8337053571429,43.11775643647337,73.96478483606813,93.19176598049837
cpsc,A1946,PAC,15,652.5530133928571,36.31846829089164,54.75921958419104,91.94655264564405
cpsc,A1962,PAC,16,587.5651041666666,130.32453891945465,212.4444327910849,102.11634349030471
cpsc,A1980,PAC,12,806.5518465909091,258.02158253074305,439.0568960246238,74.39075399009356
cpsc,A2006,PAC,10,875.1085069444445,98.95311308359634,169.35688667992798,68.56292622442653
cpsc,A2037,PAC,17,578.0029296875,112.81833115826929,191.79780316306307,103.80570221752905
cpsc,A2124,PAC,12,860.2627840909091,233.394537160735,297.1302741918241,69.74613003095975
cpsc,A2153,PAC,14,659.9308894230769,83.60039880868274,139.30285538126876,90.91861126920888
cpsc,A2265,PAC,11,917.48046875,75.44959204891904,72.66117931494047,65.39648749334752
cpsc,A2323,PAC,15,652.9017857142857,8.65630137136639,10.043375869231474,91.8974358974359
cpsc,A2327,PAC,17,544.12841796875,142.55770881135317,207.80751310784942,110.26808749298934
cpsc,A2351,PAC,10,929.3619791666666,241.98265026101305,416.94830277163027,64.56042031523643
cpsc,A2450,PAC,10,904.4053819444445,310.72856245281605,394.6440884719508,66.34193161367726
cpsc,A2488,PAC,8,1102.1205357142858,12.195399964605055,19.93399855780581,54.44050632911392
cpsc,A2490,PAC,14,693.7349759615385,188.70519011910716,234.7730858622773,86.48835950189496
cpsc,A2502,PAC,11,887.6953125,19.90740215028731,25.00372964800979,67.59075907590758
cpsc,A2593,PAC,16,584.9609375,56.46838227272255,84.1691022823569,102.57095158597663
cpsc,A2652,PAC,9,1013.18359375,273.9228592559649,474.5954526084811,59.21927710843374
cpsc,A2656,PAC,14,741.4362980769231,64.40397461863036,111.24707221704132,80.92401215805471
cpsc,A2735,PAC,18,524.1842830882352,214.5310027840711,304.0604619333273,114.46356164383563
cpsc,A2837,PAC,14,692.6081730769231,67.85897796132195,115.57422244672486,86.6290672451193
cpsc,A2946,PAC,8,969.5870535714286,306.73568959754175,425.44495720471434,61.88201438848921
cpsc,A2991,PAC,9,951.5380859375,99.87837002117617,97.70855184254269,63.05580500320718
cpsc,A2996,PAC,12,795.0106534090909,223.3727227253223,338.50958256420597,75.47068676716918
cpsc,A3036,PAC,14,695.9885817307693,105.30388998979417,176.35675105818555,86.20831084727469
cpsc,A3069,PAC,17,561.5234375,8.550732771200323,9.264485332524549,106.85217391304347
cpsc,A3116,PAC,19,496.4192708333333,168.26439759921155,320.6207674733714,120.8655737704918
cpsc,A3237,PAC,12,786.1328125,125.84022418895232,200.3024675115385,76.32298136645963
cpsc,A3252,PAC,13,721.8424479166666,73.25205110350576,119.90262849422534,83.12063134160091
cpsc,A3268,PAC,10,910.3732638888889,10.672914264814453,11.835155901895334,65.90703218116805
cpsc,A3325,PAC,15,656.0407366071429,77.47928254576962,127.27054437828949,91.45773524720893
cpsc,A3342,PAC,9,924.6826171875,139.8940085102795,206.26219345973973,64.88712871287129
cpsc,A3380,PAC,12,848.2776988636364,229.17084913404196,263.2239033080109,70.73155416012558
cpsc,A3474,PAC,12,855.8238636363636,312.9428846292618,471.3090344594879,70.10788381742739
cpsc,A3518,PAC,19,528.4926470588235,132.7317992546453,168.28002475869823,113.5304347826087
cpsc,A3526,PAC,14,703.5006009615385,165.06098962022662,186.85930779445755,85.28777362520022
cpsc,A3547,PAC,18,536.8221507352941,36.39540597717906,60.77826799074513,111.76886035313001
cpsc,A3585,PAC,15,685.3376116071429,140.66734188864712,205.20775579043297,87.54809160305344
cpsc,A3661,PAC,18,514.1314338235294,209.4547625522305,324.45223570494437,116.70167597765364
cpsc,A3694,PAC,15,668.5965401785714,22.454754397098597,32.30386634501881,89.74021909233177
cpsc,A3821,PAC,15,686.7327008928571,202.31047198085446,385.7825981449596,87.37023869984765
cpsc,A3860,PAC,13,784.5052083333334,232.129368753802,305.94275071268686,76.48132780082987
cpsc,A3884,PAC,10,1012.9123263888889,177.2015494895759,274.04173438502653,59.23513658275308
cpsc,A3889,PAC,14,702.3737980769231,132.5700252435677,196.2613264893263,85.42459893048128
cpsc,A3911,PAC,18,552.3322610294117,107.80795478833492,151.99592203391973,108.63026521060843
cpsc,A3980,PAC,14,662.5600961538462,78.00753639424771,111.01465542016633,90.5578231292517
cpsc,A4079,PAC,17,591.12548828125,49.2000402987969,80.92319592875035,101.50129065565307
cpsc,A4090,PAC,14,700.1201923076923,331.1896842741163,462.36564815565725,85.69957081545066
cpsc,A4128,PAC,10,974.9348958333334,108.00291191696613,176.77871833378956,61.54257095158597
cpsc,A4156,PAC,17,572.509765625,8.825157364404921,8.170508071621832,104.80170575692964
cpsc,A4216,PAC,12,772.3721590909091,245.26905410641385,322.6390178226019,77.68275862068965
cpsc,A4218,PAC,16,606.1197916666666,119.70172293403736,207.97653525957108,98.99033297529539
cpsc,A4319,PAC,10,1018.3376736111111,251.6557119313674,360.21706156675396,58.919552477357485
cpsc,A4484,PAC,13,759.27734375,252.02554813804977,447.69632243944,79.02250803858522
cpsc,A4523,PAC,14,678.3353365384615,8.087785656805496,7.973599423122324,88.45182724252491
cpsc,A4533,PAC,14,729.0414663461538,130.1429780142056,204.79697680129428,82.2998454404946
cpsc,A4609,PAC,12,804.7762784090909,53.747243669416754,43.50911994129974,74.55488141202427
cpsc,A4617,PAC,15,617.3270089285714,180.7474295790671,298.36833519569973,97.19322033898305
cpsc,A4654,PAC,19,524.0885416666666,186.31625027674718,265.58772158801366,114.48447204968944
cpsc,A4681,PAC,13,763.3463541666666,265.06835492130654,399.26035293894745,78.60127931769723
cpsc,A4783,PAC,10,984.1579861111111,104.55694202508737,174.2828935310034,60.96582138919515
cpsc,A4810,PAC,11,907.71484375,125.09173100369271,213.2658378798819,66.10005379236148
cpsc,A4846,PAC,16,599.2838541666666,139.94989367818985,215.09329435074957,100.11950027159153
cpsc,A4850,PAC,14,710.6370192307693,170.00809024530102,185.35939164236504,84.43128964059196
cpsc,A4864,PAC,11,849.609375,154.7337181497413,268.49549537067185,70.62068965517241
cpsc,A4873,PAC,17,575.5615234375,60.037417930130225,107.31825020843137,104.24602332979852
cpsc,A4941,PAC,15,623.2561383928571,54.99673603140171,91.19835761955643,96.26860660324567
cpsc,A5142,PAC,14,694.1105769230769,52.318531009508845,101.13435145121083,86.44155844155844
cpsc,A5191,PAC,16,611.6536458333334,238.64822657031078,286.9398025945915,98.09473124002128
cpsc,A5219,PAC,14,707.6322115384615,56.538862289852894,94.94318886329644,84.78980891719745
cpsc,A5272,PAC,8,1014.2299107142857,16.609766880288305,25.371838001497228,59.15818431911967
cpsc,A5319,PAC,12,850.4971590909091,302.5990292666102,382.5957015247235,70.54697286012527
cpsc,A5352,PAC,11,890.13671875,13.820266741766783,9.629036105305365,67.40537575425124
cpsc,A5646,PAC,11,880.37109375,241.0288890374203,295.48076700014195,68.153078202995
cpsc,A5684,PAC,17,556.94580078125,137.6510801582158,176.74612213873527,107.73041095890412
cpsc,A5869,PAC,12,771.9282670454545,93.19534372760853,150.26850510572396,77.7274295572168
cpsc,A5881,PAC,13,804.0364583333334,54.066221209676776,79.0763497978095,74.62348178137651
cpsc,A6052,PAC,13,711.669921875,13.023145065856356,17.78894256881559,84.30874785591767
cpsc,A6094,PAC,11,863.76953125,27.27876236798895,23.132601568281082,69.46297343131712
cpsc,A6113,PAC,11,905.2734375,13.84898918371266,23.53000047981927,66.27831715210355
cpsc,A6181,PAC,15,620.8147321428571,283.52580997131406,373.9418359090975,96.64719101123596
cpsc,A6204,PAC,16,601.5625,89.56429753454857,157.70372151599474,99.74025974025975
cpsc,A6256,PAC,10,813.8020833333334,372.8643639966129,442.51456414517116,73.728
cpsc,A6299,PAC,13,750.732421875,130.97203864165195,167.51676560945745,79.9219512195122
cpsc,A6303,PAC,17,579.2236328125,8.711864382208747,9.601485158693116,103.58693361433087
cpsc,A6305,PAC,12,816.7613636363636,165.10970238843714,205.6817752640745,73.4608695652174
cpsc,A6457,PAC,15,665.8063616071429,11.58767447630184,11.33045607647112,90.11629125196437
cpsc,A6804,PAC,13,788.3522727272727,270.79466786068576,502.6760017040887,76.10810810810811
cpsc,A0012,PVC,11,877.9296875,250.24698560798106,473.75584563241813,68.34260289210233
cpsc,A0045,PVC,12,831.4098011363636,256.42057100192756,317.6756461583251,72.16657768286171
cpsc,A0099,PVC,11,898.4375,62.994799740767014,37.115085452445896,66.78260869565217
cpsc,A0105,PVC,14,727.9146634615385,253.88638571057217,438.4618811921339,82.42724458204334
cpsc,A0156,PVC,16,602.5390625,216.68121512618546,276.62020890165593,99.57860615883307
cpsc,A0158,PVC,15,678.3621651785714,212.392321320396,402.1160458571004,88.44832904884319
cpsc,A0159,PVC,14,714.3930288461538,26.54925860687299,30.198527531379348,83.98738170347004
cpsc,A0241,PVC,13,788.57421875,164.8430031657199,154.93358587559686,76.08668730650155
cpsc,A0308,PVC,15,587.6813616071429,217.02319301087735,415.5623645260381,102.09614243323442
cpsc,A0440,PVC,15,633.7193080357143,51.71664200403925,100.56150223642382,94.67914144193725
cpsc,A0454,PVC,11,874.0234375,203.20949264340635,210.32651474465422,68.64804469273743
cpsc,A0475,PVC,11,800.29296875,204.82543232316783,266.7732105399948,74.9725442342892
cpsc,A0508,PVC,13,747.8841145833334,57.88041358394323,65.67502447742281,80.22633297062023
cpsc,A0533,PVC,11,874.51171875,215.35423589139887,343.6403966779865,68.60971524288107
cpsc,A0572,PVC,12,795.0106534090909,298.9766323646491,216.12720332613875,75.47068676716918
cpsc,A0616,PVC,9,1038.818359375,471.1688168275979,879.6557908827316,57.75793184488837
cpsc,A0649,PVC,18,431.9852941176471,96.10458013801569,140.7730594669946,138.89361702127658
cpsc,A0658,PVC,15,587.6813616071429,217.02319301087735,415.5623645260381,102.09614243323442
cpsc,A0666,PVC,13,749.51171875,154.38703179111795,266.46022753207524,80.05211726384364
cpsc,A0670,PVC,15,648.7165178571429,127.34051735472542,212.71619199143385,92.49032258064516
cpsc,A0757,PVC,11,863.28125,158.16762183074835,141.3394065127896,69.50226244343891
cpsc,A0813,PVC,17,565.7958984375,127.80009687536446,243.83444342248626,106.0453074433657
cpsc,A0845,PVC,13,730.3873697916666,239.9268671556449,396.5750017128306,82.14818941504178
cpsc,A0882,PVC,13,723.4700520833334,168.552966102204,280.69705746263503,82.93363329583802
cpsc,A0966,PVC,16,592.1223958333334,97.10479530285866,163.16507082213064,101.33040131940626
cpsc,A1021,PVC,14,711.3882211538462,138.342303508762,241.02009625360228,84.34213305174234
cpsc,A1033,PVC,11,897.4609375,163.90870974811986,280.6614498641253,66.85527747551687
cpsc,A1040,PVC,10,881.6189236111111,297.3018499963591,567.2842652557988,68.05661538461538
cpsc,A1118,PVC,14,719.2758413461538,219.48576772013195,180.223632633467,83.41723237597911
cpsc,A1350,PVC,15,644.1824776785714,83.53560565517226,130.28968812623373,93.14131023280996
cpsc,A1387,PVC,16,583.984375,46.13085862485672,71.70304288759385,102.74247491638796
cpsc,A1406,PVC,10,934.7873263888889,346.4570621628494,583.5803621485118,64.18572257690076
cpsc,A1502,PVC,20,502.1158854166667,186.355764522063,235.48536382239007,119.49432739059966
cpsc,A1518,PVC,13,788.9811197916666,191.14492644683165,360.5053881842682,76.04744713769985
cpsc,A1572,PVC,11,874.0234375,10.033225916290652,13.020833333333334,68.64804469273743
cpsc,A1623,PVC,23,422.4795386904762,152.7362095373398,160.14955087932836,142.01871216290587
cpsc,A1644,PVC,11,849.609375,77.20404443770457,112.58739326511238,70.62068965517241
cpsc,A1677,PVC,14,713.6418269230769,79.20713947407845,146.7486223354367,84.07578947368421
cpsc,A1794,PVC,12,864.2578125,26.38526579317636,36.3433477850164,69.42372881355932
cpsc,A1813,PVC,11,830.078125,134.82615513628082,228.6305948913135,72.28235294117647
cpsc,A1826,PVC,15,643.8337053571429,204.35118577413863,250.19901863660508,93.19176598049837
cpsc,A1846,PVC,13,742.5944010416666,67.54468156129649,112.48788479391183,80.79780821917808
cpsc,A1900,PVC,15,654.6456473214286,29.512943076494807,42.13432590859423,91.65263718700054
cpsc,A1930,PVC,13,738.9322916666666,202.50787778887567,367.4664793373842,81.19823788546256
cpsc,A2017,PVC,14,695.9885817307693,122.16167454456739,213.90768796977557,86.20831084727469
cpsc,A2166,PVC,15,659.8772321428571,197.774606277801,289.15663869579055,90.92600422832982
cpsc,A2216,PVC,16,598.3072916666666,14.1597553565993,12.719435357708194,100.2829162132753
cpsc,A2366,PVC,14,692.2325721153846,126.17061911437355,239.06258643321218,86.67607162235485
cpsc,A2468,PVC,16,588.5416666666666,41.590666713941886,71.97565648124933,101.94690265486726
cpsc,A2471,PVC,14,695.6129807692307,44.01828543307541,29.967370832555286,86.25485961123111
cpsc,A2480,PVC,14,697.8665865384615,124.97300076505466,212.63606633193442,85.97631862217438
cpsc,A2519,PVC,16,574.8697916666666,190.85370414144407,329.5032851780845,104.37146092865233
cpsc,A2545,PVC,14,712.1394230769231,22.97570863582796,20.85938414384163,84.25316455696202
cpsc,A2558,PVC,17,559.08203125,199.10861692304482,229.33283474594447,107.31877729257641
cpsc,A2616,PVC,15,639.2996651785714,131.6544708753345,231.2912172633898,93.85270049099836
cpsc,A2623,PVC,13,756.8359375,114.96546894063168,95.72848689921295,79.27741935483871
cpsc,A2674,PVC,11,844.7265625,271.00464709036754,471.1147986173765,71.02890173410404
cpsc,A2720,PVC,15,659.5284598214286,305.33703243275573,370.1362148168804,90.97408778424115
cpsc,A2746,PVC,15,626.7438616071429,286.4010372780543,331.3179466864109,95.73288814691152
cpsc,A2760,PVC,15,649.7628348214286,123.02756112184744,184.63031940695276,92.34138486312399
cpsc,A2793,PVC,14,742.1875,143.06723949202745,243.12533027999135,80.84210526315789
cpsc,A2822,PVC,13,751.953125,241.71379052435546,179.85846185494202,79.79220779220779
cpsc,A2877,PVC,13,777.1809895833334,205.27707532709138,343.56785511970617,77.2020942408377
cpsc,A2901,PVC,17,562.1337890625,118.38680742585025,190.99641897096677,106.73615635179154
cpsc,A2934,PVC,14,695.6129807692307,82.30147608180786,134.63198905236558,86.25485961123111
cpsc,A3092,PVC,17,585.3271484375,85.87598043638181,133.73915583776957,102.50677789363921
cpsc,A3096,PVC,11,828.61328125,19.673149893739346,16.112459206724715,72.41013553329405
cpsc,A3196,PVC,9,1065.0634765625,301.860479701224,473.52493248573154,56.33467048710602
cpsc,A3300,PVC,19,490.18012152777777,73.9024864026743,90.81012009932617,122.40398450470393
cpsc,A3409,PVC,17,580.13916015625,66.19093151040471,119.18464222739058,103.42346133613887
cpsc,A3411,PVC,14,681.7157451923077,142.19717002010805,225.79598384244267,88.01322314049587
cpsc,A3464,PVC,15,634.765625,85.28540702645246,137.96064137493974,94.52307692307693
cpsc,A3487,PVC,15,638.9508928571429,96.17752789640352,184.00345709114242,93.90393013100436
cpsc,A3494,PVC,9,950.927734375,245.90254295087806,431.42783721601506,63.09627727856226
cpsc,A3495,PVC,14,692.6081730769231,66.1390172048517,109.74566910641136,86.6290672451193
cpsc,A3497,PVC,14,623.1219951923077,80.51801886840292,139.05303579978656,96.28933092224231
cpsc,A3540,PVC,15,663.7137276785714,109.55969817414332,193.4206375730759,90.40042038885969
cpsc,A3565,PVC,12,828.7464488636364,210.27967844873032,322.0917203599976,72.39850026780933
cpsc,A3698,PVC,10,890.8420138888889,147.9240594726792,135.59149191954944,67.35200974421437
cpsc,A3741,PVC,13,679.931640625,221.5598335795335,302.65202898575143,88.24416517055656
cpsc,A3845,PVC,16,589.5182291666666,139.022006471013,224.63211986934323,101.77802319160685
cpsc,A3853,PVC,13,758.8704427083334,134.11717806553756,230.38296506309706,79.06487935656835
cpsc,A3856,PVC,16,596.6796875,267.13810641827087,363.4241060563577,100.55646481178395
cpsc,A4050,PVC,11,806.15234375,107.30961029224332,121.21007657494054,74.42761962447001
cpsc,A4054,PVC,13,788.9811197916666,280.68515301519164,541.2178225085748,76.04744713769985
cpsc,A4064,PVC,12,829.6342329545455,94.49105271500946,105.02020505235305,72.32102728731942
cpsc,A4074,PVC,18,543.7155330882352,13.140706300267183,9.216106488367615,110.35182250396197
cpsc,A4133,PVC,20,507.0415296052632,75.35057005948121,49.28712216707917,118.33350228079067
cpsc,A4140,PVC,12,849.1654829545455,173.26011240477396,275.0371734463248,70.65760585467851
cpsc,A4220,PVC,12,775.9232954545455,96.7845505684537,130.1798471443989,77.32723112128146
cpsc,A4307,PVC,12,750.6214488636364,329.18334965484786,511.2400290862286,79.9337670017741
cpsc,A4475,PVC,12,807.4396306818181,182.45356252794045,195.14152672893988,74.3089609675646
cpsc,A4579,PVC,12,683.1498579545455,177.9978321009664,224.64652376217117,87.82846003898635
cpsc,A4735,PVC,11,802.24609375,291.2188225223113,545.4587005045965,74.79001825928181
cpsc,A4757,PVC,13,752.3600260416666,308.25037375216556,356.1898309980988,79.74905354245539
cpsc,A4764,PVC,21,469.482421875,42.78129316643604,79.30467293781525,127.8003120124805
cpsc,A4786,PVC,9,1013.7939453125,409.7901871114926,760.9403216845967,59.18362432269717
cpsc,A4831,PVC,13,791.015625,208.73406911665487,282.7013886709295,75.85185185185185
cpsc,A4904,PVC,9,999.1455078125,188.9472240683773,323.457701205534,60.05131337813073
cpsc,A4937,PVC,16,616.5364583333334,81.94373343187216,139.08977210507274,97.31784582893347
cpsc,A4969,PVC,11,846.6796875,308.23402523858175,592.1035156819098,70.86505190311419
cpsc,A4970,PVC,11,888.18359375,219.2673393689982,313.371925412297,67.55360087960418
cpsc,A5069,PVC,15,630.9291294642857,18.68456366626517,20.93617414268597,95.0978441127695
cpsc,A5104,PVC,17,571.59423828125,99.56578316855818,106.45576449067599,104.96956753870795
cpsc,A5210,PVC,12,781.25,160.3615538147923,162.37095330461906,76.8
cpsc,A5230,PVC,13,731.201171875,22.72428146097699,35.39465017622439,82.0567612687813
cpsc,A5231,PVC,15,633.7193080357143,15.580165382242239,17.18348743043551,94.67914144193725
cpsc,A5337,PVC,18,538.2582720588235,76.34089203567898,124.45186597590754,111.47065101387406
cpsc,A5446,PVC,12,832.7414772727273,167.08016397679737,272.61665297178575,72.05117270788912
cpsc,A5489,PVC,11,874.0234375,329.49237402640773,623.7589913066103,68.64804469273743
cpsc,A5513,PVC,11,823.2421875,153.51681222151896,240.79742199097564,72.88256227758008
cpsc,A5536,PVC,11,893.06640625,219.0013833740143,342.1106260860031,67.18425369054128
cpsc,A5672,PVC,13,788.1673177083334,163.34991051294014,166.90754101359076,76.1259679917398
cpsc,A5719,PVC,12,809.6590909090909,28.789402192858383,51.51309333946458,74.10526315789474
cpsc,A5810,PVC,12,864.2578125,26.38526579317636,36.3433477850164,69.42372881355932
cpsc,A5818,PVC,11,888.671875,180.4660020759407,309.59581229318144,67.51648351648352
cpsc,A5885,PVC,12,768.3771306818181,257.45225859411545,407.9238447285774,78.08665511265166
cpsc,A6058,PVC,17,573.1201171875,105.58435203424114,99.85321716413219,104.69009584664536
cpsc,A6285,PVC,10,905.4904513888889,6.510416666666666,7.720404443770457,66.26243259436788
cpsc,A6341,PVC,15,653.2505580357143,291.89116333416945,401.7943776073503,91.84837159636946
cpsc,A6343,PVC,12,805.2201704545455,32.2009949369422,36.96131028862415,74.51378169790517
cpsc,A6356,PVC,13,776.7740885416666,35.23866389096837,42.66908679225112,77.24253535882661
cpsc,A6404,PVC,9,958.8623046875,266.8170946027707,495.9395247213851,62.574156588160406
cpsc,A6407,PVC,20,497.0189144736842,74.07975500381625,124.77472987481092,120.71975180972079
cpsc,A6484,PVC,14,670.0721153846154,276.18591939172046,280.4608045495671,89.54260089686099
cpsc,A6525,PVC,20,491.36513157894734,33.28482461181357,54.384877755871166,122.10878661087867
cpsc,A6540,PVC,11,854.4921875,132.70714264739263,232.0634801695352,70.21714285714286
cpsc,A6554,PVC,16,598.6328125,12.489750611059089,15.218627392069914,100.2283849918434
cpsc,A6630,PVC,17,563.96484375,268.0422430954846,385.81840953156126,106.3896103896104
cpsc,A6641,PVC,13,725.5045572916666,272.9333631114625,261.5300278380704,82.70106561974201
cpsc,A6660,PVC,11,949.21875,131.1449064101311,225.31591771708608,63.20987654320987
cpsc,A6727,PVC,15,619.0708705357143,60.38729392248279,63.9084787717308,96.9194366197183
cpsc,A6751,PVC,15,635.8119419642857,162.18423547992825,259.21038476295723,94.36752605595173
cpsc,A6868,PVC,11,886.23046875,210.34855511332844,332.90772287181875,67.70247933884298
cpsc,A6877,PVC,9,1013.7939453125,166.66956740080295,180.77714245839078,59.18362432269717
cpsc,A0028,RBBB,14,691.1057692307693,80.93830340501916,86.7071653767396,86.81739130434782
cpsc,A0051,RBBB,24,395.7201086956522,87.92117747542312,137.61942067592366,151.62231759656652
cpsc,A0083,RBBB,19,511.0677083333333,9.474047852981757,15.073117834790816,117.40127388535032
cpsc,A0178,RBBB,13,723.4700520833334,17.768623952740043,12.140264853673067,82.93363329583802
cpsc,A0180,RBBB,8,1103.515625,40.657539052072906,53.932426841734674,54.3716814159292
cpsc,A0209,RBBB,10,951.0633680555555,40.248252014577595,52.75923531487869,63.087278950370795
cpsc,A0211,RBBB,11,852.5390625,14.594083184544202,17.60523083722651,70.37800687285224
cpsc,A0273,RBBB,19,515.6792534722222,190.95655933505043,330.3225150620906,116.35139400315624
cpsc,A0309,RBBB,16,634.765625,68.43981359421355,71.55765146700637,94.52307692307693
cpsc,A0324,RBBB,11,864.2578125,8.914755167727312,7.634140234087614,69.42372881355932
cpsc,A0326,RBBB,12,854.4921875,90.00812917659768,91.12693954099096,70.21714285714286
cpsc,A0372,RBBB,20,461.04029605263156,154.86476848757997,254.52887985492512,130.14046822742475
cpsc,A0410,RBBB,9,1094.3603515625,19.607395512950454,33.979804572596535,54.826547685443394
cpsc,A0466,RBBB,15,664.0625,16.47514438060495,18.067928892436438,90.3529411764706
cpsc,A0489,RBBB,11,920.8984375,26.06200377766679,21.345828529628907,65.15376458112407
cpsc,A0535,RBBB,15,680.4547991071429,34.077970581821155,40.332967967912566,88.17631983598154
cpsc,A0604,RBBB,14,695.2373798076923,246.80784625165225,344.6795293693964,86.30145867098867
cpsc,A0633,RBBB,13,730.7942708333334,155.5734494749096,169.84889776295006,82.10244988864142
cpsc,A0647,RBBB,16,613.6067708333334,10.220080438911788,12.380189278249754,97.78249336870026
cpsc,A0728,RBBB,10,970.5946180555555,32.36845996313695,32.434888319302786,61.81777529346004
cpsc,A0744,RBBB,12,699.5738636363636,115.98279924728405,179.14000320160295,85.76649746192894
cpsc,A0748,RBBB,10,958.1163194444445,45.06876789062626,73.48592257466997,62.62287655719139
cpsc,A0761,RBBB,18,530.5032169117648,161.57555230864085,234.1873689462271,113.10016242555494
cpsc,A0806,RBBB,14,716.6466346153846,52.633074109851826,55.4580893144558,83.72327044025157
cpsc,A0808,RBBB,13,747.8841145833334,12.463278729426765,11.960399134683486,80.22633297062023
cpsc,A0811,RBBB,17,559.6923828125,8.711864382208747,9.601485158693116,107.20174482006543
cpsc,A0815,RBBB,17,547.18017578125,204.37525843488274,310.01565791138336,109.65309537088679
cpsc,A0829,RBBB,13,773.5188802083334,160.13376059735643,129.53892498200534,77.56759600210415
cpsc,A0830,RBBB,12,751.5092329545455,159.6978981149449,174.22132276337453,79.83933845245127
cpsc,A0861,RBBB,19,512.4240451388889,7.939325272469932,8.20476611735162,117.09052408681842
cpsc,A0867,RBBB,12,828.3025568181819,26.500020519530004,35.614419001582945,72.43729903536978
cpsc,A0870,RBBB,17,573.73046875,193.39882804570746,324.50443534778395,104.57872340425531
cpsc,A0878,RBBB,10,950.5208333333334,308.0818662958468,422.8252023845615,63.12328767123287
cpsc,A0899,RBBB,11,884.765625,53.23037063421504,56.40534977592271,67.81456953642385
cpsc,A0900,RBBB,12,796.7862215909091,196.07782406296408,234.44111209487812,75.3025069637883
cpsc,A1071,RBBB,11,872.0703125,12.438133577176302,14.917238590351042,68.80179171332587
cpsc,A1088,RBBB,15,624.6512276785714,12.480307357262284,10.833988207524007,96.0536013400335
cpsc,A1092,RBBB,12,819.4247159090909,123.11696179903916,128.70634357317655,73.22210184182015
cpsc,A1139,RBBB,11,909.66796875,29.660825290014532,34.25710478491079,65.95813204508856
cpsc,A1161,RBBB,13,738.9322916666666,224.1972709890806,261.31031563007133,81.19823788546256
cpsc,A1170,RBBB,10,937.5,6.459353786778785,10.066175843793117,64.0
cpsc,A1178,RBBB,12,772.8160511363636,3.157567337318668,2.674426550318194,77.63813900057438
cpsc,A1191,RBBB,12,820.7563920454545,86.09423256005455,89.79597065133181,73.10329908058411
cpsc,A1197,RBBB,20,504.21463815789474,16.585766048618982,9.629036105305365,118.99694189602447
cpsc,A1212,RBBB,12,792.7911931818181,25.677533824283636,19.773883526676354,75.68197088465845
cpsc,A1270,RBBB,12,792.3473011363636,96.87408715318634,109.93378813930777,75.72436974789916
cpsc,A1271,RBBB,18,541.4177389705883,9.436967288572301,7.425247229367944,110.82015915119362
cpsc,A1289,RBBB,19,481.2282986111111,140.09525246522557,272.72363650095946,124.68094701240136
cpsc,A1304,RBBB,11,880.37109375,12.40614518239551,13.22271875754551,68.153078202995
cpsc,A1333,RBBB,16,629.8828125,12.24185879937517,16.558422810364423,95.25581395348837
cpsc,A1335,RBBB,10,961.3715277777778,7.8901039345968895,11.320335077509403,62.41083521444695
cpsc,A1338,RBBB,23,428.5777698863636,7.371625191506784,8.59047302916256,139.99792853443813
cpsc,A1343,RBBB,12,817.2052556818181,50.8972124385991,40.23508608291536,73.42096686583379
cpsc,A1346,RBBB,17,579.833984375,199.6467331418153,150.24470396435257,103.4778947368421
cpsc,A1390,RBBB,15,656.0407366071429,65.6386572312086,97.49648891048484,91.45773524720893
cpsc,A1465,RBBB,13,772.2981770833334,12.110472747774859,16.32774694402479,77.69020021074815
cpsc,A1473,RBBB,11,800.78125,16.914558667664817,28.049622297548968,74.92682926829268
cpsc,A1506,RBBB,13,748.6979166666666,7.009185181301498,9.194031950110077,80.13913043478261
cpsc,A1551,RBBB,20,500.87376644736844,79.90717293017613,109.46167433177327,119.7906618778861
cpsc,A1619,RBBB,12,792.3473011363636,27.28185212045755,32.936371003984476,75.72436974789916
cpsc,A1643,RBBB,10,904.9479166666666,156.63100519868593,251.2454955802739,66.3021582733813
cpsc,A1645,RBBB,13,732.0149739583334,71.10879480377682,65.95494938053866,81.96553640911617
cpsc,A1670,RBBB,14,570.1622596153846,200.05785032053177,309.0541318783345,105.23320158102766
cpsc,A1690,RBBB,16,603.515625,212.0657322200296,209.4167964511961,99.41747572815534
cpsc,A1707,RBBB,11,853.515625,17.039391052477082,8.914755167727312,70.2974828375286
cpsc,A1733,RBBB,15,662.6674107142857,38.94158397473537,51.69257272575541,90.54315789473685
cpsc,A1812,RBBB,11,894.53125,210.38066694545404,239.47915286141128,67.07423580786026
cpsc,A1835,RBBB,22,417.3642113095238,88.08868536027848,168.2056264872921,143.75933147632313
cpsc,A1837,RBBB,14,698.9933894230769,147.28036435848182,161.05264538267446,85.83772165502418
cpsc,A1861,RBBB,12,836.2926136363636,33.552483986808106,29.781153675736146,71.7452229299363
cpsc,A1884,RBBB,20,476.2027138157895,129.83516289883886,247.13602980446203,125.99676200755532
cpsc,A1886,RBBB,13,788.1673177083334,16.05443657122989,18.622316196202974,76.1259679917398
cpsc,A1896,RBBB,14,679.8377403846154,280.2138410460921,375.1724694265191,88.25635359116022
cpsc,A1899,RBBB,14,730.5438701923077,15.63751502002804,14.165767566348642,82.1305912596401
cpsc,A1901,RBBB,16,613.9322916666666,20.58958329286732,20.25883891107367,97.73064687168612
cpsc,A1912,RBBB,15,642.08984375,13.909919010773141,12.84752957969281,93.4448669201521
cpsc,A1915,RBBB,15,651.1579241071429,215.07075889676634,221.29846392718355,92.14354579539368
cpsc,A1942,RBBB,10,964.6267361111111,130.70330319642954,207.67026924245533,62.20022497187852
cpsc,A1951,RBBB,18,540.5560661764706,129.21896146738945,141.02159313136795,110.99681190223167
cpsc,A1952,RBBB,16,580.078125,139.59330595677162,167.03317851383596,103.43434343434343
cpsc,A1966,RBBB,9,1031.494140625,254.23803764245096,283.17305682437086,58.168047337278104
cpsc,A1986,RBBB,9,1105.3466796875,36.06464332960413,31.698012744145544,54.28161236885698
cpsc,A2000,RBBB,18,507.8125,199.27768209612435,268.9649742325041,118.15384615384616
cpsc,A2008,RBBB,11,922.36328125,137.9810971814223,179.4059870202523,65.05029115934357
cpsc,A2020,RBBB,11,902.83203125,173.6959462051683,268.02148772682534,66.45754461871282
cpsc,A2023,RBBB,12,825.1953125,9.518353852352504,7.075867551850312,72.71005917159763
cpsc,A2042,RBBB,13,765.7877604166666,18.368408027258308,25.879325012692487,78.35069075451648
cpsc,A2059,RBBB,16,638.671875,17.62456662651089,20.716018980074633,93.94495412844037
cpsc,A2061,RBBB,13,747.0703125,172.74645101130974,156.0278961208467,80.31372549019608
cpsc,A2074,RBBB,14,679.4621394230769,198.0886497188624,163.44055484131704,88.30514096185738
cpsc,A2082,RBBB,10,942.9253472222222,109.38601968142113,186.85930779445755,63.631760644418875
cpsc,A2138,RBBB,15,667.5502232142857,16.633410688528127,16.968685393744767,89.88087774294671
cpsc,A2146,RBBB,15,638.2533482142857,20.216764433858035,15.500082844022948,94.00655737704919
cpsc,A2163,RBBB,14,678.7109375,134.8458019349478,149.35873499041224,88.40287769784173
cpsc,A2167,RBBB,22,432.47767857142856,59.29293590165368,107.46625503701004,138.73548387096776
cpsc,A2184,RBBB,9,1103.515625,16.08895451265457,22.069324804068604,54.3716814159292
cpsc,A2195,RBBB,15,645.5775669642857,11.031694100056715,15.617955894149484,92.94003241491086
cpsc,A2213,RBBB,15,669.2940848214286,11.565042277985448,12.337791245235007,89.64669098488797
cpsc,A2215,RBBB,17,569.76318359375,208.565026828578,207.9757164204645,105.30690948044992
cpsc,A2222,RBBB,9,1035.7666015625,11.506844089232436,15.659838393306115,57.92810842663524
cpsc,A2238,RBBB,14,693.359375,9.765625,12.685919000748614,86.53521126760563
cpsc,A2240,RBBB,19,490.9939236111111,180.32001457708392,292.5831370013163,122.2011049723757
cpsc,A2250,RBBB,10,983.6154513888889,11.736820558151006,15.632627532795041,60.99944842801985
cpsc,A2272,RBBB,14,729.4170673076923,235.74040128816318,276.6807403968095,82.25746652935119
cpsc,A2320,RBBB,16,555.0130208333334,186.24920921365057,298.29434575692824,108.10557184750732
cpsc,A2329,RBBB,14,638.5216346153846,258.7057790743833,366.32756389440175,93.96705882352941
cpsc,A2368,RBBB,16,607.7473958333334,231.50083471059654,444.9391724235824,98.72522763792179
cpsc,A2393,RBBB,17,575.86669921875,11.619144564737104,9.846668920738395,104.19077901430843
cpsc,A2413,RBBB,10,911.4583333333334,22.771921516330114,28.366577242730106,65.82857142857142
cpsc,A2444,RBBB,14,727.9146634615385,257.58445393705307,287.0841847828353,82.42724458204334
cpsc,A2445,RBBB,12,845.6143465909091,51.24944648528353,73.3072627571731,70.95433070866142
cpsc,A2500,RBBB,13,793.45703125,72.76716222090073,131.06095873086494,75.61846153846155
cpsc,A2524,RBBB,11,889.6484375,194.57597673710592,199.53258785130208,67.4423710208562
cpsc,A2555,RBBB,14,716.2710336538462,198.16424577166373,282.2086808150742,83.767173571054
cpsc,A2561,RBBB,16,620.7682291666666,23.040805168211445,21.68006454787954,96.65443104352387
cpsc,A2575,RBBB,15,676.26953125,12.225796874068354,14.958163876006518,88.72202166064982
cpsc,A2580,RBBB,11,844.7265625,23.132601568281082,17.37805705083221,71.02890173410404
cpsc,A2604,RBBB,10,947.8081597222222,13.247738115315515,20.787825153718753,63.303949627933605
cpsc,A2617,RBBB,18,523.8970588235294,9.418372261069392,10.21313508952729,114.52631578947368
cpsc,A2633,RBBB,12,813.2102272727273,13.167966063735197,17.054930856028303,73.78165938864629
cpsc,A2658,RBBB,11,845.703125,15.406457768488584,19.463315011558265,70.94688221709006
cpsc,A2683,RBBB,10,978.1901041666666,20.42627017905458,29.90099783670872,61.33777038269551
cpsc,A2701,RBBB,12,790.1278409090909,35.40077328848821,27.010384152225257,75.9370786516854
cpsc,A2717,RBBB,14,727.5390625,207.14100741357612,215.66522932482607,82.46979865771812
cpsc,A2734,RBBB,12,854.0482954545455,25.508155103504567,15.128841196122723,70.25363825363824
cpsc,A2754,RBBB,8,1035.15625,23.754100780153685,30.362562021773485,57.9622641509434
cpsc,A2767,RBBB,12,824.7514204545455,15.04263627106847,14.890576837868073,72.74919268030139
cpsc,A2772,RBBB,10,887.5868055555555,385.1451088938466,396.8618315667207,67.59902200488997
cpsc,A2779,RBBB,10,825.7378472222222,14.118938454506406,19.06799237281898,72.6622864651774
cpsc,A2803,RBBB,12,783.9133522727273,43.143932021719394,30.297054799782366,76.53907134767837
cpsc,A2814,RBBB,14,696.7397836538462,289.77332216891585,407.3223730091343,86.1153638814016
cpsc,A2834,RBBB,18,537.6838235294117,165.6281592674266,187.71064370187474,111.5897435897436
cpsc,A2858,RBBB,13,704.345703125,151.77651822622093,173.8034348687274,85.18544194107453
cpsc,A2904,RBBB,18,531.3648897058823,7.1669504793940515,7.720404443770457,112.91675675675677
cpsc,A2917,RBBB,15,628.4877232142857,224.95554763197788,139.65841814791483,95.46725860155384
cpsc,A2932,RBBB,11,907.71484375,17.89624610338992,23.075271612561565,66.10005379236148
cpsc,A2951,RBBB,16,593.0989583333334,93.92035613290099,120.60363309223334,101.1635565312843
cpsc,A2968,RBBB,15,682.4669471153846,68.74062000655775,72.05251251647317,87.91634562465602
cpsc,A3042,RBBB,20,478.25863486842104,170.661679411473,308.9148116116514,125.45513164965072
cpsc,A3054,RBBB,13,785.3190104166666,9.948860957631535,13.88892742113105,76.40207253886011
cpsc,A3060,RBBB,15,656.3895089285714,9.326493532206214,9.67126892246374,91.40913921360254
cpsc,A3087,RBBB,12,832.2975852272727,183.2631305133377,179.47906346538616,72.0896
cpsc,A3111,RBBB,19,520.5620659722222,8.562570221735244,9.765625,115.26003126628453
cpsc,A3138,RBBB,11,864.2578125,22.786458333333332,29.069939940579022,69.42372881355932
cpsc,A3200,RBBB,17,599.06005859375,16.410778571114168,19.20297031738623,100.15690269994906
cpsc,A3203,RBBB,13,731.6080729166666,219.77916563094382,238.70911253086555,82.0111234705228
cpsc,A3249,RBBB,9,927.734375,44.827759523045835,66.36212590006444,64.67368421052632
cpsc,A3257,RBBB,17,592.95654296875,15.020105874289087,13.982247132105813,101.1878538342769
cpsc,A3274,RBBB,11,914.0625,102.15858229180941,108.64791190285571,65.64102564102564
cpsc,A3285,RBBB,13,788.9811197916666,20.235262478983692,18.030980123925694,76.04744713769985
cpsc,A3290,RBBB,17,591.1458333333334,93.13009061032842,93.76852669897016,101.49779735682819
cpsc,A3322,RBBB,10,984.7005208333334,24.291685476235838,23.289531284593398,60.93223140495868
cpsc,A3393,RBBB,16,633.1380208333334,23.610280482679496,43.43860903164136,94.76606683804627
cpsc,A3408,RBBB,15,656.9260817307693,313.6778909502387,483.6121160730599,91.33447684391079
cpsc,A3420,RBBB,19,487.4674479166667,127.78171431344161,244.6771448509287,123.08514190317194
cpsc,A3444,RBBB,12,838.0681818181819,11.81453515191452,13.810679320049756,71.59322033898304
cpsc,A3448,RBBB,17,567.626953125,212.70613302748586,354.22440600496503,105.70322580645161
cpsc,A3450,RBBB,18,547.7366727941177,188.28320082067486,203.27547808464146,109.5416885159937
cpsc,A3469,RBBB,19,493.70659722222223,173.51584220342528,335.9364980533964,121.52967032967032
cpsc,A3488,RBBB,13,779.6223958333334,259.19773469042775,346.1760355988815,76.96033402922755
cpsc,A3530,RBBB,14,669.3209134615385,5.067134000612996,5.638186222554939,89.64309764309765
cpsc,A3544,RBBB,16,637.3697916666666,190.35693817959248,222.69433635136687,94.13687436159347
cpsc,A3578,RBBB,10,929.3619791666666,23.289531284593398,18.351191868130993,64.56042031523643
cpsc,A3584,RBBB,17,581.0546875,139.28716563305875,169.5679233807162,103.26050420168067
cpsc,A3598,RBBB,13,771.8912760416666,161.66940951917945,107.01757595548399,77.73115445440169
cpsc,A3628,RBBB,16,620.1171875,105.45389383629778,124.6040066332696,96.75590551181102
cpsc,A3691,RBBB,10,914.1710069444445,58.633296478011225,96.69016771637135,65.63323442136499
cpsc,A3712,RBBB,15,616.2806919642857,7.461545965602131,9.284260136950328,97.35823429541597
cpsc,A3714,RBBB,14,713.6418269230769,11.24923312189899,12.368720828101125,84.07578947368421
cpsc,A3728,RBBB,19,476.07421875,139.30243589227783,269.13894500377444,126.03076923076924
cpsc,A3807,RBBB,12,806.9957386363636,21.846524815832016,26.966213420867337,74.34983498349835
cpsc,A3812,RBBB,12,797.2301136363636,97.75607468958778,141.50050273037627,75.26057906458797
cpsc,A3836,RBBB,13,757.2428385416666,14.493488807024043,20.87236851120161,79.2348199892531
cpsc,A3843,RBBB,13,727.5390625,302.1969317554552,382.6138294045522,82.46979865771812
cpsc,A3875,RBBB,7,538.7369791666666,192.47614989394089,205.90189832985962,111.37160120845923
cpsc,A3931,RBBB,24,398.9045516304348,105.68712824189807,167.5717458705183,150.4119212346993
cpsc,A3935,RBBB,14,675.7061298076923,13.451899057054579,22.596750287947298,88.79599777654254
cpsc,A3942,RBBB,12,805.6640625,10.918300671385692,15.746597164645605,74.47272727272727
cpsc,A4008,RBBB,15,648.0189732142857,19.192962372542773,20.804360613170417,92.58988159311087
cpsc,A4038,RBBB,12,786.5767045454545,231.27687190307796,260.47413509777056,76.27990970654628
cpsc,A4055,RBBB,12,854.0482954545455,10.347541564684992,11.13452563573377,70.25363825363824
cpsc,A4058,RBBB,16,593.75,269.2816864325334,486.6480078980435,101.05263157894737
cpsc,A4097,RBBB,27,364.70853365384613,56.78808308711551,79.42041254432601,164.51493305870238
cpsc,A4163,RBBB,12,761.71875,286.22612066490177,391.2653442883912,78.76923076923077
cpsc,A4172,RBBB,15,683.2449776785714,14.391308685872582,23.25998227973413,87.81623277182236
cpsc,A4188,RBBB,16,642.578125,32.744501981504335,27.805707907358745,93.37386018237082
cpsc,A4201,RBBB,17,591.12548828125,9.841623227903503,10.623156817760885,101.50129065565307
cpsc,A4217,RBBB,10,882.7039930555555,7.634140234087614,5.179004745018658,67.97295636140136
cpsc,A4260,RBBB,16,663.0161830357143,215.04152019407667,196.281961457854,90.49552866912151
cpsc,A4282,RBBB,17,590.8203125,239.91128341431798,396.13424541822485,101.55371900826447
cpsc,A4309,RBBB,13,731.6080729166666,28.152462687605365,23.509521798411505,82.0111234705228
cpsc,A4311,RBBB,16,613.9322916666666,11.29649087759971,11.672154388031188,97.73064687168612
cpsc,A4367,RBBB,26,386.3525390625,68.50044432180906,44.94817356974902,155.29857819905214
cpsc,A4385,RBBB,10,894.0972222222222,16.458128593877507,18.593196059238057,67.10679611650485
cpsc,A4414,RBBB,13,758.4635416666666,167.64394743704617,190.6799237281898,79.10729613733906
cpsc,A4427,RBBB,18,524.4715073529412,210.49296425668334,257.9816783343367,114.40087623220153
cpsc,A4445,RBBB,11,823.73046875,10.56063033691949,11.623418666248128,72.83935981031416
cpsc,A4469,RBBB,11,874.0234375,23.698274379168353,33.23661760524436,68.64804469273743
cpsc,A4495,RBBB,10,923.3940972222222,240.35696539029598,302.18258685089455,64.97767332549941
cpsc,A4497,RBBB,11,884.27734375,164.14531252602853,256.9192639175374,67.85201546107123
cpsc,A4498,RBBB,11,953.61328125,17.385677334930445,22.31658398568048,62.91858678955453
cpsc,A4545,RBBB,16,595.3776041666666,11.144717423346478,11.149809823622894,100.77638053581192
cpsc,A4558,RBBB,13,719.4010416666666,6.360731907020797,7.060535209777551,83.4027149321267
cpsc,A4583,RBBB,12,832.7414772727273,11.212119087637685,13.10196080566283,72.05117270788912
cpsc,A4585,RBBB,12,790.5717329545455,31.978101259813464,23.970581462174955,75.89444132509826
cpsc,A4622,RBBB,14,689.2277644230769,8.42105955568922,11.537635806280782,87.05395095367848
cpsc,A4623,RBBB,19,492.07899305555554,162.94222382624054,315.8568555436684,121.9316427783903
cpsc,A4626,RBBB,13,717.7734375,11.212119087637685,12.91870757355757,83.59183673469387
cpsc,A4630,RBBB,19,504.82855902777777,7.700193926262847,9.249334896659363,118.85222998387964
cpsc,A4643,RBBB,17,543.51806640625,32.32597661304641,24.64087352574943,110.39191465468838
cpsc,A4645,RBBB,11,840.33203125,12.491265530175712,15.181281010886742,71.40034863451481
cpsc,A4650,RBBB,10,925.5642361111111,20.731997400483394,23.353425866343983,64.82532239155921
cpsc,A4683,RBBB,12,828.3025568181819,16.38075924890747,16.48627247669349,72.43729903536978
cpsc,A4729,RBBB,10,947.265625,14.850494458735888,21.35358359928699,63.34020618556701
cpsc,A4793,RBBB,18,514.9931066176471,202.43157831385537,331.1279575882559,116.5064138315672
cpsc,A4825,RBBB,15,665.4575892857143,225.9317502858019,265.65717269280066,90.16352201257861
cpsc,A4830,RBBB,13,758.8704427083334,170.9359528290491,169.30568665255282,79.06487935656835
cpsc,A4844,RBBB,18,545.4388786764706,178.85500166290333,337.23456576627,110.00315955766192
cpsc,A4852,RBBB,15,674.1768973214286,30.06701867988642,30.49315428905468,88.99741334712881
cpsc,A4863,RBBB,17,584.716796875,69.04188674158057,70.90453514871209,102.61377870563675
cpsc,A4875,RBBB,11,883.30078125,182.24007012541264,305.89000623765054,67.92703150912106
cpsc,A4878,RBBB,10,999.8914930555555,35.44479449932059,57.51571772162962,60.00651112316875
cpsc,A4939,RBBB,9,983.88671875,23.344308776062377,35.4033971552721,60.98263027295285
cpsc,A4949,RBBB,15,653.5993303571429,8.093182911765085,7.660786528835313,91.79935965848452
cpsc,A4953,RBBB,15,582.1010044642857,222.98826575015624,427.42580784183735,103.0748951467945
cpsc,A4954,RBBB,10,851.7795138888889,21.438704219270004,18.989684065068413,70.44076433121019
cpsc,A4988,RBBB,12,794.5667613636364,253.4183536272038,285.94693861428357,75.51284916201118
cpsc,A5021,RBBB,14,696.7397836538462,14.149575028116997,14.305335149126746,86.1153638814016
cpsc,A5035,RBBB,12,810.1029829545455,141.67654509620755,149.77584620914686,74.06465753424658
cpsc,A5088,RBBB,14,705.0030048076923,9.033964446218219,9.866825889471142,85.10602024507193
cpsc,A5127,RBBB,14,683.2181490384615,12.67989386671094,11.877050390076842,87.81968114348543
cpsc,A5140,RBBB,10,984.1579861111111,34.53628771797354,41.32400117141298,60.96582138919515
cpsc,A5203,RBBB,13,789.3880208333334,75.02081996274326,68.45442863803481,76.00824742268041
cpsc,A5204,RBBB,12,827.8586647727273,9.357598077451248,10.58568524837832,72.47613941018767
cpsc,A5212,RBBB,11,846.6796875,197.01676150993782,215.8892844006671,70.86505190311419
cpsc,A5213,RBBB,12,822.5319602272727,18.317204045507175,15.746597164645605,72.94549379384782
cpsc,A5227,RBBB,18,521.8864889705883,196.61948526471343,343.592694442675,114.96752889378095
cpsc,A5250,RBBB,10,915.7986111111111,11.217487591219257,12.448778109357384,65.51658767772513
cpsc,A5281,RBBB,12,825.1953125,63.62662550492939,81.87997584474446,72.71005917159763
cpsc,A5287,RBBB,16,632.1614583333334,11.652684558983633,17.21395463065439,94.91246138002059
cpsc,A5288,RBBB,15,652.5530133928571,103.41365125019976,173.58698228927616,91.94655264564405
cpsc,A5293,RBBB,13,735.2701822916666,35.969181696243,31.54133331585674,81.6026563364693
cpsc,A5295,RBBB,15,640.6947544642857,5.13135879437417,7.417524661257324,93.64833968426784
cpsc,A5336,RBBB,10,895.1822916666666,48.889122056886684,42.74204443362206,67.02545454545455
cpsc,A5346,RBBB,14,704.6274038461538,149.28401851588484,117.45845411893694,85.15138592750533
cpsc,A5348,RBBB,13,764.5670572916666,37.79104937475931,48.694775297216935,78.47578499201704
cpsc,A5350,RBBB,14,667.8185096153846,9.591929855123158,9.663364328644139,89.84476940382451
cpsc,A5354,RBBB,10,929.3619791666666,244.16503784191892,176.39054558777778,64.56042031523643
cpsc,A5374,RBBB,23,408.15873579545456,65.4345300662818,127.67544341471454,147.0016313213703
cpsc,A5391,RBBB,13,788.1673177083334,20.659268637077485,20.29319859847738,76.1259679917398
cpsc,A5394,RBBB,11,856.93359375,146.07237343840268,159.8784562566541,70.01709401709402
cpsc,A5402,RBBB,14,714.0174278846154,145.57489264579206,165.985703109268,84.03156233561283
cpsc,A5483,RBBB,12,799.0056818181819,10.305563535372778,10.918300671385692,75.09333333333333
cpsc,A5524,RBBB,19,516.2217881944445,174.64307365670575,305.5219773481471,116.2291119285339
cpsc,A5538,RBBB,16,561.5234375,191.46425130221036,369.61310288624145,106.85217391304347
cpsc,A5541,RBBB,12,779.4744318181819,17.231932656056173,11.86031035301867,76.9749430523918
cpsc,A5548,RBBB,16,625.6510416666666,61.066305295652754,90.16692047177436,95.90010405827263
cpsc,A5567,RBBB,19,510.25390625,5.093677576679744,8.289791871359038,117.58851674641149
cpsc,A5608,RBBB,11,911.1328125,17.560031196954657,21.4077904263768,65.85209003215434
cpsc,A5671,RBBB,10,892.4696180555555,58.37860167467758,45.674528647142836,67.229179331307
cpsc,A5692,RBBB,12,815.8735795454545,185.1668412984163,207.76926609132764,73.54080522306856
cpsc,A5736,RBBB,21,444.091796875,111.18144254942571,213.23445477671208,135.10720175920835
cpsc,A5762,RBBB,11,895.5078125,174.80195965050348,186.92663618381317,67.0010905125409
cpsc,A5908,RBBB,22,442.7083333333333,46.02120936067283,78.20887831218772,135.52941176470588
cpsc,A5936,RBBB,18,524.7587316176471,162.96379995334178,312.48807884366255,114.33825944170772
cpsc,A5943,RBBB,9,1077.2705078125,14.280512407626423,20.55094846910747,55.69631728045326
cpsc,A5988,RBBB,20,484.68338815789474,3.190313947631591,5.146936295846971,123.79215270413573
cpsc,A6033,RBBB,13,770.263671875,167.73173281878246,182.05040493430764,77.89540412044374
cpsc,A6041,RBBB,14,707.2566105769231,20.018157052976335,22.90242070226284,84.8348380244291
cpsc,A6083,RBBB,9,1053.466796875,34.40316767761633,26.74426550318194,56.95480880648899
cpsc,A6085,RBBB,12,827.8586647727273,199.05309198402372,231.79220608238128,72.47613941018767
cpsc,A6089,RBBB,12,778.5866477272727,24.155233104037087,37.885087385294575,77.06271379703534
cpsc,A6157,RBBB,16,637.3697916666666,10.897484063944354,9.765625,94.13687436159347
cpsc,A6169,RBBB,16,620.1171875,21.836601342771385,20.38454128934495,96.75590551181102
cpsc,A6179,RBBB,11,845.21484375,23.411489111144952,32.06008399022169,70.98786828422877
cpsc,A6193,RBBB,17,598.7548828125,10.222857257449352,14.484762670108717,100.20795107033639
cpsc,A6212,RBBB,15,627.0926339285714,208.4374080505475,230.26207680390507,95.67964404894327
cpsc,A6241,RBBB,13,757.6497395833334,30.6585581215807,22.712355833568946,79.1922663802363
cpsc,A6268,RBBB,12,764.3821022727273,5.508555418142248,2.674426550318194,78.49477351916377
cpsc,A6281,RBBB,11,850.5859375,15.233540308330197,21.714948021038953,70.53960964408725
cpsc,A6293,RBBB,20,488.28125,13.22271875754551,18.735130913446188,122.88
cpsc,A6328,RBBB,8,1134.9051339285713,16.88096467488528,20.328769526036453,52.86785494775661
cpsc,A6376,RBBB,11,877.44140625,28.38291542162197,24.89755621871477,68.38063439065108
cpsc,A6379,RBBB,14,680.5889423076923,15.509939813441461,19.632711721703807,88.158940397351
cpsc,A6395,RBBB,16,588.2161458333334,229.83229768501866,413.44807322857054,102.0033204205866
cpsc,A6406,RBBB,16,630.859375,13.957866560581207,24.168688810087072,95.10835913312694
cpsc,A6441,RBBB,10,892.4696180555555,182.22080851732724,313.36664191878504,67.229179331307
cpsc,A6459,RBBB,17,570.98388671875,1.220703125,1.2607367663435602,105.08177445216462
cpsc,A6460,RBBB,18,550.3216911764706,8.590958901905752,8.717563999686096,109.02713987473904
cpsc,A6471,RBBB,14,701.9981971153846,8.256104434625735,8.457279333832409,85.47030497592296
cpsc,A6493,RBBB,17,570.068359375,19.16153991244979,20.792603414936604,105.25053533190578
cpsc,A6497,RBBB,11,953.125,178.14348805278283,280.9491844703545,62.950819672131146
cpsc,A6511,RBBB,10,919.0538194444445,31.90477829412868,39.55530211430579,65.28453364817001
cpsc,A6544,RBBB,10,1010.1996527777778,246.64782495105652,202.72494314373807,59.39419978517723
cpsc,A6603,RBBB,10,914.1710069444445,9.385223465715166,11.580606665655687,65.63323442136499
cpsc,A6635,RBBB,17,524.59716796875,196.26208573887575,376.5046345635323,114.37347294938918
cpsc,A6645,RBBB,11,845.21484375,12.491265530175712,10.796304656104818,70.98786828422877
cpsc,A6650,RBBB,11,796.875,261.399512494531,319.6699111556373,75.29411764705883
cpsc,A6655,RBBB,13,740.966796875,14.140243640089201,16.194456984157227,80.97528830313014
cpsc,A6666,RBBB,12,821.6441761363636,15.143160973295476,20.484547815823273,73.02431118314425
cpsc,A6711,RBBB,13,711.2630208333334,12.890714674848782,18.329033045154986,84.35697940503432
cpsc,A6725,RBBB,10,989.0407986111111,23.17550596663109,24.65699447842304,60.66483817882611
cpsc,A6737,RBBB,11,862.3046875,25.548719883266383,28.84121931424048,69.58097395243487
cpsc,A6768,RBBB,14,648.6628605769231,290.7621309932297,484.6504002761933,92.4979733642154
cpsc,A6779,RBBB,12,802.5568181818181,22.298231084733327,19.40879581479667,74.76106194690266
cpsc,A6791,RBBB,10,900.6076388888889,26.75664424279557,36.04693129939795,66.62168674698795
cpsc,A6820,RBBB,11,889.16015625,12.908450559178613,15.440808887540914,67.47940691927512
cpsc,A6830,RBBB,19,534.1254340277778,85.41661485536336,115.3054289289413,112.33316404266124
cpsc,A6855,RBBB,15,648.3677455357143,9.799103414958832,12.263241975146114,92.54007530930608
cpsc,A0067,STD,12,797.2301136363636,155.97648957406716,135.80891457962866,75.26057906458797
cpsc,A0076,STD,11,901.3671875,17.101465542400646,14.095465556387348,66.5655471289274
cpsc,A0106,STD,17,575.25634765625,13.83583213267744,22.69326179418408,104.30132625994695
cpsc,A0110,STD,14,719.6514423076923,30.397776669372643,15.37633758763931,83.37369519832986
cpsc,A0154,STD,13,753.9876302083334,33.66587814703245,55.37986912134564,79.57690232056125
cpsc,A0187,STD,11,916.015625,10.085894130748482,12.288141984490153,65.50106609808103
cpsc,A0194,STD,15,656.0407366071429,10.936283061837829,8.457279333832409,91.45773524720893
cpsc,A0195,STD,11,896.97265625,96.62130628914196,156.04641685165214,66.89167120304845
cpsc,A0196,STD,13,772.705078125,10.226390299634476,14.424784099140554,77.64928909952607
cpsc,A0232,STD,15,625.3487723214286,119.91737696741434,90.52216946590322,95.94645844952593
cpsc,A0307,STD,12,853.6044034090909,11.095525426113632,12.544172440102665,70.29017160686428
cpsc,A0320,STD,14,699.3689903846154,31.019879626882922,23.62830589348629,85.79162191192266
cpsc,A0340,STD,18,528.2054227941177,15.171654936105636,11.89794231544063,113.5921696574225
cpsc,A0343,STD,13,706.787109375,12.513898578666948,12.834545716265056,84.89119170984456
cpsc,A0420,STD,12,813.6541193181819,17.776754186042513,16.773011755193036,73.74140752864156
cpsc,A0432,STD,11,868.1640625,10.242273907911636,15.268280468175227,69.11136107986502
cpsc,A0488,STD,11,864.74609375,26.9858537828453,23.132601568281082,69.38452851496329
cpsc,A0501,STD,12,813.2102272727273,14.707504019852012,13.549254810069929,73.78165938864629
cpsc,A0599,STD,14,701.9981971153846,34.246693421010534,19.480320969377967,85.47030497592296
cpsc,A0618,STD,10,947.8081597222222,23.0896174464699,36.742961287334985,63.303949627933605
cpsc,A0702,STD,23,413.04154829545456,36.77682941401244,55.713399057936805,145.263836646964
cpsc,A0825,STD,18,533.0882352941177,8.32145255389369,11.89794231544063,112.55172413793103
cpsc,A0869,STD,13,741.3736979166666,9.503160939471716,10.41019122830129,80.93084522502744
cpsc,A0875,STD,16,629.5572916666666,21.08000992368425,25.63891734024708,95.30506721820062
cpsc,A0908,STD,12,793.6789772727273,40.6397652636598,41.08532024992701,75.59731543624162
cpsc,A0999,STD,13,767.822265625,15.45834530305917,20.239724991438205,78.14308426073131
cpsc,A1011,STD,13,771.8912760416666,27.969015135379387,26.74426550318194,77.73115445440169
cpsc,A1052,STD,17,583.49609375,11.416456977050899,13.10196080566283,102.82845188284519
cpsc,A1090,STD,13,740.966796875,92.69455471912082,94.47499470712461,80.97528830313014
cpsc,A1173,STD,13,749.51171875,13.250010259765004,15.856330876679467,80.05211726384364
cpsc,A1204,STD,19,506.72743055555554,7.214355941247129,8.457279333832409,118.406852248394
cpsc,A1278,STD,14,711.7638221153846,19.849483247872783,23.920798269366973,84.2976253298153
cpsc,A1325,STD,15,619.4196428571429,5.0151620216122605,4.491534233436522,96.86486486486486
cpsc,A1356,STD,18,554.6300551470588,14.55238113613672,11.0539369362029,108.18021750388401
cpsc,A1384,STD,12,809.6590909090909,27.605660225282087,27.49157863331884,74.10526315789474
cpsc,A1442,STD,8,1054.6875,34.75611410166442,56.1700323135983,56.888888888888886
cpsc,A1451,STD,12,782.5816761363636,19.663966702325613,23.518739411703702,76.66931366988089
cpsc,A1481,STD,10,896.8098958333334,5.980199567341743,8.970299351012615,66.9038112522686
cpsc,A1486,STD,14,723.7830528846154,52.557522813419425,41.81390813367555,82.89776855215361
cpsc,A1491,STD,12,816.7613636363636,14.1670425555566,17.469281074217108,73.4608695652174
cpsc,A1492,STD,9,950.3173828125,172.0987325239622,286.746849978733,63.13680154142582
cpsc,A1520,STD,10,893.0121527777778,22.30174089525508,35.04077171486163,67.1883353584447
cpsc,A1541,STD,12,763.9382102272727,224.35833921034546,387.32738957355855,78.5403834979663
cpsc,A1615,STD,19,504.82855902777777,12.322966107340468,9.01902485530077,118.85222998387964
cpsc,A1696,STD,13,760.0911458333334,15.7649391594072,12.49222947396155,78.93790149892934
cpsc,A1716,STD,11,823.73046875,287.47424687575165,366.1096503447773,72.83935981031416
cpsc,A1805,STD,12,811.4346590909091,69.7342959885636,83.85084315440768,73.94310722100656
cpsc,A1818,STD,11,877.9296875,54.896364541231236,51.77725820503537,68.34260289210233
cpsc,A1910,STD,21,482.177734375,11.94727746410139,8.382764407021018,124.43544303797468
cpsc,A1926,STD,21,467.28515625,135.6230693034835,226.57014311206166,128.40125391849529
cpsc,A1936,STD,10,995.5512152777778,230.7670659727192,238.49677672697229,60.26811989100817
cpsc,A1984,STD,14,691.1057692307693,26.71567729030424,36.430711727863596,86.81739130434782
cpsc,A2055,STD,11,847.65625,43.136116597597514,40.75515633316704,70.78341013824885
cpsc,A2079,STD,12,791.9034090909091,10.19986265365417,11.45121035113142,75.76681614349775
cpsc,A2088,STD,14,735.4266826923077,14.585703004017127,11.537635806280782,81.58529111338099
cpsc,A2152,STD,13,763.3463541666666,121.5335024411506,112.69001952080981,78.60127931769723
cpsc,A2175,STD,9,1020.5078125,189.811625781846,191.8995897131806,58.79425837320574
cpsc,A2207,STD,12,822.5319602272727,35.16734555022103,31.265255065590082,72.94549379384782
cpsc,A2234,STD,17,584.1064453125,19.27525924857912,14.03897047711447,102.72100313479623
cpsc,A2245,STD,12,812.7663352272727,183.67896694007632,207.78647811997286,73.8219552157291
cpsc,A2308,STD,11,910.15625,29.405181746448477,24.08634210115355,65.92274678111588
cpsc,A2309,STD,10,979.8177083333334,246.8960716815721,240.45682702798786,61.23588039867109
cpsc,A2314,STD,15,623.2561383928571,10.767279557465615,11.33045607647112,96.26860660324567
cpsc,A2333,STD,14,667.4429086538462,31.35312012426263,42.14520630281267,89.89532920652785
cpsc,A2390,STD,15,636.5094866071429,122.86560557343455,104.57569901502772,94.2641095890411
cpsc,A2467,STD,11,873.53515625,21.40160230934439,39.6347515035349,68.68641699273337
cpsc,A2483,STD,14,681.7157451923077,12.84752957969281,9.349874099182989,88.01322314049587
cpsc,A2625,STD,11,882.8125,194.76648939756706,341.0325966547267,67.96460176991151
cpsc,A2664,STD,12,770.5965909090909,27.605660225282094,21.672208028488424,77.86175115207374
cpsc,A2698,STD,17,564.88037109375,16.018676467113526,19.12001973383908,106.21717990275526
cpsc,A2780,STD,15,644.1824776785714,37.258538978062624,16.968685393744767,93.14131023280996
cpsc,A2809,STD,13,747.0703125,30.67033854780664,30.63498367893931,80.31372549019608
cpsc,A2811,STD,16,616.2109375,14.437657626110775,11.45121035113142,97.36925515055468
cpsc,A2865,STD,12,850.0532670454545,14.228107677182814,18.784554747725924,70.58381201044386
cpsc,A2969,STD,15,647.6702008928571,25.015660505610448,17.760802910962873,92.63974151857836
cpsc,A3003,STD,13,770.263671875,78.9014208781187,99.81848107849125,77.89540412044374
cpsc,A3113,STD,14,702.3737980769231,94.42586260505347,89.08066592194406,85.42459893048128
cpsc,A3133,STD,14,687.3497596153846,13.245815227125503,13.66606089172092,87.29180327868852
cpsc,A3152,STD,15,653.2505580357143,15.697437099031276,10.663363556624391,91.84837159636946
cpsc,A3226,STD,14,670.4477163461538,56.676554730559026,94.48168587541716,89.49243697478992
cpsc,A3232,STD,12,847.3899147727273,111.48143475967643,120.84344405043537,70.80565741225773
cpsc,A3283,STD,15,637.20703125,22.314301075952688,25.044445730423156,94.16091954022988
cpsc,A3305,STD,12,812.3224431818181,27.644889547652703,16.558422810364423,73.86229508196722
cpsc,A3310,STD,13,734.4563802083334,147.4644405799412,174.0028508509853,81.69307479224376
cpsc,A3382,STD,16,629.2317708333334,118.3280542476625,129.84452057049586,95.35437144335229
cpsc,A3524,STD,13,698.2421875,8.063699451609088,10.717947858353725,85.93006993006993
cpsc,A3531,STD,12,792.7911931818181,320.7623015419131,467.0455461791821,75.68197088465845
cpsc,A3607,STD,18,541.7049632352941,15.960018876098466,8.36871899463018,110.76139978791092
cpsc,A3631,STD,14,711.0126201923077,18.11017334779404,26.44543751509102,84.38668779714737
cpsc,A3670,STD,13,760.0911458333334,20.221869032963205,22.616724436890976,78.93790149892934
cpsc,A3696,STD,13,759.27734375,16.459957579668995,13.002324676737224,79.02250803858522
cpsc,A3706,STD,10,935.3298611111111,20.875252829395606,28.1556703971455,64.14849187935035
cpsc,A3758,STD,14,717.7734375,122.84907837313598,129.1178498259507,83.59183673469387
cpsc,A3759,STD,13,752.3600260416666,242.55038135197597,208.27147981681748,79.74905354245539
cpsc,A3761,STD,18,547.1622242647059,38.77421192712823,64.89274345704108,109.65669291338583
cpsc,A3833,STD,11,920.41015625,32.89613107325478,21.4077904263768,65.18832891246684
cpsc,A3880,STD,15,657.4358258928571,126.3392253972315,129.73955327721114,91.26366047745358
cpsc,A3899,STD,12,743.5191761363636,168.5396778283553,192.57728313393574,80.69731343283583
cpsc,A3934,STD,13,752.3600260416666,27.10317493989899,27.345335282779544,79.74905354245539
cpsc,A3962,STD,12,818.9808238636364,95.78507405725469,166.2954328596857,73.26178861788618
cpsc,A4021,STD,9,980.8349609375,27.428010619765445,29.004775231991896,61.172370877411325
cpsc,A4046,STD,10,967.3394097222222,20.04994302531725,29.194972517337398,62.02579921480651
cpsc,A4059,STD,22,435.5003720238095,8.544091424356608,7.642810469969985,137.77255739455418
cpsc,A4145,STD,12,838.0681818181819,197.15044313953146,194.67057596923414,71.59322033898304
cpsc,A4173,STD,12,842.5071022727273,335.7043757877295,411.664822428867,71.21601685985247
cpsc,A4295,STD,14,718.5246394230769,13.19958187410275,13.44621715646021,83.50444328280189
cpsc,A4330,STD,12,781.6938920454545,20.653147760788844,17.87402853293274,76.75638841567292
cpsc,A4389,STD,8,1049.8046875,32.51136776601266,32.754902014157075,57.15348837209302
cpsc,A4436,STD,16,632.8125,16.894410288068205,22.337771291302897,94.81481481481481
cpsc,A4452,STD,16,615.8854166666666,8.225901981069171,8.25345951883317,97.42071881606766
cpsc,A4460,STD,10,870.2256944444445,9.385223465715166,9.134905729428567,68.94763092269326
cpsc,A4463,STD,23,421.6974431818182,9.233239087253017,7.458619295175521,142.2821052631579
cpsc,A4466,STD,19,501.57335069444446,8.671075967961498,8.862160282939747,119.62358031368306
cpsc,A4514,STD,12,819.8686079545455,11.851169457361676,10.472466108167586,73.18245804006497
cpsc,A4535,STD,13,762.5325520833334,62.90489593460278,103.84133136798282,78.68516542155817
cpsc,A4553,STD,20,482.11348684210526,11.718987951409714,8.535228256593031,124.45202558635394
cpsc,A4593,STD,15,644.1824776785714,9.472827730477439,10.134268001225992,93.14131023280996
cpsc,A4697,STD,9,970.458984375,37.97936813013683,60.62220795934039,61.82641509433962
cpsc,A4800,STD,13,786.9466145833334,11.37207180548159,12.834545716265056,76.2440537745605
cpsc,A4847,STD,9,1071.1669921875,25.16120976835543,35.4033971552721,56.013675213675214
cpsc,A4887,STD,16,594.0755208333334,13.136576350284166,14.993153780834735,100.9972602739726
cpsc,A4956,STD,13,723.0631510416666,11.300373264980335,17.294708574909585,82.98030388294879
cpsc,A5048,STD,13,784.912109375,241.8404158854523,304.64353444267533,76.44167962674962
cpsc,A5055,STD,11,852.05078125,15.653795623104935,17.454110180279308,70.41833810888252
cpsc,A5087,STD,14,725.2854567307693,159.84053324952478,237.4196970853238,82.7260486794407
cpsc,A5103,STD,12,791.015625,37.2504514116419,56.12049028591643,75.85185185185185
cpsc,A5158,STD,9,1079.7119140625,45.01257796328266,77.97226280601227,55.5703787450537
cpsc,A5182,STD,13,747.8841145833334,105.50477582494568,174.31398161272102,80.22633297062023
cpsc,A5198,STD,13,759.27734375,10.093054865857663,12.229205711963699,79.02250803858522
cpsc,A5243,STD,13,759.6842447916666,54.271286630986666,48.60567224855207,78.98018211033744
cpsc,A5316,STD,15,672.0842633928571,19.210018238676287,16.53070994941811,89.27451997924236
cpsc,A5355,STD,14,661.8088942307693,21.61854638980297,29.934202730712112,90.66061293984109
cpsc,A5378,STD,10,945.6380208333334,33.47487597852072,30.784961457320534,63.44922547332185
cpsc,A5410,STD,10,948.8932291666666,21.836601342771385,33.785040290766716,63.23156089193825
cpsc,A5451,STD,10,932.6171875,15.049838874435977,19.983771415704222,64.33507853403141
cpsc,A5473,STD,12,772.3721590909091,14.454804493942373,6.905339660024878,77.68275862068965
cpsc,A5517,STD,15,624.3024553571429,24.59049402160965,34.42029836052797,96.1072625698324
cpsc,A5530,STD,19,500.7595486111111,10.21790201398266,10.459065634210205,119.81798483206934
cpsc,A5596,STD,14,702.7493990384615,120.9824826283579,127.55422847631954,85.37894174238374
cpsc,A5686,STD,13,763.7532552083334,25.368278290781497,23.32440457283319,78.55940330314331
cpsc,A5751,STD,11,856.4453125,10.345213920618948,16.914558667664817,70.05701254275941
cpsc,A5812,STD,18,545.7261029411765,8.373954352661563,9.765625,109.94526315789474
cpsc,A5814,STD,13,720.6217447916666,7.63808247046401,5.508555418142248,83.26143421795597
cpsc,A6017,STD,15,652.5530133928571,16.871908709737696,18.017104800497982,91.94655264564405
cpsc,A6110,STD,14,653.5456730769231,178.8608071734964,197.96477954378486,91.80689655172414
cpsc,A6129,STD,8,1077.0089285714287,25.192212110829338,33.94637632586948,55.709844559585484
cpsc,A6143,STD,11,817.3828125,80.76591065677864,84.94784082486908,73.40501792114695
cpsc,A6161,STD,11,873.046875,184.57059955518537,307.8410092924989,68.7248322147651
cpsc,A6163,STD,14,671.1989182692307,18.765018024033647,21.283686247757196,89.3922775601567
cpsc,A6192,STD,12,824.7514204545455,32.4958083644199,41.69018399636047,72.74919268030139
cpsc,A6198,STD,15,650.4603794642857,14.097014423548375,16.419390771029445,92.24235924932977
cpsc,A6206,STD,12,822.5319602272727,196.29105006626017,203.75433045448403,72.94549379384782
cpsc,A6280,STD,14,714.0174278846154,12.312991639767874,11.623418666248128,84.03156233561283
cpsc,A6291,STD,16,614.2578125,39.24517831525414,39.17133972056135,97.67885532591416
cpsc,A6377,STD,14,710.6370192307693,212.57172836831134,254.78894294370477,84.43128964059196
cpsc,A6418,STD,13,764.9739583333334,8.66821645115815,11.685410672130844,78.43404255319149
cpsc,A6509,STD,15,639.2996651785714,70.61504996913472,115.36576043643635,93.85270049099836
cpsc,A6593,STD,13,793.8639322916666,17.226691003415954,14.349458340948697,75.57970271655562
cpsc,A6616,STD,15,663.3649553571429,94.40690061315046,94.35138020102484,90.44794952681387
cpsc,A6664,STD,12,794.5667613636364,13.477077147617234,14.23572239952466,75.51284916201118
cpsc,A6683,STD,10,1025.9331597222222,261.08719015007244,292.8517425849995,58.483342147012166
cpsc,A6703,STD,23,409.26846590909093,68.55236170952386,133.11715539359247,146.60303687635573
cpsc,A6720,STD,12,826.5269886363636,237.51849964863234,266.50496189443726,72.59291084854995
cpsc,A6769,STD,11,888.671875,25.319578753424555,31.434257675501247,67.51648351648352
cpsc,A6795,STD,18,549.7472426470588,177.63691691726285,148.19858799466363,109.141065830721
cpsc,A6796,STD,14,656.5504807692307,282.2165332995871,404.372842381031,91.38672768878719
cpsc,A6826,STD,10,976.0199652777778,18.664298406868024,22.771921516330114,61.47415230683713
cpsc,A6865,STD,13,754.8014322916666,90.8364995935366,87.55707303770114,79.4911051212938
cpsc,A0021,STE,11,901.85546875,24.365185448973925,21.4077904263768,66.52950730914998
cpsc,A0032,STE,18,493.45128676470586,185.59080377456604,360.31632910196714,121.59254947613505
cpsc,A0147,STE,11,900.87890625,12.659789376712277,18.77044693143033,66.60162601626017
cpsc,A0256,STE,15,669.2940848214286,15.257313415940562,13.268871493881981,89.64669098488797
cpsc,A0322,STE,15,661.62109375,78.68055735583964,79.44026932174486,90.68634686346863
cpsc,A1123,STE,10,990.1258680555555,95.4891936450041,101.54606612834678,60.59835616438356
cpsc,A1143,STE,13,736.8977864583334,235.863400405344,311.39873314427894,81.42241855328547
cpsc,A1171,STE,15,654.296875,7.660786528835313,8.237572190302474,91.70149253731343
cpsc,A1360,STE,10,894.6397569444445,5.868410279075503,7.720404443770457,67.06610066707096
cpsc,A1413,STE,12,823.8636363636364,20.72647897517694,22.587956066836675,72.82758620689656
cpsc,A1527,STE,15,654.296875,7.660786528835313,8.237572190302474,91.70149253731343
cpsc,A1600,STE,16,619.4661458333334,240.23002712141766,325.80002210844975,96.85759327377824
cpsc,A2004,STE,15,647.3214285714286,97.19909307677531,94.45822794023013,92.6896551724138
cpsc,A2072,STE,12,809.6590909090909,29.686390249144523,25.465634395322848,74.10526315789474
cpsc,A2254,STE,11,854.98046875,26.28971224380739,18.051003428400744,70.17704169046259
cpsc,A2304,STE,8,1001.6741071428571,9.530274149888019,9.56000986691954,59.89972144846797
cpsc,A2340,STE,12,811.4346590909091,13.779255663132593,18.204445197565672,73.94310722100656
cpsc,A2523,STE,11,857.91015625,55.91240820324371,28.42488476004717,69.93739328400683
cpsc,A2605,STE,16,617.1875,275.42822058473865,421.66213059170906,97.21518987341773
cpsc,A3109,STE,12,798.5617897727273,295.2334637219361,371.84148044343993,75.13507504168983
cpsc,A3251,STE,12,813.2102272727273,213.08723133356472,235.80496393856174,73.78165938864629
cpsc,A3360,STE,11,818.84765625,10.306731900382529,14.557734228514255,73.2737030411449
cpsc,A3499,STE,11,881.34765625,99.99505136749116,112.39900176184601,68.07756232686981
cpsc,A3539,STE,12,841.1754261363636,34.53297531104801,21.00177067149079,71.3287598944591
cpsc,A3562,STE,9,1026.0009765625,12.635477771161272,15.768212270448263,58.47947650208209
cpsc,A3595,STE,13,753.9876302083334,57.301775248078414,90.27502712277104,79.57690232056125
cpsc,A3646,STE,10,966.796875,159.01034656185334,238.97114921952766,62.06060606060606
cpsc,A3654,STE,10,1017.2526041666666,52.589500069672894,81.97819038271882,58.982400000000005
cpsc,A3801,STE,9,1000.3662109375,20.121775195294646,19.3560783000999,59.97803538743136
cpsc,A4047,STE,10,1072.048611111111,8.138020833333334,11.708573054962693,55.96761133603239
cpsc,A4233,STE,14,689.9789663461538,152.7051582637529,139.7371877075604,86.959172563963
cpsc,A4472,STE,15,670.3404017857143,181.40287727813768,241.55405660520876,89.50676378772111
cpsc,A4671,STE,10,1011.8272569444445,48.631058490653196,71.11577960756595,59.29865951742627
cpsc,A4688,STE,11,874.0234375,30.187560206691746,37.71689526776194,68.64804469273743
cpsc,A4734,STE,12,855.3799715909091,20.110808233916853,28.763039990279573,70.14426569797612
cpsc,A4782,STE,11,812.5,18.153442048956624,20.716018980074633,73.84615384615384
cpsc,A5092,STE,14,660.6820913461538,15.361421169330216,10.918300671385692,90.8152359295054
cpsc,A5279,STE,11,886.71875,24.27259359675423,38.4473040723233,67.66519823788546
cpsc,A5314,STE,11,814.94140625,42.345869035551566,59.31271861422069,73.6249251048532
cpsc,A5439,STE,13,706.787109375,5.557521318159142,5.508555418142248,84.89119170984456
cpsc,A5544,STE,11,879.8828125,21.071031683180024,28.00236089532105,68.19089900110988
cpsc,A5683,STE,12,810.9907670454545,20.996609897197004,27.361183058831834,73.98357963875206
cpsc,A6099,STE,12,788.7961647727273,207.54381333537947,237.88870073113367,76.06527855936973
cpsc,A6140,STE,11,855.46875,293.1477317861545,297.7670573998201,70.13698630136986
cpsc,A6468,STE,21,437.01171875,94.08962903757816,182.0754678883425,137.29608938547486
chapman,JS00023,AFIB,16,613.28125,230.91108901539016,227.83510186089046,97.8343949044586
chapman,JS00029,AFIB,14,745.4427083333334,112.57134946121687,125.57124609211324,80.48908296943232
chapman,JS00040,AFIB,16,596.6796875,180.5999524281057,228.97215015026083,100.55646481178395
chapman,JS00050,AFIB,12,804.3323863636364,335.1053330598628,464.3783162590306,74.59602649006622
chapman,JS00109,AFIB,10,965.1692708333334,243.46831257707026,307.65593753951885,62.16526138279932
chapman,JS00119,AFIB,16,595.3776041666666,272.58583353568696,464.4927202640075,100.77638053581192
chapman,JS00122,AFIB,19,488.28125,103.94502883731771,144.81373458801286,122.88
chapman,JS00124,AFIB,16,574.8697916666666,39.60227417537308,53.52035994759565,104.37146092865233
chapman,JS00131,AFIB,26,377.34375,10.40776190022667,10.453477033418887,159.0062111801242
chapman,JS00145,AFIB,11,787.109375,131.11662369973027,208.72080057460056,76.22828784119106
chapman,JS00178,AFIB,17,550.23193359375,76.22441493137518,116.12473825152148,109.04492512479202
chapman,JS00195,AFIB,12,785.2450284090909,109.5931614585757,142.4744111225136,76.40927077444884
chapman,JS00210,AFIB,18,564.3956801470588,86.42127804039464,153.14838464416206,106.3083969465649
chapman,JS00215,AFIB,16,627.2786458333334,144.03252490639233,165.00727781949024,95.65127140633108
chapman,JS00231,AFIB,18,531.3648897058823,159.26536916505887,213.98546266644954,112.91675675675677
chapman,JS00249,AFIB,16,609.7005208333334,177.03494311046126,273.21631380071085,98.4089695675387
chapman,JS00250,AFIB,19,514.8654513888889,152.86742292901982,180.03028116267666,116.53530031612223
chapman,JS00259,AFIB,16,594.4010416666666,223.6174802071488,355.20333482485233,100.94194961664842
chapman,JS00296,AFIB,15,617.67578125,91.38418479310154,138.3588736322519,97.13833992094861
chapman,JS00322,AFIB,21,458.0078125,85.99413598004435,103.68301812846097,131.00213219616205
chapman,JS00334,AFIB,27,363.76953125,54.88333379423248,76.9256077863593,164.93959731543623
chapman,JS00344,AFIB,6,1414.794921875,121.73619639472322,134.43261619078325,42.40897325280414
chapman,JS00378,AFIB,24,399.9660326086956,47.498613261515324,65.5676785430658,150.01273885350318
chapman,JS00379,AFIB,14,691.4813701923077,136.1586728014837,166.55926422735936,86.77023356871265
chapman,JS00405,AFIB,11,770.99609375,389.5754808256704,421.61545795603644,77.8214059531349
chapman,JS00421,AFIB,14,726.7878605769231,161.18022988695066,233.25759703055564,82.55503875968992
chapman,JS00602,AFIB,21,444.3359375,80.7783390496593,104.58077551647563,135.03296703296704
chapman,JS00605,AFIB,13,721.435546875,93.1842960104347,159.1363817102875,83.16751269035532
chapman,JS00611,AFIB,21,476.806640625,96.01408921552755,153.74841365232518,125.83717357910906
chapman,JS00618,AFIB,8,1057.4776785714287,157.48760010224743,232.35724055331013,56.738786279683374
chapman,JS00627,AFIB,23,424.1388494318182,73.40933702523809,101.64384763018226,141.46310832025117
chapman,JS00639,AFIB,17,546.56982421875,103.61797143577816,149.1883678030156,109.77554438860972
chapman,JS00646,AFIB,24,415.0390625,28.585407008295345,30.84650506585882,144.56470588235294
chapman,JS00679,AFIB,15,660.2260044642857,71.38260735354112,106.75396049353245,90.87797147385103
chapman,JS00716,AFIB,14,702.3737980769231,293.11686627102006,310.58359628769784,85.42459893048128
chapman,JS00744,AFIB,18,555.4917279411765,116.26233686292645,145.88806850860905,108.0124095139607
chapman,JS00773,AFIB,19,499.6744791666667,131.9050659584158,194.85239924314206,120.07817589576547
chapman,JS00781,AFIB,18,565.49072265625,118.61943546022543,142.94219890922312,106.102536427415
chapman,JS00785,AFIB,12,746.6264204545455,98.05714941299892,153.92867956009133,80.36147443519619
chapman,JS00814,AFIB,17,567.32177734375,106.59331785017689,159.07280889154447,105.76008606777837
chapman,JS00822,AFIB,25,383.5042317708333,54.372301671786886,75.62364769623323,156.45198938992044
chapman,JS00823,AFIB,10,927.1918402777778,123.6818537405087,173.35703589918683,64.71152720889408
chapman,JS00922,AFIB,16,552.0833333333334,136.0628131951549,179.93677512390897,108.67924528301886
chapman,JS00959,AFIB,15,612.0954241071429,183.1153056538082,242.0205423472228,98.02393162393162
chapman,JS00968,AFIB,12,770.1526988636364,269.60988462000057,422.81040052976766,77.90662824207493
chapman,JS00971,AFIB,16,608.3984375,161.067272249862,245.07702675941653,98.61958266452649
chapman,JS00987,AFIB,21,468.505859375,6.4301478174858735,5.820698834758494,128.06670140698282
chapman,JS01007,AFIB,16,621.7447916666666,110.18703330748714,140.92041956121702,96.50261780104712
chapman,JS01088,AFIB,19,483.1271701388889,134.73973301480393,221.078738724058,124.19090398652442
chapman,JS01130,AFIB,12,821.2002840909091,113.48349953369929,153.7194372054356,73.06378378378378
chapman,JS01170,AFIB,18,535.3860294117648,129.96838470015297,202.41598953295048,112.06866952789699
chapman,JS01207,AFIB,18,555.2045036764706,179.520277960287,254.0763871830415,108.06828763579927
chapman,JS01221,AFIB,11,847.16796875,160.03992668648718,185.61111141355676,70.8242074927954
chapman,JS01230,AFIB,16,642.9036458333334,196.3704836610122,262.12693777484907,93.32658227848101
chapman,JS01239,AFIB,13,771.484375,92.0816575084465,136.5283780116273,77.77215189873418
chapman,JS01245,AFIB,14,721.5294471153846,96.76008579167011,116.57555064759103,83.15668922436231
chapman,JS01248,AFIB,12,874.0234375,151.90177775605267,182.71116398786577,68.64804469273743
chapman,JS01253,AFIB,11,894.53125,234.80185738499878,279.905330760414,67.07423580786026
chapman,JS01272,AFIB,16,594.7265625,162.56591801327167,244.3114636648804,100.88669950738917
chapman,JS01312,AFIB,24,405.6980298913044,67.94455235611217,105.80053066416235,147.89324960753532
chapman,JS01317,AFIB,14,727.9146634615385,110.07938703687631,121.81777262608175,82.42724458204334
chapman,JS01335,AFIB,23,406.16122159090907,93.87001183643142,157.37582108565388,147.72459016393444
chapman,JS01357,AFIB,17,577.69775390625,117.08870007760024,137.64566739496078,103.86053882725832
chapman,JS01371,AFIB,17,549.62158203125,147.6081971789513,252.18832388502605,109.16601887840089
chapman,JS01373,AFIB,15,622.9073660714286,65.10863795314333,90.44109271925902,96.32250839865621
chapman,JS01396,AFIB,15,637.9045758928571,126.99078269809013,176.08876513478427,94.0579551667578
chapman,JS01424,AFIB,24,403.36277173913044,86.16895960056843,128.9813870960402,148.74947368421053
chapman,JS01445,AFIB,15,689.1741071428571,86.32964487157179,92.88210045717388,87.06072874493927
chapman,JS01471,AFIB,22,443.4058779761905,103.62173778450473,158.91660703442233,135.3162034609334
chapman,JS01521,AFIB,12,792.3473011363636,79.84827044777751,137.07577546377092,75.72436974789916
chapman,JS01572,AFIB,17,569.76318359375,154.62121795741055,171.0889934650848,105.30690948044992
chapman,JS01588,AFIB,11,810.546875,6.089937152952379,6.905339660024878,74.02409638554217
chapman,JS01592,AFIB,14,629.8828125,180.30078552379643,246.21917919010656,95.25581395348837
chapman,JS01598,AFIB,21,459.9609375,107.05445163069784,149.76704896254594,130.44585987261146
chapman,JS01606,AFIB,23,420.36576704545456,69.31446897414601,106.88150409994375,142.73284054910243
chapman,JS01622,AFIB,17,599.67041015625,176.24377399747755,227.39441821545856,100.05496183206107
chapman,JS01626,AFIB,19,521.9184027777778,7.083571274928735,7.489892469212601,114.96049896049895
chapman,JS01748,AFIB,14,729.0414663461538,150.3053182495485,171.27005726472518,82.2998454404946
chapman,JS01750,AFIB,11,861.81640625,305.272337155682,467.9298289874544,69.62039660056658
chapman,JS01753,AFIB,18,546.3005514705883,94.8523616642607,128.31326121287026,109.82965299684541
chapman,JS01757,AFIB,16,618.4895833333334,183.84723884418693,245.82288718331688,97.01052631578946
chapman,JS01758,AFIB,15,634.765625,64.40872049937948,86.3857715476276,94.52307692307693
chapman,JS01818,AFIB,18,555.2045036764706,205.8162282492688,245.0209957001498,108.06828763579927
chapman,JS01819,AFIB,15,667.8989955357143,101.63504040636833,146.96560576383698,89.83394255874673
chapman,JS01840,AFIB,18,549.1727941176471,104.92534729783911,131.50774761047194,109.25523012552301
chapman,JS01865,AFIB,19,531.9552951388889,88.53408094600088,145.60088965668766,112.79143294237633
chapman,JS01900,AFIB,11,888.671875,136.36953167743107,166.68446763661598,67.51648351648352
chapman,JS01964,AFIB,14,647.5360576923077,119.47997847392071,139.30285538126876,92.65893271461717
chapman,JS01977,AFIB,18,544.2899816176471,87.24599562945502,98.84680771176127,110.2353562005277
chapman,JS01985,AFIB,21,434.326171875,76.83706252583745,103.84627476781114,138.1450252951096
chapman,JS02013,AFIB,15,646.97265625,114.21944339529281,176.31774932142747,92.73962264150943
chapman,JS02017,AFIB,23,418.1463068181818,56.09004483042939,81.66338381086622,143.4904458598726
chapman,JS02020,AFIB,14,741.0606971153846,275.8764133120006,303.6223483723022,80.96502787633045
chapman,JS02023,AFIB,11,836.9140625,135.04603601763185,186.20958269470785,71.69194865810968
chapman,JS02057,AFIB,24,394.6586277173913,56.68828840134847,80.10437528795993,152.0301237224314
chapman,JS02059,AFIB,11,845.21484375,130.4816873497679,206.22457739336514,70.98786828422877
chapman,JS02067,AFIB,17,591.12548828125,145.17063612972663,238.76237500991985,101.50129065565307
chapman,JS02104,AFIB,23,426.35830965909093,78.4351747535645,120.01619956254166,140.72670484122852
chapman,JS02248,AFIB,20,500.6167763157895,66.36092532429309,93.92277373862962,119.85215605749487
chapman,JS02267,AFIB,13,735.2701822916666,186.6237897572177,284.2496948386952,81.6026563364693
chapman,JS02299,AFIB,10,913.6284722222222,165.73614393916418,228.03309431319565,65.67220902612827
chapman,JS02307,AFIB,19,512.9665798611111,7.939325272469932,9.17320738894262,116.96668429402433
chapman,JS02310,AFIB,24,412.70380434782606,7.040486323466422,6.665774777024684,145.38271604938274
chapman,JS02315,AFIB,20,482.3704769736842,10.620531547285172,13.020833333333334,124.38572189664357
chapman,JS02317,AFIB,19,536.2955729166666,85.48408886724413,137.49104842968464,111.87860394537178
chapman,JS02353,AFIB,12,725.3196022727273,238.75269180661425,264.0965185881311,82.72215422276622
chapman,JS02381,AFIB,15,612.79296875,143.34258455141534,173.67148368519705,97.91235059760956
chapman,JS02386,AFIB,14,696.3641826923077,183.35528164532192,289.0051707560868,86.16181229773463
chapman,JS02420,AFIB,15,666.8526785714286,143.38050593117754,185.4084440588003,89.97489539748955
chapman,JS02435,AFIB,18,529.6415441176471,194.65616686679445,309.03323784241985,113.28416485900216
chapman,JS02539,AFIB,15,683.59375,155.02449088269086,247.99393031641532,87.77142857142857
chapman,JS02549,AFIB,25,388.7939453125,45.709976482239625,64.49717748912234,154.32339089481945
chapman,JS02607,AFIB,13,759.6842447916666,282.88501504054557,456.90422990267484,78.98018211033744
chapman,JS02620,AFIB,22,425.9672619047619,66.57307503927257,93.03007267215649,140.85589519650654
chapman,JS02646,AFIB,17,582.275390625,155.38804405169736,234.8221645727025,103.04402515723271
chapman,JS02682,AFIB,13,736.8977864583334,168.1232454277773,263.4292668060101,81.42241855328547
chapman,JS02684,AFIB,14,672.3257211538462,124.1903247000791,144.07055262017818,89.24245810055865
chapman,JS02692,AFIB,18,528.7798713235294,102.14250749231255,99.79201383802408,113.4687669744704
chapman,JS02728,AFIB,13,754.8014322916666,266.52088822591855,349.9837549576292,79.4911051212938
chapman,JS02735,AFIB,14,657.6772836538462,123.54873949057529,199.0457419343658,91.23015419760137
chapman,JS02784,AFIB,23,423.25106534090907,59.31373367807417,73.2421875,141.75983219716832
chapman,JS02819,AFIB,14,643.7800480769231,173.58434095782508,276.6376515382831,93.19953325554259
chapman,JS02834,AFIB,15,655.3431919642857,150.5980206903964,233.0448847974697,91.55508249068654
chapman,JS02846,AFIB,13,717.7734375,200.17907188836716,218.93599888450288,83.59183673469387
chapman,JS02879,AFIB,10,940.2126736111111,243.94659173183962,347.7997215919192,63.815349105597235
chapman,JS02880,AFIB,18,521.3120404411765,162.28952542913885,209.6128905773192,115.09421487603306
chapman,JS02886,AFIB,13,721.0286458333334,199.64058109601345,239.61537665791118,83.21444695259594
chapman,JS02897,AFIB,11,936.5234375,255.2880402740098,270.2803223261337,64.06673618352451
chapman,JS02925,AFIB,21,456.298828125,88.23936829938748,126.44306220864804,131.4927768860353
chapman,JS02937,AFIB,11,805.17578125,245.16333103050212,255.30568037363335,74.51788963007884
chapman,JS02941,AFIB,10,855.5772569444445,369.6516246412578,474.8864640521239,70.12809131261889
chapman,JS02945,AFIB,13,738.9322916666666,250.99861219981088,384.0584657622117,81.19823788546256
chapman,JS03004,AFIB,13,710.44921875,296.1877781091482,464.14278595200346,84.45360824742268
chapman,JS03014,AFIB,15,669.6428571428571,165.23893390318696,249.29578338892395,89.60000000000001
chapman,JS03052,AFIB,18,544.5772058823529,107.15962593970038,137.1920431510114,110.17721518987342
chapman,JS03083,AFIB,13,725.5045572916666,104.38174382910894,170.77156410649135,82.70106561974201
chapman,JS03092,AFIB,12,692.4715909090909,308.737559989311,502.6001081813418,86.64615384615385
chapman,JS03127,AFIB,12,821.6441761363636,146.64852308593692,205.6643870931674,73.02431118314425
chapman,JS03173,AFIB,15,651.5066964285714,156.6803424090801,252.82046410063188,92.09421841541756
chapman,JS03205,AFIB,14,698.9933894230769,140.93839062673868,192.1124567666602,85.83772165502418
chapman,JS03221,AFIB,14,667.4429086538462,173.4760117417599,253.6008905990799,89.89532920652785
chapman,JS03259,AFIB,19,506.9986979166667,94.65532185996578,160.18129259691392,118.34349919743178
chapman,JS03269,AFIB,20,495.99095394736844,12.8483643498168,16.478236272230294,120.9699481865285
chapman,JS03284,AFIB,28,345.23292824074076,4.453566229952624,5.824843156276601,173.79570455735987
chapman,JS03310,AFIB,14,695.6129807692307,198.67722841086666,286.4398372343095,86.25485961123111
chapman,JS03316,AFIB,17,570.37353515625,125.89981146210765,205.10524994225207,105.19422150882825
chapman,JS03325,AFIB,14,727.1634615384615,185.14447973921514,313.89877074974066,82.51239669421487
chapman,JS03334,AFIB,14,688.8521634615385,109.79022343840091,174.64162370857466,87.10141766630316
chapman,JS03382,AFIB,13,722.2493489583334,168.98480059267732,240.54976438971877,83.0738028169014
chapman,JS03393,AFIB,14,715.1442307692307,162.8940131796712,215.69286513161464,83.89915966386555
chapman,JS03399,AFIB,14,720.0270432692307,120.22722177318965,155.5618390827538,83.33020344287951
chapman,JS03434,AFIB,15,637.20703125,187.4032382222761,188.55205679647992,94.16091954022988
chapman,JS03437,AFIB,18,539.1199448529412,93.35081346159154,127.3398743958271,111.29248801278635
chapman,JS03460,AFIB,21,470.703125,31.261241296388665,40.821812606218714,127.4688796680498
chapman,JS03466,AFIB,22,456.4267113095238,32.26423607371028,59.42204268193866,131.45593479368316
chapman,JS03480,AFIB,22,453.40401785714283,134.8335931896589,204.67373168298866,132.3323076923077
chapman,JS03532,AFIB,10,993.9236111111111,272.8713699295857,354.5506957140245,60.366812227074234
chapman,JS03548,AFIB,13,698.2421875,144.7727893792737,185.733682875153,85.93006993006993
chapman,JS03604,AFIB,16,636.71875,208.3471384469951,309.5652514091695,94.23312883435582
chapman,JS03605,AFIB,15,619.4196428571429,187.98078998694106,212.54368673883508,96.86486486486486
chapman,JS03630,AFIB,21,460.205078125,86.4928340189229,115.46695592369596,130.3766578249337
chapman,JS03633,AFIB,16,608.7239583333334,133.15552936016664,199.89309859915411,98.56684491978609
chapman,JS03663,AFIB,17,578.0029296875,198.31573675403385,280.399874391768,103.80570221752905
chapman,JS03691,AFIB,9,855.712890625,137.73018531618533,228.10029793791117,70.1169757489301
chapman,JS03696,AFIB,22,452.24144345238096,8.2396922706851,10.300304252797357,132.67249357326477
chapman,JS03719,AFIB,14,650.9164663461538,194.3885271018782,259.19564415289716,92.17772648586268
chapman,JS03763,AFIB,15,609.6540178571429,78.21549424943213,111.76448253292216,98.41647597254004
chapman,JS03765,AFIB,16,620.7682291666666,141.09393050146986,260.4126702864859,96.65443104352387
chapman,JS03772,AFIB,20,487.5102796052632,186.71580432744142,260.04510439378237,123.074327886136
chapman,JS03792,AFIB,9,945.4345703125,123.33158394838286,113.90073170452617,63.462879276952876
chapman,JS03799,AFIB,13,733.2356770833334,238.68943872366435,342.45573672874923,81.82907880133185
chapman,JS03836,AFIB,16,620.7682291666666,128.8553332770757,200.47158773070515,96.65443104352387
chapman,JS03845,AFIB,14,683.59375,169.2747457981337,242.2862518134071,87.77142857142857
chapman,JS03858,AFIB,14,674.9549278846154,213.4069670396763,307.74633532360815,88.89482470784641
chapman,JS03878,AFIB,8,1093.75,284.21156661826654,506.29217027133643,54.857142857142854
chapman,JS03932,AFIB,16,591.796875,128.5686613723635,181.94620003795615,101.38613861386139
chapman,JS03955,AFIB,16,625.3255208333334,152.1019513005947,201.51797929812366,95.95002602811036
chapman,JS03991,AFIB,19,511.8815104166667,142.4975417233156,201.93908552327667,117.21462639109697
chapman,JS03994,AFIB,12,806.9957386363636,322.2441022427256,534.8050712487667,74.34983498349835
chapman,JS04027,AFIB,13,689.2903645833334,367.56575462279966,409.0185197688953,87.04604486422667
chapman,JS04039,AFIB,13,710.8561197916666,177.79751271348908,272.6675314928053,84.40526617057814
chapman,JS04049,AFIB,15,652.9017857142857,43.22699230693335,68.73394972174204,91.8974358974359
chapman,JS04059,AFIB,16,631.5104166666666,207.88780893824253,322.9017708385407,95.01030927835052
chapman,JS04077,AFIB,17,545.34912109375,218.72034325972947,353.0423137890426,110.02126468942362
chapman,JS04083,AFIB,18,531.3648897058823,95.71799795802534,156.90665544990466,112.91675675675677
chapman,JS04098,AFIB,15,636.5094866071429,153.27086805861646,225.36746283550528,94.2641095890411
chapman,JS04139,AFIB,14,626.5024038461538,216.14728519964385,282.9048076348333,95.76978417266187
chapman,JS04145,AFIB,15,678.0133928571429,173.93377964628124,197.28384638331408,88.49382716049382
chapman,JS04171,AFIB,15,641.7410714285714,142.4308221513822,192.79857486766755,93.49565217391304
chapman,JS04193,AFIB,24,412.49150815217394,115.78144825754603,136.67514650662505,145.45753988677302
chapman,JS04215,AFIB,24,413.12839673913044,108.0028028497215,142.01042436930427,145.23329907502568
chapman,JS04234,AFIB,19,524.0885416666666,145.15713052984373,223.77424767492386,114.48447204968944
chapman,JS04243,AFIB,17,574.64599609375,69.00086726689439,91.14873972300686,104.4121083377589
chapman,JS04299,AFIB,16,614.2578125,196.71303104808254,247.93713848803782,97.67885532591416
chapman,JS04311,AFIB,13,721.0286458333334,71.46983585482265,113.87626294139092,83.21444695259594
chapman,JS04321,AFIB,20,505.6423611111111,206.29332811301865,230.7051020048729,118.6609442060086
chapman,JS04383,AFIB,20,468.75,155.81706786648604,172.95161127787844,128.0
chapman,JS04386,AFIB,16,593.0989583333334,109.43020835068569,128.2809063249866,101.1635565312843
chapman,JS04389,AFIB,13,734.4563802083334,129.32890792337585,180.59206566033168,81.69307479224376
chapman,JS04393,AFIB,17,599.67041015625,148.38415157608534,226.20301940863507,100.05496183206107
chapman,JS04412,AFIB,15,681.8498883928571,244.70792819731096,274.38157978259653,87.99590792838875
chapman,JS04423,AFIB,17,567.626953125,96.28760986057739,147.86674122603532,105.70322580645161
chapman,JS04440,AFIB,16,613.9322916666666,116.66998047566383,193.45517558220666,97.73064687168612
chapman,JS04469,AFIB,25,378.41796875,72.10823967792952,101.4822448247459,158.55483870967743
chapman,JS04478,AFIB,21,475.830078125,121.63754495821134,163.92767775455064,126.09543355566957
chapman,JS04481,AFIB,20,505.4995888157895,151.55405780096444,145.79100221517203,118.6944585663447
chapman,JS04501,AFIB,12,818.0930397727273,92.13813200471444,116.93291030105514,73.3412913727618
chapman,JS04508,AFIB,14,669.3209134615385,200.70538838875004,302.34034336743593,89.64309764309765
chapman,JS04549,AFIB,18,542.8538602941177,99.21899170910157,107.3941281636854,110.52698412698412
chapman,JS04556,AFIB,14,634.3900240384615,146.01516566348417,230.67090495116892,94.57904085257549
chapman,JS04640,AFIB,18,560.3745404411765,71.50297937497784,89.37847904289784,107.07124551512045
chapman,JS04675,AFIB,16,582.03125,122.86571219331555,128.80422013958741,103.08724832214764
chapman,JS04684,AFIB,25,381.8766276041667,5.572690890710702,6.023378464296496,157.11880660628663
chapman,JS04693,AFIB,15,610.3515625,97.48708304592093,129.93730556899604,98.304
chapman,JS04740,AFIB,12,831.8536931818181,295.8538984443885,455.5274153497832,72.12806830309499
chapman,JS04797,AFIB,25,397.5423177083333,34.67399823498634,55.392629950069406,150.92732855680657
chapman,JS04806,AFIB,18,542.5666360294117,78.78751892146009,117.68869669463332,110.58549497088407
chapman,JS04823,AFIB,13,764.5670572916666,229.88812192057236,220.4159796748272,78.47578499201704
chapman,JS04852,AFIB,19,508.6263020833333,55.45176678244934,81.18849968464252,117.96480000000001
chapman,JS04899,AFIB,10,881.6189236111111,352.76513381553366,281.92164439032456,68.05661538461538
chapman,JS04901,AFIB,11,796.38671875,281.81015558208355,436.5864252421611,75.340282035561
chapman,JS04918,AFIB,12,804.7762784090909,155.37502483723998,233.00277819634854,74.55488141202427
chapman,JS04954,AFIB,12,798.1178977272727,157.71353817975663,208.29073152474004,75.17686318131257
chapman,JS04970,AFIB,16,586.5885416666666,104.5271675289616,151.41780727614795,102.28634850166482
chapman,JS05020,AFIB,26,376.3671875,6.599327777575941,7.047732778193674,159.41878567721847
chapman,JS05072,AFIB,15,632.6729910714286,142.84227105167236,233.6068893831636,94.83572216097023
chapman,JS05084,AFIB,20,475.68873355263156,143.86875379232586,202.95512603228318,126.13290113452189
chapman,JS05102,AFIB,16,572.5911458333334,160.49176913339096,256.24964910077784,104.78681068789083
chapman,JS05106,AFIB,13,757.2428385416666,171.48031942354132,234.8138572990926,79.2348199892531
chapman,JS05108,AFIB,15,646.6238839285714,165.44809719439237,192.36527094471214,92.78964401294498
chapman,JS05110,AFIB,23,422.58522727272725,68.2717482981247,88.44433304438193,141.98319327731093
chapman,JS05124,AFIB,24,402.51358695652175,21.927040271988282,40.33193451796126,149.0632911392405
chapman,JS05156,AFIB,20,480.57154605263156,6.574350279039848,8.218998159474348,124.85133689839573
chapman,JS05165,AFIB,12,796.3423295454545,238.41383495812633,358.9315581044948,75.34448160535118
chapman,JS05197,AFIB,23,432.12890625,46.80398072083719,50.966922465849166,138.84745762711864
chapman,JS05205,AFIB,14,663.6868990384615,118.03993516844763,133.1032954090116,90.40407470288625
chapman,JS05226,AFIB,13,744.2220052083334,125.0342986705737,150.91546186220882,80.62110442864953
chapman,JS05245,AFIB,22,431.3151041666667,88.9199348380599,142.21479552137163,139.10943396226415
chapman,JS05251,AFIB,16,581.7057291666666,95.4669971794218,160.70950213382568,103.14493564633464
chapman,JS05280,AFIB,20,485.19736842105266,113.92311307795997,188.60905744320658,123.66101694915254
chapman,JS05297,AFIB,22,443.1733630952381,82.44444568842776,124.87500617072135,135.3871983210913
chapman,JS05331,AFIB,10,935.3298611111111,466.46905416208676,632.1356650582977,64.14849187935035
chapman,JS05360,AFIB,18,539.9816176470588,98.67418118149656,136.8766962233698,111.11489361702128
chapman,JS05362,AFIB,14,713.2662259615385,313.43613306041925,433.361644309116,84.12006319115324
chapman,JS05383,AFIB,15,636.8582589285714,145.3369812354865,248.98661115332345,94.21248630887185
chapman,JS05389,AFIB,16,618.4895833333334,97.07322240117236,127.44848840303798,97.01052631578946
chapman,JS05396,AFIB,15,623.6049107142857,49.70031467574041,61.555027565949736,96.21476510067114
chapman,JS05400,AFIB,13,754.39453125,183.8865325179801,270.9730983666029,79.53398058252426
chapman,JS05419,AFIB,22,421.5494791666667,139.90202245516065,188.6655818292456,142.33204633204633
chapman,JS05475,AFIB,17,599.365234375,247.8718778612706,372.20997829764843,100.10590631364562
chapman,JS05490,AFIB,20,497.78988486842104,94.60390497704361,165.8839283092408,120.53278265358803
chapman,JS05491,AFIB,15,673.4793526785714,65.82997169389574,105.49239629865716,89.08959088555153
chapman,JS05499,AFIB,16,612.3046875,168.03240916289812,199.18044974971815,97.99043062200957
chapman,JS05536,AFIB,19,509.16883680555554,204.72087309216013,298.540574657925,117.83910495471497
chapman,JS05540,AFIB,13,758.4635416666666,93.04948588842593,147.94196687053824,79.10729613733906
chapman,JS05564,AFIB,15,650.8091517857143,231.17961305180373,365.38870033111994,92.19292604501607
chapman,JS05599,AFIB,22,446.6610863095238,59.31399469168589,80.32931496896876,134.3300364393545
chapman,JS05691,AFIB,12,822.5319602272727,163.31330690303022,232.12112073476231,72.94549379384782
chapman,JS05694,AFIB,20,506.52754934210526,123.20267011956571,166.28667109884228,118.45357686453578
chapman,JS05700,AFIB,15,618.0245535714286,80.4545425901368,114.29568734512958,97.08352144469526
chapman,JS05703,AFIB,20,472.34786184210526,88.29421984712332,133.319559975352,127.02502720348204
chapman,JS05718,AFIB,17,509.033203125,190.6799237281898,354.8654879909531,117.87050359712231
chapman,JS05826,AFIB,18,536.2477022058823,78.20574010307737,122.97637372941189,111.88859132297804
chapman,JS05839,AFIB,19,537.6519097222222,103.0219515367294,175.0937587351443,111.59636730575177
chapman,JS05844,AFIB,14,706.5054086538462,158.60229638766222,243.9696667061401,84.92503987240829
chapman,JS05897,AFIB,18,543.1410845588235,150.918893908899,121.06519793181091,110.46853516657853
chapman,JS05928,AFIB,21,455.56640625,82.19659724032097,129.6331181557383,131.70418006430867
chapman,JS05935,AFIB,12,808.7713068181819,140.677086017612,229.7828943325243,74.18660812294182
chapman,JS05956,AFIB,13,779.2154947916666,205.98986415612262,267.36970617697364,77.0005221932115
chapman,JS05960,AFIB,19,510.79644097222223,122.60497442632652,157.70626235816698,117.46362187997876
chapman,JS05983,AFIB,11,906.73828125,332.74893394915324,462.6319903113842,66.17124394184168
chapman,JS06018,AFIB,14,655.0480769230769,88.02268168552227,103.56091162492385,91.59633027522936
chapman,JS06023,AFIB,25,382.8938802083333,68.09983037936293,79.80529975863269,156.70138150903296
chapman,JS06076,AFIB,14,642.6532451923077,74.41387190609214,117.73722246283604,93.36294564582116
chapman,JS06085,AFIB,12,785.6889204545455,158.58927821659637,202.9218391317969,76.36610169491524
chapman,JS06086,AFIB,25,402.83203125,29.82289322484677,32.9442382848811,148.94545454545454
chapman,JS06092,AFIB,11,833.49609375,224.12588076995527,333.0509261049131,71.9859402460457
chapman,JS06099,AFIB,14,684.3449519230769,127.23211147861255,162.5262801609654,87.67508232711306
chapman,JS06160,AFIB,11,840.33203125,125.5356649286606,152.02206287546377,71.40034863451481
chapman,JS06167,AFIB,16,640.9505208333334,280.08590457395564,471.59692804909196,93.61097003555103
chapman,JS06194,AFIB,11,849.12109375,351.76174969552227,481.82856583279164,70.6612995974698
chapman,JS06215,AFIB,14,711.7638221153846,154.82127055210174,237.81686358598637,84.2976253298153
chapman,JS06217,AFIB,18,512.6953125,70.31504308552084,98.4313720733372,117.02857142857142
chapman,JS06242,AFIB,17,560.60791015625,238.49740152123073,413.0986349260118,107.02667392487751
chapman,JS06250,AFIB,21,448.73046875,74.42169761562808,115.17316024332591,133.71055495103374
chapman,JS06253,AFIB,16,595.0520833333334,122.44455281946996,189.65455079478625,100.83150984682713
chapman,JS06295,AFIB,16,597.0052083333334,268.17690216222877,432.6163214730529,100.50163576881134
chapman,JS06297,AFIB,15,651.5066964285714,146.2427179066564,222.7111007526905,92.09421841541756
chapman,JS06306,AFIB,16,636.0677083333334,117.55700364495637,189.14203074459536,94.32958034800409
chapman,JS06336,AFIB,15,621.5122767857143,122.78828179484489,158.74773639657087,96.53872053872053
chapman,JS06342,AFIB,14,714.3930288461538,121.86481099672427,172.11481183607975,83.98738170347004
chapman,JS06347,AFIB,15,613.8392857142857,139.56552552173864,187.37632389474956,97.74545454545455
chapman,JS06373,AFIB,16,625.3255208333334,195.39502534802944,267.21332014182326,95.95002602811036
chapman,JS06377,AFIB,13,774.7395833333334,249.62182774842574,243.0729495123297,77.4453781512605
chapman,JS06380,AFIB,8,1117.466517857143,227.23759136007808,283.5957228466732,53.69288389513108
chapman,JS06381,AFIB,20,471.83388157894734,38.69491648746308,57.42929285279085,127.16339869281046
chapman,JS06389,AFIB,22,442.9408482142857,47.84515604891622,58.267319883501166,135.45826771653543
chapman,JS06403,AFIB,14,672.3257211538462,235.30888142519797,330.7482295912813,89.24245810055865
chapman,JS06435,AFIB,16,617.8385416666666,105.40328104715692,123.01531536173175,97.1127502634352
chapman,JS06460,AFIB,14,679.4621394230769,115.92346287817695,146.13130192238057,88.30514096185738
chapman,JS06506,AFIB,12,747.9580965909091,190.21444894592483,311.4491915344631,80.21839762611276
chapman,JS06507,AFIB,17,576.7822265625,180.9311001556671,276.90612939452336,104.02539682539683
chapman,JS06546,AFIB,23,415.7049005681818,70.53844265393364,77.27019099655064,144.33315536572343
chapman,JS06550,AFIB,23,423.25106534090907,87.40340062943255,120.71889585289132,141.75983219716832
chapman,JS06619,AFIB,18,538.8327205882352,144.85730870548963,209.27494562139455,111.35181236673775
chapman,JS06646,AFIB,16,628.90625,173.58969904541092,242.7836170611789,95.40372670807453
chapman,JS06691,AFIB,9,936.279296875,164.52666555084915,307.20724527182426,64.08344198174707
chapman,JS06726,AFIB,12,793.6789772727273,13.167966063735197,14.970419645269425,75.59731543624162
chapman,JS06749,AFIB,13,751.1393229166666,207.21075303666188,266.2160895940618,79.87865655471289
chapman,JS06827,AFIB,21,456.298828125,80.13068103954808,66.35672313803481,131.4927768860353
chapman,JS06829,AFIB,15,631.6266741071429,153.89182518484554,138.29921189636386,94.99282164549972
chapman,JS06830,AFIB,15,623.9536830357143,233.7338687773222,382.2149046817476,96.16098378982672
chapman,JS06834,AFIB,14,666.3161057692307,125.54645911921729,147.2419645559719,90.04735062006765
chapman,JS06869,AFIB,19,475.2604166666667,118.33081975720341,147.17209885118154,126.24657534246575
chapman,JS06873,AFIB,13,723.4700520833334,147.76361014100868,216.46189761327886,82.93363329583802
chapman,JS06899,AFIB,18,538.5454963235294,113.68626121228745,166.06049772698645,111.41120000000001
chapman,JS06901,AFIB,14,687.3497596153846,110.97265852580853,166.1830880262218,87.29180327868852
chapman,JS06905,AFIB,21,466.064453125,6.622421778203122,7.259686930420196,128.7375589313777
chapman,JS06922,AFIB,11,862.3046875,262.06145615231696,393.1430612905387,69.58097395243487
chapman,JS06927,AFIB,9,902.7099609375,263.5612457544323,379.57838891430015,66.46653144016227
chapman,JS06941,AFIB,23,407.93678977272725,83.59695615475844,129.81828670406577,147.08161044613712
chapman,JS06964,AFIB,22,448.9862351190476,6.267559271630409,5.879684852925926,133.6343863283273
chapman,JS06987,AFIB,17,558.4716796875,127.15172516790896,131.58251105050195,107.43606557377049
chapman,JS07040,AFIB,22,440.8482142857143,55.86805704881456,91.31642680305197,136.10126582278482
chapman,JS07092,AFIB,15,657.7845982142857,147.5252056273573,174.76628385355158,91.2152704135737
chapman,JS07134,AFIB,10,793.1857638888889,215.96596215740573,315.18261566099227,75.64432284541724
chapman,JS07165,AFIB,14,729.0414663461538,122.28796701588429,108.18671550793196,82.2998454404946
chapman,JS07199,AFIB,21,475.68873355263156,172.22110148484208,209.08221116568754,126.13290113452189
chapman,JS07232,AFIB,24,409.7316576086956,93.63286235541372,146.93865992064403,146.43730569948187
chapman,JS07235,AFIB,27,360.5769230769231,40.79863330974346,54.37269885576193,166.4
chapman,JS07245,AFIB,15,668.2477678571429,113.17268074975867,177.33417770834842,89.78705636743214
chapman,JS07253,AFIB,15,642.7873883928571,273.70302252704266,320.43076956594365,93.3434617471514
chapman,JS07335,AFIB,15,637.20703125,126.58783314059063,159.57737382573035,94.16091954022988
chapman,JS07356,AFIB,22,447.35863095238096,105.5803196602719,153.5176750220946,134.12058212058213
chapman,JS07391,AFIB,16,607.0963541666666,146.8056682291733,199.25311136833554,98.83109919571046
chapman,JS07399,AFIB,18,525.0459558823529,123.12916800733329,196.51045578761503,114.27571115973743
chapman,JS07432,AFIB,15,640.6947544642857,224.86381135328958,348.5052742234269,93.64833968426784
chapman,JS07451,AFIB,11,808.59375,153.99922393559248,201.05358872451953,74.20289855072464
chapman,JS07463,AFIB,15,631.6266741071429,143.7368424285968,212.80239217813502,94.99282164549972
chapman,JS07517,AFIB,12,804.3323863636364,133.04371011372783,122.79084225781178,74.59602649006622
chapman,JS07523,AFIB,16,614.2578125,94.90042953841912,112.93224071133481,97.67885532591416
chapman,JS07537,AFIB,16,605.1432291666666,169.2308092133141,180.90897974186254,99.15008068854223
chapman,JS07562,AFIB,14,713.2662259615385,197.1497806887183,266.78438171357396,84.12006319115324
chapman,JS07573,AFIB,14,682.4669471153846,232.05052773001378,384.741664598715,87.91634562465602
chapman,JS07588,AFIB,17,590.51513671875,7.012405574387242,9.178302200437294,101.6062015503876
chapman,JS07644,AFIB,13,702.7180989583334,261.6870986936835,359.02635149866876,85.38274464389113
chapman,JS07666,AFIB,15,634.0680803571429,172.51507363496646,240.63742621745166,94.62706270627062
chapman,JS07672,AFIB,15,664.0625,243.73463839969347,368.8481763431014,90.3529411764706
chapman,JS07673,AFIB,23,424.1388494318182,69.54970920751536,86.66132494774828,141.46310832025117
chapman,JS07755,AFIB,16,589.1927083333334,199.14339636836328,262.7855369819976,101.8342541436464
chapman,JS07770,AFIB,18,542.2794117647059,125.95705089116777,187.41271848521464,110.64406779661017
chapman,JS07775,AFIB,14,676.0817307692307,332.7104115482869,536.6801078171499,88.74666666666667
chapman,JS07777,AFIB,25,395.3043619791667,79.22490172733895,110.43382010192276,151.78178075141534
chapman,JS07778,AFIB,9,872.802734375,251.89620649819125,358.9068852904229,68.74405594405594
chapman,JS07821,AFIB,23,423.25106534090907,87.67575581316311,93.55336715565959,141.75983219716832
chapman,JS07836,AFIB,20,472.8618421052632,106.28471004389866,161.07114902810815,126.88695652173912
chapman,JS07844,AFIB,15,638.9508928571429,61.401608538112136,96.18025197066508,93.90393013100436
chapman,JS07852,AFIB,16,596.0286458333334,126.12499618620285,147.7980068040679,100.66630256690333
chapman,JS07883,AFIB,14,726.4122596153846,258.69809911071746,289.5717774059128,82.59772492244053
chapman,JS07894,AFIB,24,399.5414402173913,88.56194080812121,133.66053127384208,150.1721572794899
chapman,JS07903,AFIB,20,474.91776315789474,104.24092640693289,112.63444190622367,126.33766233766234
chapman,JS07939,AFIB,14,738.0558894230769,150.29820038903674,222.8822509247945,81.29465648854962
chapman,JS07943,AFIB,20,481.59950657894734,109.16129565331305,168.50616672197614,124.58484525080043
chapman,JS07957,AFIB,12,813.2102272727273,292.637863570321,481.824992117018,73.78165938864629
chapman,JS08040,AFIB,23,418.1463068181818,91.83923060906851,109.18300671385691,143.4904458598726
chapman,JS08055,AFIB,25,383.30078125,63.5336934582056,80.40058022928592,156.53503184713375
chapman,JS08076,AFIB,20,486.99629934210526,116.9481118969036,157.55426915021275,123.20422163588391
chapman,JS08120,AFIB,15,645.5775669642857,137.1363515629597,191.42866976477205,92.94003241491086
chapman,JS08195,AFIB,13,747.8841145833334,180.47601033928885,322.0974401873303,80.22633297062023
chapman,JS08213,AFIB,9,994.873046875,215.66259715853064,315.077911568217,60.30920245398773
chapman,JS08259,AFIB,13,771.0774739583334,192.849553481671,205.62170080324648,77.8131926121372
chapman,JS08262,AFIB,23,423.0291193181818,6.311865125013761,6.654151795598114,141.8342077649528
chapman,JS08285,AFIB,12,784.3572443181819,147.30034339138217,247.83821039931584,76.49575551782682
chapman,JS08306,AFIB,15,670.3404017857143,102.59142885426836,133.99534691703914,89.50676378772111
chapman,JS08309,AFIB,27,359.4501201923077,41.364700443233154,57.45143000032316,166.9216300940439
chapman,JS08325,AFIB,14,680.9645432692307,151.72922965274648,178.41207114865043,88.11031439602868
chapman,JS08336,AFIB,16,604.1666666666666,96.31236776367193,156.8320197345798,99.3103448275862
chapman,JS08370,AFIB,13,758.8704427083334,121.62486790250657,115.35130755867219,79.06487935656835
chapman,JS08384,AFIB,11,942.87109375,328.89245115819637,327.9289184504747,63.63542206110824
chapman,JS08398,AFIB,24,402.93817934782606,56.23179372704028,88.4314954896232,148.90621707060063
chapman,JS08444,AFIB,22,437.36049107142856,83.35994114021501,105.5297675058274,137.1866028708134
chapman,JS08448,AFIB,14,685.0961538461538,78.69221114504016,97.8594890335769,87.57894736842105
chapman,JS08484,AFIB,12,720.8806818181819,126.37474784623538,158.24380987273122,83.23152709359606
chapman,JS08562,AFIB,19,522.7322048611111,134.85417984608728,137.56243262429615,114.78152568759731
chapman,JS08572,AFIB,13,736.083984375,300.72392049063524,469.807674230332,81.51243781094527
chapman,JS08588,AFIB,17,546.2646484375,248.82788865234392,419.9408002033807,109.83687150837989
chapman,JS08593,AFIB,24,392.74796195652175,54.90477537018566,74.68541377111373,152.76972972972973
chapman,JS08607,AFIB,20,474.4037828947368,156.92048356060133,235.68247864450458,126.47453954496208
chapman,JS08609,AFIB,22,436.43043154761904,51.938901184043374,70.58155715431013,137.4789557805008
chapman,JS08644,AFIB,12,850.0532670454545,180.27373567209165,153.50214386974346,70.58381201044386
chapman,JS08647,AFIB,17,555.11474609375,137.51533596171848,190.68825928036657,108.08576140736669
chapman,JS08656,AFIB,14,715.8954326923077,229.79100861204523,342.2093400415928,83.81112277019936
chapman,JS08659,AFIB,18,533.9499080882352,144.6205190970694,232.44700576452175,112.37009144701453
chapman,JS08694,AFIB,22,443.87090773809524,120.06065228528053,157.50760377966864,135.17443687794656
chapman,JS08704,AFIB,14,695.6129807692307,161.792557496093,168.55725241868473,86.25485961123111
chapman,JS08705,AFIB,18,523.0353860294117,121.4937844626958,183.77968321328422,114.71499176276772
chapman,JS08721,AFIB,26,375.5859375,82.53879059029,130.08366020270725,159.75039001560063
chapman,JS08819,AFIB,17,541.9921875,148.84170910775376,180.35146802349342,110.70270270270271
chapman,JS08850,AFIB,16,575.1953125,103.97721273599049,134.90682908845957,104.31239388794567
chapman,JS08947,AFIB,18,538.5454963235294,112.2484773812214,156.46919134926114,111.41120000000001
chapman,JS08964,AFIB,15,622.2098214285714,137.4107109038064,185.14613068491238,96.4304932735426
chapman,JS09020,AFIB,12,806.5518465909091,176.32049154364466,281.79793494871006,74.39075399009356
chapman,JS09023,AFIB,20,456.15748355263156,105.3968369887226,150.35750559740882,131.53352112676058
chapman,JS09079,AFIB,12,795.8984375,216.93100088061735,282.8619644998128,75.38650306748467
chapman,JS09111,AFIB,18,547.4494485294117,124.91655369341471,150.25561328881722,109.59916054564535
chapman,JS09113,AFIB,17,591.12548828125,184.68368250929726,239.14485003380022,101.50129065565307
chapman,JS09127,AFIB,24,404.6365489130435,105.93160512952932,167.41322437072517,148.28121720881427
chapman,JS09150,AFIB,14,673.4525240384615,126.42715718881269,194.33859562932943,89.09313998884551
chapman,JS09162,AFIB,18,548.8855698529412,189.614601326729,289.6232321351435,109.31240188383045
chapman,JS09168,AFIB,24,410.5808423913044,82.18004405130084,118.72639398622715,146.13443640124095
chapman,JS09173,AFIB,17,590.8203125,142.7252023941024,159.38724645299726,101.55371900826447
chapman,JS09194,AFIB,11,888.671875,169.0202472102496,215.18872240935428,67.51648351648352
chapman,JS09213,AFIB,24,399.5414402173913,76.05358514176002,103.44399121458802,150.1721572794899
chapman,JS09217,AFIB,11,919.921875,234.56932771384086,392.0533239898037,65.22292993630573
chapman,JS09225,AFIB,18,560.0873161764706,7.8666159115057575,6.7965873569702415,107.12615384615384
chapman,JS09275,AFIB,11,792.48046875,158.188556267206,255.79289550618643,75.71164510166359
chapman,JS09296,AFIB,13,745.0358072916666,174.301028919189,150.91546186220882,80.53304205352266
chapman,JS09311,AFIB,14,710.6370192307693,222.36565602952055,325.52286783218386,84.43128964059196
chapman,JS09332,AFIB,15,656.3895089285714,153.22428032312496,235.85706788562553,91.40913921360254
chapman,JS09358,AFIB,25,394.287109375,72.2697847381668,79.46686440673187,152.1733746130031
chapman,JS09370,AFIB,14,671.1989182692307,109.9376806933101,125.76599660439287,89.3922775601567
chapman,JS09380,AFIB,23,421.91938920454544,40.14211801907864,33.048209597474205,142.20725933719095
chapman,JS09430,AFIB,18,540.2688419117648,111.04965419239075,159.7023089983036,111.05582137161083
chapman,JS09458,AFIB,15,626.3950892857143,51.725506809590215,78.218843877675,95.78619153674832
chapman,JS09473,AFIB,12,768.3771306818181,159.36639391940622,281.29407749226885,78.08665511265166
chapman,JS09553,AFIB,15,648.3677455357143,202.63267825186912,165.41800665157143,92.54007530930608
chapman,JS09582,AFIB,14,669.6965144230769,130.75922313503185,208.36035235356562,89.59282108805384
chapman,JS09590,AFIB,13,607.0963541666666,292.66773519494063,544.1254693649037,98.83109919571046
chapman,JS09593,AFIB,11,908.69140625,385.6319479210788,494.0469055695889,66.02901665771091
chapman,JS09614,AFIB,14,717.7734375,158.12071863542695,232.89104732495184,83.59183673469387
chapman,JS09618,AFIB,14,679.0865384615385,117.83778077828435,125.71069227177364,88.35398230088495
chapman,JS09638,AFIB,12,803.4446022727273,168.16116506122296,240.47541737375983,74.67845303867404
chapman,JS09641,AFIB,17,560.60791015625,118.216762928368,181.47603990581192,107.02667392487751
chapman,JS09643,AFIB,25,391.6422526041667,48.763951687051076,71.64674220303687,153.20103896103896
chapman,JS09690,AFIB,17,573.1201171875,158.8015443119832,199.1285730852754,104.69009584664536
chapman,JS09705,AFIB,26,378.3203125,102.2297386732334,144.4664887373644,158.59576664945791
chapman,JS09761,AFIB,17,566.71142578125,113.9760251349928,215.1616374560005,105.8739903069467
chapman,JS09776,AFIB,16,603.1901041666666,209.0657393694444,255.7673730871797,99.47112790070157
chapman,JS09784,AFIB,19,521.3758680555555,91.17318392159586,138.62372623611708,115.08012486992716
chapman,JS09814,AFIB,25,396.3216145833333,6.545703736326527,7.053858579244289,151.39219712525667
chapman,JS09817,AFIB,16,566.0807291666666,193.3448129136584,284.3164069208542,105.99194939620472
chapman,JS09830,AFIB,16,597.65625,107.13295663776492,161.0006475697909,100.3921568627451
chapman,JS09833,AFIB,13,750.732421875,105.61342944485698,117.88823401846724,79.9219512195122
chapman,JS09839,AFIB,12,808.3274147727273,255.2395473021638,306.0475828786103,74.22734761120263
chapman,JS09842,AFIB,16,620.7682291666666,127.20595674325291,123.07067779269,96.65443104352387
chapman,JS09858,AFIB,12,791.4595170454545,144.14562922453928,212.9208604532729,75.80931015143018
chapman,JS00041,GSVT,17,567.32177734375,71.47874375695098,121.91396237179484,105.76008606777837
chapman,JS00096,GSVT,17,565.49072265625,17.02869921139825,27.39021349995134,106.102536427415
chapman,JS00107,GSVT,17,582.58056640625,19.013210422302283,11.062920226540644,102.99004714510215
chapman,JS00163,GSVT,16,570.6380208333334,11.94139928291812,7.829919196653058,105.14546491728464
chapman,JS00169,GSVT,18,559.8000919117648,10.77282458472524,9.052976668817948,107.18111852231912
chapman,JS00213,GSVT,17,570.6787109375,6.397540366872899,7.351295436612119,105.1379679144385
chapman,JS00222,GSVT,19,527.6150173611111,9.689533262354898,6.905339660024878,113.71928020565554
chapman,JS00339,GSVT,17,569.15283203125,8.909181703495287,9.349874099182989,105.41983914209115
chapman,JS00348,GSVT,17,556.0302734375,9.069421689944683,8.457279333832409,107.90779363336992
chapman,JS00363,GSVT,18,537.6838235294117,6.43215638687922,6.7965873569702415,111.5897435897436
chapman,JS00382,GSVT,17,555.419921875,8.457279333832409,8.457279333832409,108.02637362637363
chapman,JS00391,GSVT,16,584.6354166666666,10.515740945860117,4.8828125,102.62806236080179
chapman,JS00465,GSVT,19,532.4978298611111,15.392797091601626,11.72353609372619,112.6765155374427
chapman,JS00524,GSVT,17,571.59423828125,11.889589950553443,9.178302200437294,104.96956753870795
chapman,JS00558,GSVT,19,511.0677083333333,12.644393786221931,16.32384218564203,117.40127388535032
chapman,JS00615,GSVT,17,582.275390625,33.85260162648523,31.29066364765082,103.04402515723271
chapman,JS00666,GSVT,16,597.65625,37.36001179944375,67.20363892025405,100.3921568627451
chapman,JS00671,GSVT,17,576.7822265625,7.948642869189309,9.43449006913375,104.02539682539683
chapman,JS00672,GSVT,18,537.109375,34.955617830264536,27.59437147328446,111.7090909090909
chapman,JS00683,GSVT,17,584.716796875,12.67024769272693,15.3375247257679,102.61377870563675
chapman,JS00684,GSVT,17,576.47705078125,6.295799296009584,8.170508071621832,104.08046585494971
chapman,JS00695,GSVT,19,509.16883680555554,8.507798421574234,7.67485593743531,117.83910495471497
chapman,JS00702,GSVT,22,445.03348214285717,23.22729396011988,35.04077171486163,134.82131661442006
chapman,JS00747,GSVT,16,597.0052083333334,17.161110439560346,14.936253561219209,100.50163576881134
chapman,JS00752,GSVT,16,590.1692708333334,10.085894130748482,9.500445362636883,101.66574738003308
chapman,JS00792,GSVT,22,443.4058779761905,30.399931343020206,47.037478823407405,135.3162034609334
chapman,JS00801,GSVT,16,592.1223958333334,18.406016615162795,24.99994550426538,101.33040131940626
chapman,JS00899,GSVT,17,580.74951171875,20.36538697305045,15.440808887540914,103.3147661586968
chapman,JS00911,GSVT,18,521.8864889705883,7.501586297518599,8.970299351012615,114.96752889378095
chapman,JS00939,GSVT,19,495.3342013888889,7.149262677157808,6.699163482129252,121.13033953997808
chapman,JS00978,GSVT,16,589.84375,11.701298389423538,16.08895451265457,101.72185430463576
chapman,JS00990,GSVT,17,581.0546875,12.352647110032732,13.51989561021822,103.26050420168067
chapman,JS01008,GSVT,20,477.7446546052632,18.21631262816619,10.796304656104818,125.59010220548682
chapman,JS01052,GSVT,19,504.5572916666667,10.85388535598069,12.754827269746391,118.91612903225806
chapman,JS01089,GSVT,16,580.7291666666666,3.9004327964745125,5.688304419049976,103.31838565022422
chapman,JS01100,GSVT,16,591.796875,12.130058660314821,10.76119462928398,101.38613861386139
chapman,JS01132,GSVT,17,557.55615234375,13.248987842983531,11.485858570558172,107.61247947454844
chapman,JS01172,GSVT,17,561.82861328125,14.645046265436672,14.095465556387348,106.79413362303096
chapman,JS01185,GSVT,20,486.99629934210526,5.600970065199261,6.510416666666667,123.20422163588391
chapman,JS01186,GSVT,18,554.6300551470588,64.27112252569829,60.63098602630685,108.18021750388401
chapman,JS01206,GSVT,18,541.1305147058823,7.1669504793940515,7.816313766397521,110.87898089171975
chapman,JS01250,GSVT,16,589.84375,8.695559175361284,10.192270644672474,101.72185430463576
chapman,JS01282,GSVT,21,459.47265625,7.066994987166971,7.1727414355226475,130.5844845908608
chapman,JS01287,GSVT,16,597.3307291666666,6.568288175142082,8.557368963717423,100.44686648501363
chapman,JS01294,GSVT,18,544.2899816176471,23.990319665232096,15.24657714452734,110.2353562005277
chapman,JS01298,GSVT,17,548.7060546875,14.137688713039692,10.918300671385692,109.34816462736374
chapman,JS01344,GSVT,19,527.34375,22.469677407637807,15.119568230987886,113.77777777777777
chapman,JS01359,GSVT,17,554.8095703125,8.527465428014152,7.458619295175521,108.14521452145215
chapman,JS01363,GSVT,16,568.0338541666666,13.645275996206482,8.65630137136639,105.62750716332378
chapman,JS01446,GSVT,16,593.0989583333334,3.62902027811136,5.38059731464199,101.1635565312843
chapman,JS01461,GSVT,18,514.9931066176471,2.512186305798469,4.048614246039307,116.5064138315672
chapman,JS01510,GSVT,18,532.5137867647059,3.2160781934396097,5.179004745018658,112.67313915857606
chapman,JS01513,GSVT,21,450.1953125,8.322672131121,6.531797402929088,133.2754880694143
chapman,JS01514,GSVT,17,574.3408203125,14.471039538017731,11.826759195693326,104.46758767268862
chapman,JS01525,GSVT,19,487.4674479166667,17.263349150062197,21.804465046708113,123.08514190317194
chapman,JS01589,GSVT,21,458.0078125,13.498221653931594,10.744523519925407,131.00213219616205
chapman,JS01610,GSVT,20,492.90707236842104,7.8856849457682685,9.490481599683106,121.72679874869657
chapman,JS01742,GSVT,18,557.2150735294117,7.501586297518599,9.991885707852111,107.67835051546393
chapman,JS01745,GSVT,17,575.25634765625,12.76009487862226,18.182604223657474,104.30132625994695
chapman,JS01804,GSVT,19,533.0403645833334,20.045084906221607,19.168857667122683,112.5618320610687
chapman,JS01808,GSVT,17,588.37890625,7.13180413418185,7.8732985823228026,101.97510373443983
chapman,JS01849,GSVT,18,558.9384191176471,8.989821244289546,8.279211405182211,107.34635149023637
chapman,JS01916,GSVT,17,588.37890625,54.05018337241,40.94969279104532,101.97510373443983
chapman,JS01947,GSVT,18,536.5349264705883,8.258009804680357,8.886852892188132,111.82869379014988
chapman,JS01993,GSVT,16,597.9817708333334,6.872378423330046,6.780908933880992,100.33750680457267
chapman,JS02053,GSVT,18,567.2679227941177,9.64823458031883,8.802615418613255,105.77012658227848
chapman,JS02065,GSVT,17,584.41162109375,16.117596289337857,7.7717033765060695,102.66736292428199
chapman,JS02121,GSVT,16,595.703125,36.16484764736529,56.20539274033857,100.72131147540983
chapman,JS02157,GSVT,17,592.95654296875,10.543370547699796,9.601485158693116,101.1878538342769
chapman,JS02158,GSVT,19,525.1736111111111,8.897258084780134,7.67485593743531,114.24793388429752
chapman,JS02163,GSVT,17,557.2509765625,4.674937049591494,7.458619295175521,107.67141292442497
chapman,JS02166,GSVT,18,530.2159926470588,8.641823519835928,8.36871899463018,113.1614301191766
chapman,JS02176,GSVT,16,590.8203125,12.380189278249754,10.601760709800965,101.55371900826447
chapman,JS02302,GSVT,17,563.3544921875,6.876507218189325,7.13180413418185,106.50487540628386
chapman,JS02329,GSVT,17,548.095703125,8.072654145597165,8.457279333832409,109.46993318485524
chapman,JS02338,GSVT,16,584.9609375,8.294624160822963,9.67803915004995,102.57095158597663
chapman,JS02365,GSVT,18,541.9921875,17.773705784376265,17.34945117621081,110.70270270270271
chapman,JS02391,GSVT,23,432.57279829545456,8.4786092020941,9.103781598982465,138.7049769112365
chapman,JS02424,GSVT,22,436.43043154761904,8.093722439308886,8.93701426646637,137.4789557805008
chapman,JS02448,GSVT,18,557.5022977941177,14.467808674048458,9.611826018080825,107.62287480680061
chapman,JS02467,GSVT,17,574.64599609375,9.881916633781879,10.242273907911636,104.4121083377589
chapman,JS02498,GSVT,16,585.6119791666666,10.834794277850447,14.23572239952466,102.45692051139523
chapman,JS02509,GSVT,23,438.56534090909093,7.629632326854217,7.829919196653058,136.80971659919027
chapman,JS02511,GSVT,18,560.3745404411765,47.702148465136375,49.07165830625435,107.07124551512045
chapman,JS02543,GSVT,22,438.75558035714283,6.6027676150665355,7.32421875,136.7503974562798
chapman,JS02553,GSVT,18,545.1516544117648,15.627019415114017,10.139921707663666,110.06111696522655
chapman,JS02570,GSVT,17,556.640625,23.854259063230806,10.623156817760885,107.78947368421052
chapman,JS02681,GSVT,16,597.9817708333334,9.386231491438036,9.765625,100.33750680457267
chapman,JS02698,GSVT,19,519.2057291666666,7.67485593743531,7.489892469212601,115.56112852664577
chapman,JS02782,GSVT,16,590.8203125,23.050657982503218,22.790610006563256,101.55371900826447
chapman,JS02783,GSVT,19,507.26996527777777,12.960856813026197,18.34641477788524,118.28021390374332
chapman,JS02801,GSVT,20,493.9350328947368,11.539146264597953,16.15351012473894,121.47346514047868
chapman,JS02836,GSVT,17,584.1064453125,10.222857257449352,13.16247826767951,102.72100313479623
chapman,JS02850,GSVT,16,590.1692708333334,7.800865592949025,8.149638285119924,101.66574738003308
chapman,JS02949,GSVT,20,471.83388157894734,22.972324079757115,39.651457405858835,127.16339869281046
chapman,JS02959,GSVT,17,566.71142578125,11.058429493566274,10.242273907911636,105.8739903069467
chapman,JS02999,GSVT,17,585.3271484375,10.066175843793117,10.845267740206824,102.50677789363921
chapman,JS03008,GSVT,19,507.8125,34.40462355741968,35.861648943103944,118.15384615384616
chapman,JS03030,GSVT,17,549.31640625,12.857042746179362,14.03897047711447,109.22666666666667
chapman,JS03072,GSVT,23,435.2361505681818,10.252849309704454,8.184391697729744,137.85619581845998
chapman,JS03113,GSVT,16,582.03125,11.988842454600347,10.358009490037317,103.08724832214764
chapman,JS03117,GSVT,22,438.75558035714283,6.2312252885399815,7.5644205980613615,136.7503974562798
chapman,JS03158,GSVT,20,495.99095394736844,8.349433203817986,9.207119546699838,120.9699481865285
chapman,JS03202,GSVT,17,586.85302734375,35.49007586887677,43.43599531828831,102.2402496099844
chapman,JS03217,GSVT,16,591.1458333333334,68.47055955949564,103.5636523103973,101.49779735682819
chapman,JS03224,GSVT,20,487.2532894736842,10.988310894624872,7.634140234087614,123.13924050632912
chapman,JS03278,GSVT,21,460.693359375,6.5844161743983705,8.891264335940685,130.23847376788552
chapman,JS03280,GSVT,18,543.7155330882352,13.695960107408656,7.012405574387242,110.35182250396197
chapman,JS03294,GSVT,18,551.7578125,9.611826018080825,8.36871899463018,108.7433628318584
chapman,JS03318,GSVT,16,597.9817708333334,14.97800152453253,12.24185879937517,100.33750680457267
chapman,JS03394,GSVT,16,569.3359375,6.6027676150665355,5.688304419049976,105.38593481989709
chapman,JS03395,GSVT,20,487.5102796052632,8.95376959993784,6.808756726351526,123.074327886136
chapman,JS03447,GSVT,20,470.03495065789474,9.744185621778502,9.56000986691954,127.65008201202843
chapman,JS03474,GSVT,17,572.20458984375,15.66753954518653,14.6484375,104.8576
chapman,JS03510,GSVT,19,489.63758680555554,12.170275033976733,10.918300671385692,122.53961218836565
chapman,JS03539,GSVT,17,585.63232421875,15.38602550475354,11.20567348831934,102.45336112558624
chapman,JS03579,GSVT,20,493.1640625,7.278867114257127,8.764916678278816,121.66336633663366
chapman,JS03624,GSVT,18,552.6194852941177,7.955256635028486,8.631674575031099,108.57380457380457
chapman,JS03714,GSVT,17,567.32177734375,8.017086458483295,8.457279333832409,105.76008606777837
chapman,JS03721,GSVT,18,541.4177389705883,21.415068274768714,33.31871109364302,110.82015915119362
chapman,JS03737,GSVT,16,575.5208333333334,12.634354567659237,17.94059870202523,104.25339366515837
chapman,JS03750,GSVT,19,494.7916666666667,22.28164332860693,37.29936369657152,121.26315789473684
chapman,JS03755,GSVT,17,533.14208984375,2.655789204440221,3.088161777508183,112.54035489410418
chapman,JS03774,GSVT,17,548.095703125,7.242381335054358,4.717245034566875,109.46993318485524
chapman,JS03824,GSVT,20,494.96299342105266,7.670580251344446,7.369291290801934,121.22118380062305
chapman,JS03841,GSVT,20,491.36513157894734,5.687428958572448,5.398152328052409,122.10878661087867
chapman,JS03870,GSVT,25,387.1663411458333,6.189596221745018,6.676369392627542,154.9721492380452
chapman,JS03939,GSVT,16,594.7265625,6.446157953207546,6.258495551383357,100.88669950738917
chapman,JS03961,GSVT,17,578.91845703125,9.596310550309349,9.091302111828737,103.64153927253558
chapman,JS03976,GSVT,21,469.23828125,7.242381335054358,7.9209678286505145,127.86680541103017
chapman,JS03992,GSVT,16,583.0078125,8.616864713550367,8.850849288818026,102.91457286432161
chapman,JS04093,GSVT,19,543.4283088235294,68.70215888235197,92.32260938080584,110.41014799154334
chapman,JS04138,GSVT,17,567.0166015625,9.907016792664844,12.607367663435602,105.81700753498386
chapman,JS04150,GSVT,18,527.34375,18.989684065068413,32.50372791917565,113.77777777777777
chapman,JS04158,GSVT,17,571.2890625,9.264485332524549,9.43449006913375,105.02564102564102
chapman,JS04231,GSVT,17,579.2236328125,67.56125884631972,111.08800859812402,103.58693361433087
chapman,JS04246,GSVT,18,542.8538602941177,6.955928905280523,7.524919437217989,110.52698412698412
chapman,JS04285,GSVT,16,584.6354166666666,22.41134697663868,28.01924911885454,102.62806236080179
chapman,JS04317,GSVT,18,541.4177389705883,8.436525242833477,9.991885707852111,110.82015915119362
chapman,JS04387,GSVT,18,550.0344669117648,48.91780023624511,73.29303248182654,109.0840731070496
chapman,JS04391,GSVT,17,566.10107421875,7.662282630114851,9.349874099182989,105.98814016172507
chapman,JS04392,GSVT,18,557.2150735294117,8.258009804680357,9.991885707852111,107.67835051546393
chapman,JS04429,GSVT,16,573.2421875,28.87531525222155,32.257197627711676,104.66780238500851
chapman,JS04494,GSVT,17,578.0029296875,8.146154789220182,8.457279333832409,103.80570221752905
chapman,JS04545,GSVT,17,596.923828125,7.66876236288395,7.973599423122324,100.51533742331289
chapman,JS04597,GSVT,17,584.1064453125,8.527465428014152,9.349874099182989,102.72100313479623
chapman,JS04614,GSVT,16,590.4947916666666,9.313374776646901,12.984452057049586,101.60970231532525
chapman,JS04636,GSVT,17,584.1064453125,7.746096376491402,7.351295436612119,102.72100313479623
chapman,JS04658,GSVT,16,573.5677083333334,4.470094806807261,5.536588960096102,104.60839954597049
chapman,JS04677,GSVT,20,472.34786184210526,107.28420620832229,169.32168832421584,127.02502720348204
chapman,JS04739,GSVT,8,1135.6026785714287,267.8413991994012,252.22613700857198,52.83538083538083
chapman,JS04858,GSVT,18,532.2265625,2.44140625,2.729575167846423,112.73394495412845
chapman,JS04880,GSVT,16,598.6328125,16.793305787727856,13.049865327755096,100.2283849918434
chapman,JS04894,GSVT,17,559.08203125,6.905339660024878,3.7822102990306807,107.31877729257641
chapman,JS04911,GSVT,20,500.6167763157895,7.163015679950271,7.094562082585732,119.85215605749487
chapman,JS05012,GSVT,19,530.5989583333334,14.885866865636418,12.363995433151931,113.07975460122698
chapman,JS05026,GSVT,18,550.3216911764706,8.762694054513327,10.139921707663666,109.02713987473904
chapman,JS05030,GSVT,17,555.419921875,8.457279333832409,11.13452563573377,108.02637362637363
chapman,JS05057,GSVT,17,572.509765625,12.544172440102665,10.623156817760885,104.80170575692964
chapman,JS05060,GSVT,17,569.4580078125,14.903913676043475,16.820326409848715,105.36334405144694
chapman,JS05061,GSVT,17,556.640625,18.356604400874588,11.416456977050899,107.78947368421052
chapman,JS05078,GSVT,18,554.9172794117648,62.17061931415297,56.00619993630109,108.12422360248446
chapman,JS05080,GSVT,19,516.2217881944445,7.997991035384191,7.765685796527904,116.2291119285339
chapman,JS05199,GSVT,16,591.1458333333334,9.672171893281496,12.311218327792126,101.49779735682819
chapman,JS05206,GSVT,23,435.45809659090907,12.392688210537854,14.175782249512817,137.78593272171256
chapman,JS05279,GSVT,21,461.181640625,9.435598379277852,9.100499182579036,130.10058231868715
chapman,JS05327,GSVT,17,579.833984375,20.445714514898704,33.2844057213774,103.4778947368421
chapman,JS05377,GSVT,17,595.0927734375,9.580769956224895,8.734640537108554,100.82461538461538
chapman,JS05415,GSVT,22,432.9427083333333,23.887551834579856,36.76728632229824,138.58646616541353
chapman,JS05422,GSVT,17,572.81494140625,64.32769592898143,91.52289010097363,104.74587107085775
chapman,JS05457,GSVT,19,506.45616319444446,8.171461623363612,8.118849968464252,118.47027316550616
chapman,JS05459,GSVT,17,579.2236328125,8.711864382208747,9.846668920738395,103.58693361433087
chapman,JS05465,GSVT,23,429.46555397727275,6.116712430947488,7.147705612416015,139.70852713178294
chapman,JS05478,GSVT,18,530.7904411764706,65.82215769826976,114.97960780582633,113.03896103896103
chapman,JS05493,GSVT,17,565.7958984375,10.377173261259818,8.457279333832409,106.0453074433657
chapman,JS05498,GSVT,18,552.3322610294117,9.747656953500298,8.188725503539269,108.63026521060843
chapman,JS05559,GSVT,17,575.5615234375,22.8242107275786,22.01782105870554,104.24602332979852
chapman,JS05639,GSVT,25,385.1318359375,6.801351877258836,8.27138236191328,155.7908082408875
chapman,JS05663,GSVT,17,568.54248046875,7.7653095429461265,9.601485158693116,105.5330112721417
chapman,JS05672,GSVT,16,595.703125,8.850849288818026,10.521137785294613,100.72131147540983
chapman,JS05688,GSVT,21,478.271484375,9.697930463889302,10.143788217511592,125.45176110260337
chapman,JS05724,GSVT,19,530.3276909722222,8.562570221735244,9.17320738894262,113.1375959079284
chapman,JS05810,GSVT,17,547.4853515625,4.321587906038983,6.550980402831415,109.59197324414716
chapman,JS05849,GSVT,17,584.1064453125,4.321587906038983,2.8190931112774695,102.72100313479623
chapman,JS05950,GSVT,16,590.1692708333334,7.800865592949025,7.265857511160595,101.66574738003308
chapman,JS05984,GSVT,19,517.3068576388889,11.293633089599757,8.782677419244402,115.98531725222863
chapman,JS06021,GSVT,18,548.8855698529412,13.708754094418342,8.457279333832409,109.31240188383045
chapman,JS06027,GSVT,18,550.8961397058823,6.955928905280523,8.188725503539269,108.91345151199167
chapman,JS06052,GSVT,18,549.1727941176471,17.18701856622276,10.066175843793117,109.25523012552301
chapman,JS06056,GSVT,18,544.0027573529412,9.464791331130185,10.571599167290511,110.29355860612459
chapman,JS06084,GSVT,17,575.86669921875,8.45140418249199,8.825157364404921,104.19077901430843
chapman,JS06094,GSVT,18,562.3851102941177,7.571369998330929,6.686066375795485,106.68845760980592
chapman,JS06134,GSVT,18,542.5666360294117,6.8799055417069646,7.816313766397521,110.58549497088407
chapman,JS06174,GSVT,16,583.6588541666666,18.35041851884524,29.872507122438417,102.79977691020636
chapman,JS06184,GSVT,21,449.951171875,19.094297599842815,14.56252216951808,133.34780249593055
chapman,JS06198,GSVT,18,539.6943933823529,13.606065351938202,22.90242070226284,111.1740287386908
chapman,JS06235,GSVT,23,428.5777698863636,7.371625191506784,10.052067671697028,139.99792853443813
chapman,JS06270,GSVT,23,434.12642045454544,10.960756958610222,16.609766880288305,138.2085889570552
chapman,JS06276,GSVT,22,447.8236607142857,7.586900352220272,6.2720862200513325,133.98130841121494
chapman,JS06319,GSVT,22,452.4739583333333,12.092562253259578,21.19950522079337,132.6043165467626
chapman,JS06341,GSVT,16,596.3541666666666,62.226560164633916,109.13620396538343,100.6113537117904
chapman,JS06346,GSVT,27,363.5817307692308,6.056383524863694,6.905339660024878,165.02479338842974
chapman,JS06356,GSVT,17,570.068359375,10.77173965349889,12.732817197661424,105.25053533190578
chapman,JS06365,GSVT,16,583.0078125,9.190663555803908,10.681775133310236,102.91457286432161
chapman,JS06407,GSVT,16,597.9817708333334,9.915607934726735,11.45121035113142,100.33750680457267
chapman,JS06433,GSVT,21,467.28515625,6.550980402831415,6.721164078239115,128.40125391849529
chapman,JS06471,GSVT,21,457.51953125,6.550980402831415,7.0847290049805824,131.1419423692636
chapman,JS06500,GSVT,17,584.1064453125,11.94377591728993,19.40879581479667,102.72100313479623
chapman,JS06511,GSVT,16,588.8671875,22.284340700849558,12.24185879937517,101.8905472636816
chapman,JS06548,GSVT,25,384.9283854166667,6.220918528033263,6.023378464296496,155.87315010570825
chapman,JS06552,GSVT,17,567.32177734375,9.63762962428956,10.472466108167586,105.76008606777837
chapman,JS06589,GSVT,19,497.50434027777777,137.32150409324188,145.24405965063858,120.6019629225736
chapman,JS06598,GSVT,19,531.1414930555555,20.5498652153593,21.578170922556236,112.96424923391216
chapman,JS06634,GSVT,19,521.9184027777778,8.012590361867217,8.62151368325117,114.96049896049895
chapman,JS06696,GSVT,16,597.3307291666666,11.326601524198846,9.938481339826316,100.44686648501363
chapman,JS06740,GSVT,17,551.7578125,25.34049538545386,16.292309578440364,108.7433628318584
chapman,JS06771,GSVT,17,583.19091796875,10.6930620915678,9.765625,102.88226059654632
chapman,JS06777,GSVT,17,591.4306640625,7.948642869189309,6.6711919049216135,101.44891640866874
chapman,JS06797,GSVT,20,489.8231907894737,6.314733242181371,7.000590223830263,122.49317943336831
chapman,JS06861,GSVT,16,592.7734375,27.23641641214946,14.47300078211944,101.21911037891269
chapman,JS06883,GSVT,20,475.1747532894737,7.288438278305162,7.720404443770457,126.26933477555436
chapman,JS06895,GSVT,20,504.72861842105266,7.841358091278967,8.056229603362357,118.87576374745417
chapman,JS06896,GSVT,18,531.9393382352941,7.999208663622255,8.544921875,112.79481641468682
chapman,JS06946,GSVT,16,594.7265625,6.954488605253637,7.937923184110661,100.88669950738917
chapman,JS06950,GSVT,16,585.9375,53.07301775007606,46.35917591605262,102.4
chapman,JS06996,GSVT,17,571.2890625,12.092562253259578,10.548080563814876,105.02564102564102
chapman,JS07067,GSVT,18,520.4503676470588,9.620941075622833,10.78095808877911,115.28476821192054
chapman,JS07112,GSVT,17,579.833984375,48.71405947626981,80.49979490644972,103.4778947368421
chapman,JS07149,GSVT,16,597.0052083333334,8.74762885734929,9.852432262713124,100.50163576881134
chapman,JS07154,GSVT,18,514.1314338235294,6.633419364591566,7.720404443770457,116.70167597765364
chapman,JS07296,GSVT,16,591.4713541666666,23.624701911581578,15.27447575366782,101.4419372592185
chapman,JS07367,GSVT,20,508.06949013157896,7.8856849457682685,8.764916678278816,118.09408194233687
chapman,JS07386,GSVT,19,507.5412326388889,3.1207885288385837,4.8828125,118.21699625868519
chapman,JS07389,GSVT,18,536.2477022058823,9.009300836456841,9.216106488367615,111.88859132297804
chapman,JS07409,GSVT,23,418.8121448863636,11.95392530517824,8.914755167727312,143.26232114467408
chapman,JS07424,GSVT,18,553.4811580882352,7.51326192528052,8.00468569861084,108.40477426050857
chapman,JS07452,GSVT,18,548.8855698529412,13.040266308193802,19.53125,109.31240188383045
chapman,JS07465,GSVT,18,535.0988051470588,7.9221325912226,8.279211405182211,112.12882447665058
chapman,JS07482,GSVT,21,472.16796875,10.278962767750338,8.531143437858672,127.07342295760083
chapman,JS07544,GSVT,17,593.56689453125,11.4121053637893,10.31957518499177,101.08380462724936
chapman,JS07545,GSVT,19,518.3919270833334,11.0142173074529,10.187355153359489,115.74254317111459
chapman,JS07549,GSVT,19,528.4288194444445,7.21435594124713,10.048745223193878,113.5441478439425
chapman,JS07569,GSVT,18,541.4177389705883,15.99841732724451,7.720404443770457,110.82015915119362
chapman,JS07571,GSVT,17,586.24267578125,17.144977101684955,12.416817137213965,102.34669442998438
chapman,JS07577,GSVT,16,598.6328125,10.074631263884381,6.654151795598114,100.2283849918434
chapman,JS07631,GSVT,17,543.212890625,3.3355959524608068,3.565902067090925,110.45393258426967
chapman,JS07633,GSVT,19,532.2265625,10.048745223193878,8.20476611735162,112.73394495412845
chapman,JS07658,GSVT,18,541.9921875,8.097228492078614,9.376398618003671,110.70270270270271
chapman,JS07671,GSVT,17,542.6025390625,116.05456862073879,171.39066019625022,110.57817772778402
chapman,JS07700,GSVT,22,445.7310267857143,7.099894335937205,8.097228492078614,134.61032863849766
chapman,JS07784,GSVT,17,581.6650390625,13.44621715646021,12.416817137213965,103.15215110178384
chapman,JS07793,GSVT,18,530.5032169117648,7.709042547336178,8.717563999686096,113.10016242555494
chapman,JS07815,GSVT,19,493.4353298611111,47.44337640383974,70.50054002029043,121.59648158328753
chapman,JS07926,GSVT,18,556.3534007352941,15.292500673664613,15.197631345201088,107.84512132163138
chapman,JS08038,GSVT,17,544.73876953125,7.967367613320664,9.43449006913375,110.14453781512606
chapman,JS08079,GSVT,17,591.4306640625,6.876507218189325,8.643175812077965,101.44891640866874
chapman,JS08100,GSVT,17,549.9267578125,19.27525924857912,29.378142493147116,109.1054384017758
chapman,JS08104,GSVT,18,531.6521139705883,9.436967288572301,9.296598029619028,112.85575364667746
chapman,JS08106,GSVT,20,501.13075657894734,6.945604372472754,7.187305392519407,119.72923076923078
chapman,JS08127,GSVT,17,564.88037109375,13.188867338384862,10.697706201272776,106.21717990275526
chapman,JS08146,GSVT,16,595.703125,8.65630137136639,8.850849288818026,100.72131147540983
chapman,JS08174,GSVT,16,588.8671875,8.002025892689725,8.754115791023391,101.8905472636816
chapman,JS08251,GSVT,18,537.6838235294117,8.436525242833477,8.097228492078614,111.5897435897436
chapman,JS08254,GSVT,18,537.109375,5.980199567341743,7.816313766397521,111.7090909090909
chapman,JS08340,GSVT,19,519.7482638888889,7.531388035882788,8.118849968464252,115.44050104384134
chapman,JS08392,GSVT,17,573.42529296875,12.088454027473185,17.423728764417493,104.63437998935603
chapman,JS08427,GSVT,16,593.75,3.088161777508183,4.8828125,101.05263157894737
chapman,JS08458,GSVT,19,512.1527777777778,12.742604145453582,17.20231177870984,117.15254237288134
chapman,JS08526,GSVT,20,500.10279605263156,6.369692792290742,7.8901039345968895,119.9753340184995
chapman,JS08558,GSVT,22,450.8463541666667,86.69341579311693,154.91295000569764,133.08303249097472
chapman,JS08617,GSVT,17,566.10107421875,9.841623227903503,6.046281126629789,105.98814016172507
chapman,JS08633,GSVT,17,581.97021484375,8.212952555008282,8.072654145597165,103.09805977975878
chapman,JS08663,GSVT,19,517.8493923611111,16.364362846240656,12.135012737981162,115.86380303823992
chapman,JS08666,GSVT,21,461.669921875,9.826470604247122,7.597525441557608,129.96298254891593
chapman,JS08692,GSVT,16,595.3776041666666,1.2607367663435605,1.8455296533653673,100.77638053581192
chapman,JS08695,GSVT,17,595.703125,15.543406753012139,11.485858570558172,100.72131147540983
chapman,JS08752,GSVT,18,561.8106617647059,55.22843509000811,93.0701079938325,106.79754601226995
chapman,JS08790,GSVT,16,579.4270833333334,12.741730616462293,11.525328991251609,103.5505617977528
chapman,JS08814,GSVT,17,545.34912109375,12.444787476746638,18.051003428400744,110.02126468942362
chapman,JS08842,GSVT,19,480.6857638888889,14.331182858648223,10.982338174577873,124.8216704288939
chapman,JS08853,GSVT,28,349.2115162037037,6.685431391571079,7.166009626028738,171.81563956499224
chapman,JS08893,GSVT,18,552.6194852941177,13.509085745524972,8.886852892188132,108.57380457380457
chapman,JS08945,GSVT,17,597.5341796875,8.527465428014152,9.003461384075086,100.41266598569969
chapman,JS08978,GSVT,17,574.03564453125,9.259122388322602,9.846668920738395,104.52312599681021
chapman,JS09032,GSVT,21,455.810546875,7.964414001499679,11.53310324440629,131.6336368505624
chapman,JS09053,GSVT,17,560.302734375,7.019485238557235,9.091302111828737,107.08496732026144
chapman,JS09110,GSVT,17,579.833984375,7.458619295175521,7.8732985823228026,103.4778947368421
chapman,JS09119,GSVT,18,556.0661764705883,7.3002441562148634,7.32421875,107.90082644628099
chapman,JS09161,GSVT,17,556.33544921875,6.781955289713759,9.178302200437294,107.84860120680197
chapman,JS09180,GSVT,19,520.5620659722222,7.880222773632332,9.249334896659363,115.26003126628453
chapman,JS09228,GSVT,20,471.83388157894734,7.317076652981983,8.218998159474348,127.16339869281046
chapman,JS09247,GSVT,17,575.5615234375,13.911017697162498,12.352647110032732,104.24602332979852
chapman,JS09259,GSVT,20,473.1188322368421,21.277134397133196,34.19905825105907,126.81803367734928
chapman,JS09356,GSVT,18,550.6089154411765,45.756975442275156,88.16992568234546,108.97026604068857
chapman,JS09390,GSVT,18,551.1833639705883,7.093189162963281,7.425247229367944,108.85669619593537
chapman,JS09418,GSVT,18,528.7798713235294,9.41837226106939,8.36871899463018,113.4687669744704
chapman,JS09436,GSVT,16,592.4479166666666,28.391580841452125,29.44183815625737,101.27472527472528
chapman,JS09440,GSVT,16,587.5651041666666,9.881198549514407,13.114952341631673,102.11634349030471
chapman,JS09457,GSVT,17,591.12548828125,17.23743467588267,13.401815657707619,101.50129065565307
chapman,JS09466,GSVT,18,535.3860294117648,6.2102907601216835,7.11786119976233,112.06866952789699
chapman,JS09521,GSVT,18,514.9931066176471,10.658303834604476,8.802615418613255,116.5064138315672
chapman,JS09522,GSVT,16,572.265625,4.595331777901954,6.120929399687585,104.84641638225256
chapman,JS09525,GSVT,18,556.640625,19.145980397165676,16.603357554608696,107.78947368421052
chapman,JS09555,GSVT,17,594.482421875,9.518353852352504,10.99084831779566,100.92813141683779
chapman,JS09556,GSVT,17,563.65966796875,13.921725345467966,10.472466108167586,106.44721169463996
chapman,JS09597,GSVT,17,556.94580078125,11.342252494113245,12.026662240827582,107.73041095890412
chapman,JS09610,GSVT,21,459.716796875,7.133270226115147,7.5144898834361875,130.51513542219863
chapman,JS09611,GSVT,16,594.7265625,8.086705773543214,12.031381355092314,100.88669950738917
chapman,JS09617,GSVT,19,510.5251736111111,8.57620851583896,7.67485593743531,117.52603613177472
chapman,JS09647,GSVT,19,506.1848958333333,8.032014851855218,11.046004436482887,118.53376205787782
chapman,JS09773,GSVT,17,545.654296875,59.602322342449725,96.29586320219977,109.95973154362416
chapman,JS09786,GSVT,16,587.890625,9.190663555803908,9.67803915004995,102.05980066445183
chapman,JS09804,GSVT,19,503.2009548611111,3.9178016746342914,5.024372611596939,119.23665768194071
chapman,JS09900,GSVT,16,585.9375,38.26971742283818,63.970966940427346,102.4
chapman,JS09908,GSVT,18,559.2256433823529,7.142448012872361,7.911060422861158,107.29121725731895
chapman,JS09910,GSVT,21,448.486328125,2.389455492820278,3.5423645024902912,133.7833424060969
chapman,JS09922,GSVT,29,330.810546875,5.57914599642012,5.943170111818208,181.37269372693726
chapman,JS09926,GSVT,31,318.3930495689655,6.17347052989454,7.4395678737798345,188.44632469592807
chapman,JS09927,GSVT,29,334.2982700892857,5.865722662594228,6.577883926314096,179.48043818466354
chapman,JS09930,GSVT,22,431.78013392857144,8.5374449111575,8.734640537108554,138.95961227786754
chapman,JS09942,GSVT,25,401.0009765625,6.801351877258836,7.053858579244289,149.6255707762557
chapman,JS09957,GSVT,16,601.8880208333334,173.0026967819953,225.93986758725424,99.68631692806922
chapman,JS09961,GSVT,19,532.2265625,76.7302837319046,98.77007275457447,112.73394495412845
chapman,JS09962,GSVT,26,371.484375,7.710103699431648,9.025501714200372,161.5141955835962
chapman,JS09980,GSVT,28,349.3923611111111,6.106644830857972,6.905339660024878,171.72670807453417
chapman,JS09982,GSVT,29,334.82142857142856,9.530274149888019,14.588031314831545,179.20000000000002
chapman,JS09986,GSVT,18,535.0988051470588,7.336176666125395,8.457279333832409,112.12882447665058
chapman,JS09987,GSVT,28,350.11574074074076,5.874194815008316,6.423764789846405,171.37190082644628
chapman,JS09989,GSVT,27,351.93810096153845,3.361156448497159,4.475171577105312,170.4845250800427
chapman,JS09990,GSVT,24,380.2224864130435,31.06720426261337,26.087864444096436,157.80234505862646
chapman,JS09994,GSVT,27,363.76953125,5.393242684173467,6.328848338288926,164.93959731543623
chapman,JS09997,GSVT,21,456.0546875,2.921108601641205,3.8804658898389954,131.56316916488223
chapman,JS10005,GSVT,27,360.38912259615387,7.691845513177429,8.843149548962321,166.48671182907762
chapman,JS10006,GSVT,29,337.0884486607143,5.05731001718989,5.638186222554939,177.99482669425763
chapman,JS10007,GSVT,16,595.703125,166.51750883769466,191.5931789818912,100.72131147540983
chapman,JS10008,GSVT,15,687.0814732142857,17.80500240588319,18.519070065536432,87.3258883248731
chapman,JS10026,GSVT,18,552.0450367647059,54.248425616745195,54.99941565463286,108.68678459937566
chapman,JS10038,GSVT,25,391.845703125,7.652976039264578,8.395771031456007,153.1214953271028
chapman,JS10039,GSVT,25,382.2835286458333,6.019792052270115,6.276216669112807,156.95156998403408
chapman,JS10046,GSVT,23,427.9119318181818,33.20399536515212,46.82216997499395,140.21576763485479
chapman,JS10049,GSVT,30,323.6126077586207,6.767906220221946,7.147705612416015,185.40686784599376
chapman,JS10051,GSVT,25,386.5559895833333,6.385376446858345,6.905339660024878,155.21684210526317
chapman,JS10056,GSVT,23,420.36576704545456,69.64128568495748,93.34683391994896,142.73284054910243
chapman,JS10058,GSVT,22,435.7328869047619,93.90887165573531,127.49190809713777,137.6990394877268
chapman,JS10060,GSVT,22,449.91629464285717,106.60070673274525,150.87811614882122,133.35813953488372
chapman,JS10064,GSVT,17,579.2236328125,7.746096376491402,10.00678785738242,103.58693361433087
chapman,JS10066,GSVT,24,402.30129076086956,6.540903072874484,6.246114736980775,149.1419525065963
chapman,JS10072,GSVT,28,344.5095486111111,18.732411538888943,31.673206678462073,174.16062992125987
chapman,JS10081,GSVT,27,352.1259014423077,6.525735683099576,7.437278423695223,170.3936
chapman,JS10084,GSVT,29,332.55440848214283,54.03611983169339,78.3169120007378,180.4216046145779
chapman,JS10091,GSVT,29,329.4154575892857,6.708433770104189,7.576085093190615,182.140815246162
chapman,JS10095,GSVT,17,558.77685546875,193.49716876749062,264.856760911357,107.37738940469688
chapman,JS10097,GSVT,17,567.626953125,136.6315290979807,137.89371418576923,105.70322580645161
chapman,JS10102,GSVT,27,352.1259014423077,6.071505604645489,6.328848338288926,170.3936
chapman,JS10110,GSVT,22,439.2206101190476,115.0052777455488,152.96535344001055,136.6056114346215
chapman,JS10116,GSVT,14,679.0865384615385,14.019361445382884,10.358009490037317,88.35398230088495
chapman,JS10117,GSVT,17,584.716796875,74.55422058780057,109.53909054572543,102.61377870563675
chapman,JS10119,GSVT,30,326.1382004310345,5.440293110655816,6.050973623359888,183.9710893133712
chapman,JS10120,GSVT,28,347.04137731481484,6.194991479253971,6.634435746940991,172.89004689942678
chapman,JS10128,GSVT,27,360.7647235576923,6.525735683099575,7.5644205980613615,166.31337844872462
chapman,JS10132,GSVT,19,499.94574652777777,136.6791369469536,263.7941828937781,120.0130222463375
chapman,JS10136,GSVT,18,517.0036764705883,113.43849519210546,202.20607359770028,116.05333333333333
chapman,JS10138,GSVT,25,399.5768229166667,111.21173577656589,184.64241172874017,150.15885947046843
chapman,JS10143,GSVT,28,357.349537037037,3.327440448931231,4.975826810205743,167.9028340080972
chapman,JS10151,GSVT,22,442.9408482142857,10.713613579875611,17.973791327447227,135.45826771653543
chapman,JS10154,GSVT,29,332.03125,6.233249399455326,7.517581630073252,180.7058823529412
chapman,JS10156,GSVT,27,357.38431490384613,7.044696177588161,7.372885190694092,167.8864950078823
chapman,JS10178,GSVT,8,1041.4341517857142,64.57595900289088,78.04866876536026,57.61286001339585
chapman,JS10199,GSVT,30,328.66379310344826,6.538418588007677,6.96672166414557,182.55737704918033
chapman,JS10201,GSVT,30,320.9186422413793,5.520656296962335,6.190094639124877,186.9632738719832
chapman,JS10204,GSVT,24,415.4636548913044,11.300025791054852,8.521108762629824,144.41696474195197
chapman,JS10207,GSVT,30,321.9288793103448,7.019206372170991,7.382118613461469,186.3765690376569
chapman,JS10215,GSVT,28,339.0842013888889,5.798545761673383,6.564963301137521,176.94719999999998
chapman,JS10221,GSVT,15,636.1607142857143,472.4384000174988,718.8917039484437,94.3157894736842
chapman,JS10230,GSVT,18,562.0978860294117,7.697663880547678,7.911060422861158,106.74297393970363
chapman,JS10233,GSVT,18,557.7895220588235,60.212458614081775,80.74192233473482,107.56745623069001
chapman,JS10235,GSVT,20,476.71669407894734,142.0891029021376,203.87650715821593,125.86091644204852
chapman,JS10242,GSVT,17,586.85302734375,7.816313766397521,9.264485332524549,102.2402496099844
chapman,JS10245,GSVT,27,368.8401442307692,6.211853993217555,6.8359375,162.67209775967413
chapman,JS10251,GSVT,17,587.7685546875,7.32421875,7.5644205980613615,102.0809968847352
chapman,JS10253,GSVT,24,408.03328804347825,108.72373105173952,147.72571216105763,147.0468262226847
chapman,JS10264,GSVT,25,382.4869791666667,6.545703736326527,7.75389876348067,156.86808510638298
chapman,JS10267,GSVT,30,322.6023706896552,6.249105455245028,6.654151795598114,185.9874739039666
chapman,JS10272,GSVT,24,404.4242527173913,6.0077129541190875,6.746574997146069,148.35905511811023
chapman,JS10280,GSVT,28,350.8391203703704,6.452778040610416,7.479081938003259,171.01855670103092
chapman,JS10281,GSVT,31,316.89453125,6.062123926718755,7.139485131706018,189.33744221879815
chapman,JS10292,GSVT,23,425.9144176136364,6.894120579244,7.829919196653058,140.87337154768107
chapman,JS10293,GSVT,26,370.1171875,8.338989881152017,11.877050390076842,162.11081794195252
chapman,JS10296,GSVT,18,521.8864889705883,19.291926142526286,32.388913968314455,114.96752889378095
chapman,JS10298,GSVT,25,393.8802083333333,7.842517626677731,11.428557093830477,152.3305785123967
chapman,JS10309,GSVT,26,368.1640625,5.980199567341743,6.611359378772755,162.9708222811671
chapman,JS10315,GSVT,23,424.58274147727275,16.470927229390238,23.392892197555298,141.31521170935702
chapman,JS10325,GSVT,25,378.8248697916667,52.823869707924736,57.12464202196726,158.3845327604726
chapman,JS10328,GSVT,24,412.70380434782606,5.482834396291167,6.332272113675029,145.38271604938274
chapman,JS10329,GSVT,29,332.55440848214283,6.138935954998422,7.399187118590417,180.4216046145779
chapman,JS10333,GSVT,25,395.1009114583333,6.74075245787451,7.270950997598382,151.85993820803296
chapman,JS10351,GSVT,27,359.0745192307692,9.981096446936723,16.31180965672858,167.09623430962344
chapman,JS10354,GSVT,27,371.09375,8.843149548962321,9.716674190494336,161.68421052631578
chapman,JS10356,GSVT,17,581.97021484375,60.17872444209921,63.1124371910173,103.09805977975878
chapman,JS10357,GSVT,28,344.3287037037037,6.260433346132516,8.011842325609052,174.25210084033614
chapman,JS10358,GSVT,31,314.7786458333333,6.504801817267953,7.58612629719074,190.61013443640124
chapman,JS10372,GSVT,31,313.8020833333333,7.13180413418185,8.69690973204806,191.2033195020747
chapman,JS10373,GSVT,30,319.23491379310343,6.57871049094036,7.2070236885364904,187.9493670886076
chapman,JS10378,GSVT,23,422.14133522727275,8.75116778090746,9.589653379511384,142.13249211356467
chapman,JS10379,GSVT,24,407.39639945652175,9.521323543190405,12.229205711963699,147.27670661803023
chapman,JS10384,GSVT,24,400.1783288043478,3.11550461893687,5.205095614150645,149.93315649867375
chapman,JS10386,GSVT,19,522.1896701388889,129.15963112130274,190.24179432400544,114.90077922077921
chapman,JS10389,GSVT,31,318.0338541666667,5.086234958615116,5.515335181222791,188.65916069600817
chapman,JS10398,GSVT,22,451.5438988095238,8.114736033582194,7.948642869189309,132.87744593202885
chapman,JS10413,GSVT,23,417.92436079545456,6.509095425320404,7.382118613461469,143.56664896441848
chapman,JS10424,GSVT,22,448.9862351190476,6.637067937382557,6.905339660024878,133.6343863283273
chapman,JS10426,GSVT,23,421.6974431818182,9.71263695293813,9.995435853889823,142.2821052631579
chapman,JS10428,GSVT,25,377.6041666666667,7.151157776641633,7.5507045022837715,158.89655172413794
chapman,JS10444,GSVT,26,367.578125,6.3851058743271585,6.75994780510911,163.23060573857597
chapman,JS10458,GSVT,30,329.3372844827586,7.217201668030085,7.720404443770457,182.1840490797546
chapman,JS10462,GSVT,23,422.36328125,8.490773640490241,8.114736033582194,142.05780346820808
chapman,JS10464,GSVT,29,327.67159598214283,1.5379413778044726,2.3017798866749595,183.1101649813731
chapman,JS10466,GSVT,25,386.962890625,6.479382838838253,7.481746852371814,155.05362776025237
chapman,JS10467,GSVT,28,347.76475694444446,6.816234770040164,7.292851502008563,172.53042121684868
chapman,JS10469,GSVT,24,407.18410326086956,6.200687845098061,6.746574997146069,147.35349322210635
chapman,JS10476,GSVT,30,329.16891163793105,5.615574247786133,6.393102253007589,182.2772378516624
chapman,JS10480,GSVT,31,317.7083333333333,5.725006857451786,5.945731271218203,188.85245901639345
chapman,JS10491,GSVT,25,394.4905598958333,38.76893678044448,59.77598915091191,152.0948942753997
chapman,JS10503,GSVT,28,343.06278935185185,6.577883926314096,8.348148576807718,174.8950975224038
chapman,JS10505,GSVT,24,404.8488451086956,9.065004615905517,9.311158098101487,148.20346093340325
chapman,JS10512,GSVT,29,343.88950892857144,6.0065094153018235,7.458619295175521,174.47464503042596
chapman,JS10519,GSVT,27,361.70372596153845,6.0077370862777055,5.524271728019903,165.8816199376947
chapman,JS10527,GSVT,24,418.01120923913044,6.200687845098061,6.983368573576115,143.53682072117826
chapman,JS10528,GSVT,30,318.2246767241379,6.130515825921333,7.829919196653058,188.54603174603176
chapman,JS10534,GSVT,27,354.7551081730769,6.897367358355779,8.111937366130933,169.1307570142933
chapman,JS10535,GSVT,29,332.03125,5.146936295846971,5.559326587434678,180.7058823529412
chapman,JS10548,GSVT,25,395.7112630208333,6.673133933560565,7.126957511716422,151.62570694087404
chapman,JS10549,GSVT,25,387.3697916666667,7.0047021714528555,9.219620733104817,154.890756302521
chapman,JS10550,GSVT,30,323.1074892241379,5.846130736685678,7.147705612416015,185.69671704012507
chapman,JS10555,GSVT,29,332.03125,6.373339911279693,7.21795502151154,180.7058823529412
chapman,JS10557,GSVT,25,397.5423177083333,6.094663530965283,6.753555418048093,150.92732855680657
chapman,JS10559,GSVT,28,349.3923611111111,18.78130003839755,28.01691135662788,171.72670807453417
chapman,JS10561,GSVT,28,351.92418981481484,6.341286028720146,7.896558008424218,170.4912641315519
chapman,JS10562,GSVT,24,412.70380434782606,6.562478402732436,7.060535209777551,145.38271604938274
chapman,JS10571,GSVT,24,416.1005434782609,10.91398428431391,10.462112703651167,144.19591836734693
chapman,JS10573,GSVT,27,359.0745192307692,7.337977861478793,8.286407592029853,167.09623430962344
chapman,JS10580,GSVT,30,329.16891163793105,6.720014355505675,6.459353786778785,182.2772378516624
chapman,JS10581,GSVT,28,341.0734953703704,5.366602365677921,6.056383524863694,175.91516436903498
chapman,JS10594,GSVT,31,310.8723958333333,6.325383323882855,7.640120760060902,193.00523560209425
chapman,JS10599,GSVT,24,397.2061820652174,5.4310269251746455,5.980199567341743,151.05505077498665
chapman,JS10602,GSVT,30,323.2758620689655,52.04228880747824,74.99415965274088,185.6
chapman,JS10604,GSVT,18,563.2467830882352,84.8005016752385,85.8233300339651,106.52524222335543
chapman,JS10605,GSVT,22,425.50223214285717,6.2312252885399815,6.550980402831415,141.00983606557375
chapman,JS10606,GSVT,24,402.93817934782606,6.223442739347541,6.070132426836533,148.90621707060063
chapman,JS10609,GSVT,25,393.8802083333333,7.842517626677731,11.428557093830477,152.3305785123967
chapman,JS10610,GSVT,17,570.6787109375,180.39442681488464,295.56951086740077,105.1379679144385
chapman,JS10615,GSVT,27,368.4645432692308,19.73674944033472,34.49906588409315,162.83792048929664
chapman,JS10620,GSVT,24,404.4242527173913,6.185471410271518,6.983368573576115,148.35905511811023
chapman,JS10630,GSVT,17,575.86669921875,8.261193513519839,9.601485158693116,104.19077901430843
chapman,JS10633,GSVT,17,588.9892578125,59.478856323643996,60.65965219265698,101.86943005181347
chapman,JS10646,GSVT,18,514.1314338235294,2.87044693406863,4.72776287378835,116.70167597765364
chapman,JS00002,SB,7,1157.2265625,29.133659941750583,48.583370952471675,51.848101265822784
chapman,JS00010,SB,10,915.7986111111111,241.8485066977294,295.9695359224541,65.51658767772513
chapman,JS00013,SB,9,1036.376953125,33.09112379500675,47.376583068601924,57.89399293286219
chapman,JS00017,SB,14,718.5246394230769,298.0972437719734,422.04093024704645,83.50444328280189
chapman,JS00022,SB,8,1104.213169642857,21.732368760319797,24.00371289673279,54.33733417561592
chapman,JS00077,SB,9,1030.2734375,22.753217676199903,25.371838001497228,58.23696682464455
chapman,JS00084,SB,17,578.0029296875,249.96868573211125,483.2718294847141,103.80570221752905
chapman,JS00088,SB,8,1097.2377232142858,77.85569049218843,88.27408392974728,54.68277177368086
chapman,JS00106,SB,9,1105.3466796875,19.34507740219503,24.133431768981854,54.28161236885698
chapman,JS00114,SB,20,507.26996527777777,189.7759689959788,369.8824076133611,118.28021390374332
chapman,JS00117,SB,8,1156.529017857143,14.215770431206076,22.815504181113585,51.87937273823884
chapman,JS00118,SB,9,1020.5078125,24.203894493439552,27.92793138834766,58.79425837320574
chapman,JS00121,SB,9,1115.1123046875,232.0372844459981,351.22810082174504,53.80623973727422
chapman,JS00126,SB,15,584.8911830357143,222.35406977494353,430.4146116584846,102.58318425760285
chapman,JS00133,SB,15,625.6975446428571,271.9569583933596,454.27519426550515,95.89297658862877
chapman,JS00153,SB,8,1208.8448660714287,54.58110398482593,72.61559227280019,49.63416041546451
chapman,JS00162,SB,9,1085.205078125,16.455254062619208,25.505727258345733,55.28908886389201
chapman,JS00164,SB,9,1054.6875,280.5690696779191,382.83064996605475,56.888888888888886
chapman,JS00170,SB,17,578.0029296875,245.40606291767975,421.3671983637711,103.80570221752905
chapman,JS00173,SB,13,756.8359375,384.1402880860606,593.2968819954701,79.27741935483871
chapman,JS00180,SB,10,1011.8272569444445,29.978418711578552,36.94518054302138,59.29865951742627
chapman,JS00205,SB,14,650.1652644230769,282.766746303387,487.4219326535502,92.2842287694974
chapman,JS00216,SB,16,579.1015625,231.47091715285467,449.3078297498794,103.60876897133221
chapman,JS00261,SB,9,1094.970703125,7.265857511160595,9.938481339826316,54.79598662207358
chapman,JS00267,SB,10,983.6154513888889,267.5887180777762,329.0332757302531,60.99944842801985
chapman,JS00273,SB,14,668.1941105769231,273.5671410281039,524.5710406732852,89.79426644182125
chapman,JS00278,SB,13,740.1529947916666,277.3213851709669,421.61402995303706,81.06432105552501
chapman,JS00295,SB,10,995.5512152777778,220.30149993008763,235.9591038393992,60.26811989100817
chapman,JS00297,SB,8,1118.861607142857,8.656301371366391,10.358009490037317,53.62593516209476
chapman,JS00298,SB,8,1005.1618303571429,9.938481339826318,11.098780677885625,59.691880638445525
chapman,JS00300,SB,9,1018.06640625,67.35551174427071,85.73274867710137,58.935251798561154
chapman,JS00302,SB,9,1125.48828125,29.64359564854322,44.17721549544925,53.310195227765725
chapman,JS00310,SB,15,648.3677455357143,297.5168961103832,563.2306431810321,92.54007530930608
chapman,JS00313,SB,17,530.70068359375,235.31386626219728,359.2613150970027,113.05807935595169
chapman,JS00328,SB,7,1118.1640625,15.746597164645605,20.94493221633517,53.65938864628821
chapman,JS00331,SB,11,898.4375,330.8163024977214,472.2380666630248,66.78260869565217
chapman,JS00338,SB,16,557.9427083333334,252.01764412466997,487.5622496492767,107.53792298716452
chapman,JS00341,SB,8,1068.638392857143,20.019247693258983,23.586225172834375,56.14621409921671
chapman,JS00343,SB,17,512.39013671875,182.85872046288225,353.85626860316125,117.0982727814175
chapman,JS00345,SB,13,712.890625,308.2893371435276,382.28229331361507,84.16438356164383
chapman,JS00347,SB,14,640.0240384615385,285.32412765712354,348.74529052617265,93.74647887323944
chapman,JS00353,SB,10,1008.0295138888889,102.74553451879316,124.92988527344463,59.522066738428414
chapman,JS00354,SB,18,541.9921875,193.8728681258967,372.0542123269777,110.70270270270271
chapman,JS00367,SB,17,543.51806640625,217.00586092193222,418.0497420798479,110.39191465468838
chapman,JS00373,SB,16,578.125,204.22768232545593,393.0458259779744,103.78378378378379
chapman,JS00377,SB,9,1029.6630859375,13.918157044667211,22.451837248090236,58.27148784825133
chapman,JS00399,SB,8,1042.8292410714287,291.48464621530184,226.17842467668143,57.53578595317725
chapman,JS00402,SB,18,516.4292279411765,182.35955990898637,349.20431358998457,116.18242491657398
chapman,JS00415,SB,10,983.6154513888889,303.502356349534,357.65559991766634,60.99944842801985
chapman,JS00432,SB,14,697.4909855769231,288.82875462451227,423.0683015731863,86.02261712439419
chapman,JS00475,SB,10,978.7326388888889,249.61049148132108,283.0399668074524,61.30376940133038
chapman,JS00492,SB,12,830.9659090909091,279.37043343567376,277.1141283710058,72.2051282051282
chapman,JS00511,SB,10,972.7647569444445,220.37363729658455,237.212488921236,61.679866146123814
chapman,JS00517,SB,12,795.4545454545455,314.0180303524822,290.0612562531411,75.42857142857143
chapman,JS00522,SB,18,539.4071691176471,198.09358521526113,384.8797778891995,111.2332268370607
chapman,JS00523,SB,7,1204.4270833333333,30.519205685766206,50.36639436807667,49.81621621621622
chapman,JS00526,SB,10,1017.2526041666666,12.91870757355757,11.835155901895334,58.982400000000005
chapman,JS00534,SB,8,1085.3794642857142,13.435658680425657,21.00177067149079,55.280205655527
chapman,JS00549,SB,12,767.4893465909091,332.2381175840456,524.3354042207952,78.17698091382302
chapman,JS00550,SB,9,1036.376953125,12.719435357708194,16.08895451265457,57.89399293286219
chapman,JS00553,SB,8,1203.2645089285713,24.227336527499343,25.214735326871203,49.86434782608696
chapman,JS00595,SB,11,788.0859375,348.11862101894263,484.60803698490434,76.13382899628253
chapman,JS00608,SB,10,870.7682291666666,338.6961755537207,447.60039348874767,68.90467289719626
chapman,JS00614,SB,20,486.7393092105263,146.8280530671765,206.21173131135228,123.26927138331574
chapman,JS00623,SB,10,1067.165798611111,34.794203005260336,54.67332928847337,56.22369089984748
chapman,JS00644,SB,8,1162.109375,65.81239133839756,105.21677316988273,51.63025210084034
chapman,JS00647,SB,18,524.4715073529412,131.5990305711577,252.05080962744415,114.40087623220153
chapman,JS00662,SB,11,900.390625,272.6147095066767,346.4924242378951,66.63774403470715
chapman,JS00680,SB,8,1086.7745535714287,15.404001185874149,20.619888442903527,55.209242618741975
chapman,JS00703,SB,12,736.4169034090909,313.1388290139684,504.7160893423792,81.4755877034358
chapman,JS00717,SB,9,1032.71484375,19.70486452542625,27.805707907358745,58.09929078014184
chapman,JS00720,SB,10,938.0425347222222,358.10898107919087,505.6953311474567,63.96298438403702
chapman,JS00721,SB,15,644.53125,259.203309374746,402.396440082863,93.0909090909091
chapman,JS00728,SB,12,742.1875,294.7941181274137,341.5421763077314,80.84210526315789
chapman,JS00729,SB,10,985.7855902777778,381.5742586812822,448.84707790161707,60.86516235553109
chapman,JS00734,SB,8,1030.970982142857,8.656301371366391,13.66606089172092,58.197564276048716
chapman,JS00743,SB,14,713.6418269230769,307.2090220154081,394.48169359247817,84.07578947368421
chapman,JS00745,SB,10,978.7326388888889,112.86352316994102,119.74095916068242,61.30376940133038
chapman,JS00756,SB,8,1009.3470982142857,24.203894493439556,37.239782515128745,59.44436765722184
chapman,JS00783,SB,8,1077.7064732142858,17.31260274273278,29.566897989233315,55.67378640776699
chapman,JS00813,SB,12,802.1129261363636,316.71422148039863,413.20539329975105,74.80243497509684
chapman,JS00821,SB,17,539.85595703125,191.05856321182938,370.5257955023506,111.1407574901074
chapman,JS00828,SB,8,1158.6216517857142,35.178202884653224,46.322426662622746,51.78567128236003
chapman,JS00832,SB,10,1020.5078125,22.508653460187713,26.632597936122348,58.79425837320574
chapman,JS00834,SB,19,524.6310763888889,205.12067232929599,396.54719148866826,114.36608066184074
chapman,JS00847,SB,16,607.7473958333334,231.60380002824493,407.45474788947,98.72522763792179
chapman,JS00850,SB,9,1060.791015625,20.838963792256774,24.34420810074658,56.561565017261216
chapman,JS00861,SB,10,968.9670138888889,256.5697409356221,315.4236406154143,61.92161254199328
chapman,JS00895,SB,10,1040.0390625,25.01696964345605,41.71876828768326,57.690140845070424
chapman,JS00896,SB,10,1005.859375,83.18713397168369,99.84426292323501,59.650485436893206
chapman,JS00900,SB,18,561.5234375,213.21459277026614,407.87379655534795,106.85217391304347
chapman,JS00906,SB,17,570.068359375,239.29766887417287,464.27134257559624,105.25053533190578
chapman,JS00916,SB,18,519.5886948529412,212.5079631963317,411.1178796371382,115.47595356550579
chapman,JS00926,SB,9,1027.83203125,27.744394254117385,40.391388649005094,58.37529691211402
chapman,JS00929,SB,15,612.79296875,247.1327315735519,476.8301175111216,97.91235059760956
chapman,JS00935,SB,8,1120.2566964285713,193.9826377324256,304.2139791680463,53.55915317559154
chapman,JS00965,SB,8,1092.3549107142858,38.41776330417203,39.46730355788457,54.927203065134094
chapman,JS00967,SB,8,1077.0089285714287,32.737566790918976,36.53962291771427,55.709844559585484
chapman,JS00979,SB,11,859.375,314.05591393730043,192.47752621295677,69.81818181818181
chapman,JS01022,SB,7,1215.0065104166667,52.627266322346166,87.80920708071865,49.38245144005358
chapman,JS01023,SB,8,1148.8560267857142,19.267895252417873,29.634019296928916,52.22586520947177
chapman,JS01046,SB,17,582.8857421875,195.7910397358488,376.20689305681725,102.93612565445027
chapman,JS01057,SB,14,640.7752403846154,286.3299030781579,550.9055428009656,93.63657678780774
chapman,JS01081,SB,10,949.4357638888889,230.05135594014692,185.70742437242788,63.19542857142857
chapman,JS01082,SB,9,1044.921875,11.960399134683486,16.50691903766634,57.42056074766355
chapman,JS01095,SB,17,527.9541015625,141.45977770480428,271.9833216696178,113.64624277456647
chapman,JS01104,SB,12,779.9183238636364,414.20579789497157,553.097878346144,76.93113261240751
chapman,JS01135,SB,11,926.7578125,219.50099339860193,233.09428367491714,64.7418335089568
chapman,JS01142,SB,16,589.84375,254.75797221497712,458.2249814721955,101.72185430463576
chapman,JS01175,SB,11,916.015625,225.7411289023409,270.41750554609547,65.50106609808103
chapman,JS01202,SB,10,1041.6666666666667,31.644241691444627,47.24609980557526,57.599999999999994
chapman,JS01213,SB,14,647.1604567307693,285.6731546754785,439.31520911666865,92.71271038885664
chapman,JS01220,SB,9,1008.9111328125,23.76903201601123,24.203894493439552,59.47005444646098
chapman,JS01241,SB,9,1018.6767578125,50.131699275090185,33.06538196007626,58.89994008388256
chapman,JS01242,SB,10,1061.740451388889,27.30788042897545,39.85553641922487,56.51098620337251
chapman,JS01276,SB,9,1018.6767578125,16.901968745066167,22.14635584038441,58.89994008388256
chapman,JS01289,SB,7,1252.44140625,24.65699447842304,42.90211452439218,47.90643274853801
chapman,JS01303,SB,11,857.91015625,290.3259890328538,355.78697408841373,69.93739328400683
chapman,JS01316,SB,8,1016.3225446428571,26.35943586452453,26.14319401726727,59.03637611530542
chapman,JS01326,SB,11,946.77734375,244.8064921333387,283.8711514772235,63.37287261474987
chapman,JS01328,SB,10,983.6154513888889,221.20152614742287,246.44300110549756,60.99944842801985
chapman,JS01329,SB,9,1011.3525390625,280.72001461421775,359.9492573171835,59.32649366324683
chapman,JS01334,SB,7,1112.4674479166667,11.311556219983109,12.91870757355757,53.934162399414774
chapman,JS01340,SB,10,1028.6458333333333,45.14951662330793,49.645262225739145,58.32911392405064
chapman,JS01347,SB,10,961.3715277777778,264.06090690137245,194.54040505800916,62.41083521444695
chapman,JS01360,SB,8,1033.7611607142858,18.424512030931485,27.404717188285705,58.04048582995951
chapman,JS01361,SB,15,603.7248883928571,259.3278585226211,495.841781981512,99.38301559792028
chapman,JS01386,SB,18,539.1199448529412,163.52919979703245,305.7855236785974,111.29248801278635
chapman,JS01387,SB,8,1071.4285714285713,26.121471376194123,45.76144505048681,56.00000000000001
chapman,JS01413,SB,16,565.7552083333334,248.48853469924197,477.1381269763818,106.05293440736477
chapman,JS01417,SB,9,1087.0361328125,70.85187599828204,49.31398895684608,55.19595732734419
chapman,JS01422,SB,16,559.2447916666666,236.29891471388325,455.55993915033457,107.28754365541327
chapman,JS01427,SB,13,701.904296875,303.7787626258309,435.07625441624765,85.48173913043479
chapman,JS01450,SB,14,695.9885817307693,331.47797437795936,507.8418429773562,86.20831084727469
chapman,JS01455,SB,13,699.0559895833334,293.2780780978835,444.23592858665523,85.83003492433062
chapman,JS01465,SB,10,1031.9010416666667,15.822120845722315,16.286211015779216,58.14511041009463
chapman,JS01469,SB,8,1032.3660714285713,17.572957243016354,24.817628063113453,58.11891891891892
chapman,JS01483,SB,19,540.2688419117648,199.3071504055495,383.0752346954991,111.05582137161083
chapman,JS01494,SB,8,1022.6004464285714,24.227336527499343,25.05664765354924,58.67394270122783
chapman,JS01497,SB,10,898.9800347222222,243.1185201801802,321.2235682556893,66.7423053711527
chapman,JS01502,SB,9,1108.3984375,27.12363573552397,38.18061435101565,54.13215859030837
chapman,JS01506,SB,16,612.6302083333334,262.69392950822004,460.75820206604635,97.93836344314559
chapman,JS01534,SB,12,840.7315340909091,276.93613261678104,373.61652759531773,71.36642027455122
chapman,JS01577,SB,9,1052.24609375,21.36355026662047,28.650324745972167,57.02088167053364
chapman,JS01594,SB,9,1102.294921875,330.75423658776003,426.9241053908079,54.43189368770764
chapman,JS01611,SB,13,645.3450520833334,280.9041783875093,535.6870371836906,92.97351828499369
chapman,JS01625,SB,17,606.4453125,258.24361318404135,496.47148864219605,98.93719806763285
chapman,JS01635,SB,10,957.5737847222222,213.6676075796119,236.60237186690856,62.65835694050992
chapman,JS01637,SB,12,835.4048295454545,352.4663845933231,487.1985065618968,71.82146652497343
chapman,JS01652,SB,10,966.2543402777778,357.71762676604567,642.2917153845847,62.09545199326221
chapman,JS01656,SB,10,866.9704861111111,366.18742690735183,510.17797169730466,69.20650813516896
chapman,JS01657,SB,16,550.78125,212.54220751719757,411.06454355572953,108.93617021276596
chapman,JS01658,SB,8,1066.5457589285713,11.225918624045118,11.623418666248128,56.256376716808376
chapman,JS01665,SB,9,1093.1396484375,32.74840238079332,50.944641842941444,54.88777219430486
chapman,JS01679,SB,14,643.0288461538462,294.9247355232518,568.2308580447396,93.30841121495327
chapman,JS01696,SB,17,518.49365234375,198.47071212017283,383.7074665434397,115.7198351971748
chapman,JS01782,SB,12,822.9758522727273,268.0514072922383,308.0315599497052,72.90614886731392
chapman,JS01800,SB,17,613.28125,271.20370656923507,450.3565057283491,97.8343949044586
chapman,JS01830,SB,15,599.5396205357143,232.42770282900975,449.93875526928855,100.07678883071553
chapman,JS01832,SB,16,578.4505208333334,231.84632306265098,451.5347693353206,103.72537985368598
chapman,JS01836,SB,16,610.3515625,252.6960772208412,412.7720055737543,98.304
chapman,JS01837,SB,17,538.02490234375,191.6089185157491,372.64103141968417,111.51900170164492
chapman,JS01841,SB,11,935.05859375,334.2201040513079,396.1402640033558,64.16710182767623
chapman,JS01859,SB,19,514.8654513888889,163.39490300190405,311.4593231667753,116.53530031612223
chapman,JS01867,SB,11,837.890625,296.94031114103365,340.37947054242653,71.60839160839161
chapman,JS01874,SB,8,1164.2020089285713,51.509787297466545,37.505594472014685,51.53744757339725
chapman,JS01925,SB,8,1037.9464285714287,32.24839740994384,40.803877398182536,57.80645161290322
chapman,JS01927,SB,7,1173.5026041666667,6.6711919049216135,6.905339660024878,51.12898751733703
chapman,JS01954,SB,15,605.8175223214286,277.7461993487873,529.8470315969411,99.03972366148533
chapman,JS01959,SB,19,511.33897569444446,178.42462615690218,341.56291230978894,117.33899204244031
chapman,JS01971,SB,7,1154.78515625,16.558422810364423,15.594452561202454,51.95771670190275
chapman,JS01974,SB,12,848.2776988636364,285.27571098649986,356.37172827796024,70.73155416012558
chapman,JS01997,SB,11,918.45703125,222.74344300450872,210.37059317284985,65.32695374800637
chapman,JS02000,SB,9,1018.6767578125,15.204633248979713,15.982755632518973,58.89994008388256
chapman,JS02002,SB,8,1089.564732142857,32.071885972579935,50.861002578124165,55.06786171574904
chapman,JS02003,SB,9,1045.5322265625,16.596945753807866,23.991885493749773,57.38704028021016
chapman,JS02006,SB,19,509.71137152777777,147.221061249414,283.8214677702656,117.71367748802555
chapman,JS02007,SB,11,840.33203125,293.2800899214629,356.890952872197,71.40034863451481
chapman,JS02009,SB,9,1127.3193359375,19.079153036562293,26.997771317471578,53.22360584731998
chapman,JS02021,SB,18,554.0556066176471,187.23467211017166,364.31597943230605,108.29237947122861
chapman,JS02096,SB,10,1019.4227430555555,11.128576115866979,9.611826018080825,58.85683874401278
chapman,JS02116,SB,13,686.03515625,296.78723073652975,457.754941914862,87.45907473309609
chapman,JS02124,SB,9,1015.0146484375,23.26209416772296,36.53962291771427,59.11244738424534
chapman,JS02167,SB,8,1090.9598214285713,27.311344796947395,27.836314089334422,54.99744245524297
chapman,JS02172,SB,11,931.15234375,304.4276855045103,300.98357558615004,64.43628736234923
chapman,JS02173,SB,14,720.7782451923077,277.9812963865221,335.00980951171493,83.24335591453881
chapman,JS02204,SB,10,847.9817708333334,307.95608502207585,438.4109006114736,70.75623800383877
chapman,JS02212,SB,5,1563.720703125,186.37489142479774,304.99669224347275,38.37002341920375
chapman,JS02218,SB,15,635.1143973214286,296.5740224791901,572.2353069179112,94.47116968698518
chapman,JS02229,SB,10,981.4453125,230.10172957624525,251.06156983890543,61.134328358208954
chapman,JS02292,SB,13,770.263671875,283.32650776493705,349.40733333946696,77.89540412044374
chapman,JS02314,SB,10,1027.0182291666667,44.350346983849974,56.96905219520524,58.4215530903328
chapman,JS02319,SB,11,926.7578125,214.92757992044685,221.39604957622413,64.7418335089568
chapman,JS02340,SB,9,1035.7666015625,284.7316439845998,347.69014588221586,57.92810842663524
chapman,JS02341,SB,17,534.36279296875,178.41958788363456,346.37695849390485,112.28326670474014
chapman,JS02342,SB,11,908.203125,227.98081113142095,275.392356488351,66.06451612903226
chapman,JS02346,SB,11,853.02734375,316.20834712904235,421.22571926151755,70.33772180881512
chapman,JS02351,SB,9,1054.6875,300.28304417034764,310.7676856345268,56.888888888888886
chapman,JS02382,SB,17,613.9322916666666,249.89361997376943,467.85359729683853,97.73064687168612
chapman,JS02385,SB,9,1080.322265625,187.2416942266993,230.69858867117426,55.538983050847456
chapman,JS02389,SB,16,611.0026041666666,261.1269030422182,460.4605731277856,98.19925412892916
chapman,JS02401,SB,17,548.40087890625,182.53029236588299,349.8198090789828,109.40901502504174
chapman,JS02433,SB,14,742.9387019230769,380.6289688191894,492.7489292875696,80.76036400404449
chapman,JS02450,SB,11,910.64453125,372.8545948844662,243.01498316658797,65.88739946380697
chapman,JS02459,SB,11,841.30859375,296.7069272786239,409.2866266714332,71.31746952988972
chapman,JS02462,SB,17,537.7197265625,159.9086926121938,309.4100778133146,111.58229284903518
chapman,JS02468,SB,10,1069.3359375,41.432037960149266,54.29041981918234,56.10958904109589
chapman,JS02473,SB,11,891.11328125,220.745971481643,257.0841870327237,67.33150684931506
chapman,JS02484,SB,14,693.7349759615385,283.6409876303269,432.22544825531367,86.48835950189496
chapman,JS02487,SB,9,1035.15625,13.810679320049756,14.879135747559669,57.9622641509434
chapman,JS02492,SB,8,985.6305803571429,43.98404790857826,39.3159906548866,60.874734607218684
chapman,JS02534,SB,12,728.4268465909091,332.29552170988757,447.47719903750095,82.36928702010968
chapman,JS02546,SB,9,1026.0009765625,8.82676530053276,13.049865327755096,58.47947650208209
chapman,JS02564,SB,11,859.86328125,284.14118543468277,388.9020433169016,69.77853492333901
chapman,JS02569,SB,9,1100.4638671875,11.0539369362029,11.225918624045118,54.52246256239601
chapman,JS02594,SB,10,919.5963541666666,244.92062898407133,330.49734005456395,65.24601769911504
chapman,JS02608,SB,13,685.6282552083334,318.28950426203915,455.274214453239,87.51097922848665
chapman,JS02615,SB,19,521.1046006944445,194.05764710061922,374.8633191714427,115.14003123373243
chapman,JS02637,SB,14,680.9645432692307,330.3191402289687,438.95325664860974,88.11031439602868
chapman,JS02659,SB,8,1017.0200892857143,20.85257958187821,24.817628063113453,58.995884773662546
chapman,JS02671,SB,8,1014.2299107142857,18.424512030931485,26.595271221302394,59.15818431911967
chapman,JS02675,SB,9,1016.845703125,19.312037109245434,27.744394254117385,59.006002400960384
chapman,JS02694,SB,12,724.4318181818181,339.9663084340129,557.4837707073192,82.82352941176471
chapman,JS02700,SB,9,1096.8017578125,10.419481896128387,13.308303591196228,54.70450751252087
chapman,JS02705,SB,19,519.2057291666666,168.99627466872508,326.3028195404811,115.56112852664577
chapman,JS02715,SB,9,1054.0771484375,17.398461022930967,18.362788199062756,56.92182976259409
chapman,JS02749,SB,11,939.94140625,230.49139281573292,248.618867304438,63.833766233766234
chapman,JS02757,SB,18,557.5022977941177,185.69326383495573,353.7070246226749,107.62287480680061
chapman,JS02759,SB,17,569.76318359375,234.33239867547178,450.8839578932858,105.30690948044992
chapman,JS02772,SB,18,521.8864889705883,158.85923322974617,305.2783030917232,114.96752889378095
chapman,JS02775,SB,19,503.47222222222223,157.4560752839634,276.8678034149915,119.17241379310344
chapman,JS02776,SB,12,810.1029829545455,269.68383490815467,361.8292555284191,74.06465753424658
chapman,JS02781,SB,18,514.1314338235294,181.2139007026957,352.81910433133373,116.70167597765364
chapman,JS02785,SB,16,614.5833333333334,253.7711765831703,489.2237694662893,97.62711864406779
chapman,JS02790,SB,17,570.37353515625,233.5816838476937,415.8195785867173,105.19422150882825
chapman,JS02792,SB,16,622.3958333333334,279.8815339086204,408.9045726375847,96.40167364016736
chapman,JS02799,SB,9,982.666015625,116.3049800494898,128.9363677275803,61.0583850931677
chapman,JS02809,SB,8,1035.15625,29.024340006717136,51.52080661244926,57.9622641509434
chapman,JS02821,SB,8,1155.8314732142858,45.08031227929807,61.278810537163736,51.910681955340976
chapman,JS02824,SB,15,647.6702008928571,270.15548863346487,411.74723268163086,92.63974151857836
chapman,JS02828,SB,6,1219.7265625,39.123487546894786,64.68574853267467,49.19135308246597
chapman,JS02844,SB,9,1003.41796875,28.59082244966406,15.982755632518973,59.7956204379562
chapman,JS02869,SB,16,577.7994791666666,228.9176016822566,431.79083924676064,103.84225352112676
chapman,JS02876,SB,19,531.1414930555555,195.94735083715292,360.5782349161303,112.96424923391216
chapman,JS02917,SB,11,920.41015625,213.90768796977557,200.46639632424692,65.18832891246684
chapman,JS02922,SB,9,894.1650390625,264.8632442663975,315.77438423608135,67.10170648464164
chapman,JS02958,SB,17,548.095703125,215.54174612759002,413.63119057981504,109.46993318485524
chapman,JS02984,SB,7,1142.578125,4.367320268554277,6.176323555016366,52.51282051282051
chapman,JS02988,SB,12,839.84375,270.10384152225254,339.28696194756355,71.44186046511628
chapman,JS02998,SB,10,986.8706597222222,104.79420147579877,109.01910918831106,60.798240791643764
chapman,JS03031,SB,18,563.8212316176471,199.26360614192438,386.60267330494594,106.41670911869588
chapman,JS03033,SB,8,1014.2299107142857,14.840935079271716,24.00371289673279,59.15818431911967
chapman,JS03035,SB,12,779.0305397727273,297.14923950394893,412.541312258625,77.01880341880342
chapman,JS03041,SB,9,968.6279296875,268.3191629045646,314.19566462135134,61.94328922495274
chapman,JS03045,SB,9,1057.12890625,20.879784524408155,23.562145304205547,56.75750577367206
chapman,JS03051,SB,10,962.4565972222222,266.5322958641858,223.49870817079932,62.34047350620068
chapman,JS03063,SB,8,1086.0770089285713,16.40342636203243,24.977228602250662,55.2447013487476
chapman,JS03077,SB,15,601.2834821428571,273.93242376859047,528.4138226155613,99.78654292343388
chapman,JS03149,SB,17,512.39013671875,185.07056419824264,359.98395106958486,117.0982727814175
chapman,JS03152,SB,8,1027.4832589285713,27.60079938258763,42.23938565221673,58.39511201629328
chapman,JS03159,SB,10,1028.6458333333333,56.575342901642905,71.7416272212652,58.32911392405064
chapman,JS03179,SB,11,876.46484375,317.8477997390634,439.23605750095743,68.45682451253482
chapman,JS03191,SB,21,475.5859375,153.0153859436198,233.91142390775806,126.16016427104722
chapman,JS03193,SB,8,1033.7611607142858,22.50234763194793,33.534176071022976,58.04048582995951
chapman,JS03201,SB,9,1035.15625,11.672154388031188,13.308303591196228,57.9622641509434
chapman,JS03206,SB,9,1069.3359375,82.90516894336506,90.90053220812223,56.10958904109589
chapman,JS03240,SB,8,1056.0825892857142,20.272844331972948,34.46910576912007,56.81373844121533
chapman,JS03266,SB,9,891.7236328125,354.46602861072705,450.65324991440195,67.28542094455852
chapman,JS03270,SB,17,548.095703125,208.35749168198035,400.3568805648186,109.46993318485524
chapman,JS03273,SB,8,1076.3113839285713,21.810589896561137,28.049622297548968,55.745949449125085
chapman,JS03313,SB,9,1096.19140625,288.8357090238985,404.3816161082979,54.73496659242762
chapman,JS03328,SB,10,999.3489583333334,260.48786461619414,298.35143121421146,60.039087947882734
chapman,JS03329,SB,10,837.6736111111111,288.56255998492173,371.0736721028166,71.62694300518135
chapman,JS03335,SB,14,627.6292067307693,289.45247280866175,558.130601354317,95.59784560143626
chapman,JS03342,SB,9,1093.1396484375,47.22807382254387,36.53962291771427,54.88777219430486
chapman,JS03343,SB,6,1376.953125,27.621358640099512,42.916005447380236,43.57446808510638
chapman,JS03360,SB,9,1016.2353515625,15.969431115294483,22.753217676199903,59.04144144144144
chapman,JS03378,SB,18,539.4071691176471,220.25569458755868,394.70072212936026,111.2332268370607
chapman,JS03384,SB,8,1123.046875,50.0339392869121,59.66895436140417,53.426086956521736
chapman,JS03387,SB,17,588.37890625,262.2756726087702,479.47627583069493,101.97510373443983
chapman,JS03421,SB,10,927.1918402777778,236.50718330010594,250.1399125548866,64.71152720889408
chapman,JS03433,SB,8,1066.5457589285713,29.14145281602176,41.8613969713922,56.256376716808376
chapman,JS03450,SB,9,1067.5048828125,42.402022769007026,41.267297594165846,56.20583190394511
chapman,JS03456,SB,9,1078.4912109375,7.11786119976233,8.25345951883317,55.63327674023769
chapman,JS03469,SB,9,1055.2978515625,29.231407041083273,51.044828059363006,56.85598611914401
chapman,JS03484,SB,17,518.798828125,186.88269830027306,307.02758476263296,115.65176470588236
chapman,JS03490,SB,18,511.2591911764706,158.58587147618502,309.3368660900477,117.35730337078651
chapman,JS03523,SB,18,535.3860294117648,160.82680215841515,311.8556054454788,112.06866952789699
chapman,JS03529,SB,7,1250.0,30.88161777508183,44.26963654938725,48.0
chapman,JS03536,SB,18,527.34375,164.0563237072184,315.82258102177883,113.77777777777777
chapman,JS03552,SB,11,916.9921875,310.43152229553334,388.005267008091,65.43130990415335
chapman,JS03566,SB,9,1029.6630859375,13.419805390325745,16.50691903766634,58.27148784825133
chapman,JS03595,SB,10,952.6909722222222,353.51903455950554,425.995658995669,62.97949886104784
chapman,JS03628,SB,11,937.5,217.5882157170365,246.3926085036397,64.0
chapman,JS03642,SB,13,733.2356770833334,404.8150246027217,774.3475038210667,81.82907880133185
chapman,JS03687,SB,8,1053.2924107142858,20.85257958187821,26.520460183594277,56.964238410596025
chapman,JS03688,SB,13,709.6354166666666,301.2511011326812,511.7538196583641,84.55045871559633
chapman,JS03693,SB,16,577.4739583333334,271.4965859385579,522.7200078432471,103.90078917700112
chapman,JS03708,SB,8,1039.341517857143,74.39567873779835,67.92201046505643,57.728859060402684
chapman,JS03711,SB,9,1019.8974609375,20.623329392187873,30.54895150733564,58.829443447037704
chapman,JS03715,SB,15,625.0,285.30645082684947,475.66136021351656,96.0
chapman,JS03728,SB,10,939.6701388888889,368.56430608096883,475.1781932476855,63.85219399538106
chapman,JS03735,SB,13,712.0768229166666,316.84513386549054,402.6335760724899,84.26057142857144
chapman,JS03776,SB,14,709.8858173076923,294.1230141249269,360.55197996284386,84.52063492063492
chapman,JS03782,SB,8,1089.564732142857,5.932547815370663,7.720404443770457,55.06786171574904
chapman,JS03810,SB,9,1084.5947265625,33.87313702517483,29.23868849767674,55.320202588632526
chapman,JS03815,SB,8,1017.0200892857143,14.014688584374662,23.161213331311373,58.995884773662546
chapman,JS03816,SB,15,595.0055803571429,258.03219799249706,496.15422694101204,100.83939038686987
chapman,JS03817,SB,14,678.7109375,333.0350176753893,505.7817593488386,88.40287769784173
chapman,JS03881,SB,9,1027.83203125,49.17566052459422,48.26686353796371,58.37529691211402
chapman,JS03914,SB,16,616.8619791666666,260.35489757580615,369.10593067307343,97.26649076517151
chapman,JS03924,SB,9,1033.935546875,21.32365564680911,13.810679320049756,58.03069657615112
chapman,JS03928,SB,7,1275.2278645833333,59.7554649077756,88.45845220278999,47.05041480536057
chapman,JS03998,SB,9,1030.8837890625,4.074819142559962,6.393102253007589,58.202486678507995
chapman,JS04002,SB,8,1093.75,39.56785736049225,66.97942169125082,54.857142857142854
chapman,JS04016,SB,9,1108.3984375,21.836601342771385,35.355261990720386,54.13215859030837
chapman,JS04019,SB,8,1074.21875,14.095465556387348,16.677979762304034,55.85454545454545
chapman,JS04023,SB,9,1015.0146484375,12.635477771161272,14.29541122483203,59.11244738424534
chapman,JS04031,SB,11,778.3203125,254.29407480537134,361.06409272140917,77.08908406524466
chapman,JS04038,SB,11,918.45703125,222.02871427520526,231.22865503909125,65.32695374800637
chapman,JS04042,SB,13,693.359375,284.50883122779976,392.15343732238813,86.53521126760563
chapman,JS04046,SB,13,694.9869791666666,334.0314432764681,646.4452147573729,86.33255269320844
chapman,JS04065,SB,17,547.4853515625,226.97376325903204,439.1111951005094,109.59197324414716
chapman,JS04084,SB,9,1024.7802734375,8.432071291668933,11.817155654364827,58.54913639070875
chapman,JS04104,SB,10,1005.3168402777778,261.05294380073065,304.7115609865578,59.68267674042094
chapman,JS04124,SB,17,549.01123046875,227.38720979880162,440.2120183431502,109.28738187882156
chapman,JS04146,SB,10,985.2430555555555,269.6375736972868,330.63708047123805,60.89867841409692
chapman,JS04148,SB,9,1013.7939453125,35.78019871776643,49.520757112999014,59.18362432269717
chapman,JS04156,SB,8,1203.2645089285713,12.874691406163622,17.492012744307193,49.86434782608696
chapman,JS04160,SB,9,1018.6767578125,21.982342235151954,21.36355026662047,58.89994008388256
chapman,JS04178,SB,11,938.5850694444445,242.47205418106154,286.22299699977924,63.92601156069364
chapman,JS04245,SB,12,833.6292613636364,265.89674487496643,253.67139077852613,71.97444089456869
chapman,JS04252,SB,16,592.4479166666666,254.96823181531073,495.2729067077987,101.27472527472528
chapman,JS04255,SB,9,1040.6494140625,106.12798464700732,115.93099629488752,57.65630498533724
chapman,JS04295,SB,17,530.70068359375,202.0070046541748,389.94488318504773,113.05807935595169
chapman,JS04297,SB,15,617.67578125,227.6487341187397,395.76740204869895,97.13833992094861
chapman,JS04306,SB,12,762.6065340909091,293.99087795244117,445.4853993772968,78.67753201396972
chapman,JS04309,SB,11,811.5234375,333.1924776654653,472.47922049910267,73.93501805054152
chapman,JS04334,SB,8,1090.2622767857142,19.267895252417873,12.288141984490153,55.03262955854127
chapman,JS04350,SB,10,983.6154513888889,102.89046207467537,113.00573057649528,60.99944842801985
chapman,JS04362,SB,11,852.5390625,282.70879990481336,293.2082715898378,70.37800687285224
chapman,JS04365,SB,7,1284.9934895833333,38.74586842158578,52.316778265542474,46.69284357188094
chapman,JS04368,SB,10,1042.209201388889,104.35722722597944,102.01456257703212,57.570015616866215
chapman,JS04379,SB,11,928.22265625,232.24548428163496,273.7279892989591,64.6396633350868
chapman,JS04399,SB,8,1126.5345982142858,12.516991102766713,12.125377950643994,53.26068111455108
chapman,JS04439,SB,18,527.6309742647059,135.76140330292992,262.85397867925343,113.71584104518237
chapman,JS04442,SB,13,732.8287760416666,305.0982382544988,470.57288636966206,81.87451415880066
chapman,JS04444,SB,8,1113.28125,22.19756135577125,26.44543751509102,53.89473684210526
chapman,JS04448,SB,8,1018.4151785714286,90.07243556635974,149.39863669689652,58.915068493150685
chapman,JS04487,SB,11,927.734375,227.92270464108466,266.7583149141679,64.67368421052632
chapman,JS04490,SB,8,1151.646205357143,60.227638024790586,109.58261313159446,52.09933373712901
chapman,JS04493,SB,9,1005.859375,283.58771607856795,366.57812692663964,59.650485436893206
chapman,JS04499,SB,8,1086.0770089285713,15.404001185874149,20.52330763821369,55.2447013487476
chapman,JS04509,SB,15,650.5408653846154,296.13331181450985,398.12891360864046,92.2309468822171
chapman,JS04514,SB,8,1043.5267857142858,16.12419870497192,28.95580546005403,57.49732620320855
chapman,JS04519,SB,10,1013.9973958333334,30.000502264268817,36.742961287334985,59.17174959871589
chapman,JS04529,SB,18,532.2265625,189.0159360434171,362.9924487597475,112.73394495412845
chapman,JS04552,SB,10,1031.9010416666667,5.980199567341743,7.11786119976233,58.14511041009463
chapman,JS04558,SB,9,1048.583984375,32.67682108781169,31.751692736442642,57.22002328288708
chapman,JS04568,SB,12,853.6044034090909,283.54655044274057,326.9443159842277,70.29017160686428
chapman,JS04581,SB,17,547.79052734375,222.52785176180285,426.8725115218081,109.53091922005571
chapman,JS04590,SB,10,1029.1883680555557,29.069939940579022,32.70937745843326,58.29836584080126
chapman,JS04601,SB,13,752.3600260416666,330.01099810738106,505.63317942666527,79.74905354245539
chapman,JS04612,SB,14,680.9645432692307,274.0081310432996,418.7468419501563,88.11031439602868
chapman,JS04619,SB,11,860.83984375,242.45348035176613,157.51643342363553,69.69937606352808
chapman,JS04621,SB,16,573.2421875,241.88269494857036,431.1316855060407,104.66780238500851
chapman,JS04660,SB,7,1230.46875,28.638434176982773,34.87025599874438,48.76190476190476
chapman,JS04669,SB,10,952.6909722222222,264.65839712898753,303.48162564961586,62.97949886104784
chapman,JS04692,SB,19,533.5828993055555,204.15148088964432,396.1703555575033,112.44738179969497
chapman,JS04701,SB,9,1061.4013671875,125.0320802122276,145.67999011443032,56.529039677975845
chapman,JS04716,SB,19,520.5620659722222,204.4695298801649,371.1504346703137,115.26003126628453
chapman,JS04723,SB,8,1109.7935267857142,5.433092190079949,5.638186222554939,54.06411062225016
chapman,JS04727,SB,15,614.5368303571429,268.1675883033484,514.1045621619323,97.63450624290579
chapman,JS04754,SB,10,976.0199652777778,120.13714494462327,135.23936279548425,61.47415230683713
chapman,JS04807,SB,18,552.3322610294117,188.63621687086152,362.4152248830763,108.63026521060843
chapman,JS04821,SB,9,1051.6357421875,21.512496180932608,33.37297353210292,57.05397562391178
chapman,JS04830,SB,9,1015.625,18.082423823682646,26.871317360851315,59.07692307692308
chapman,JS04837,SB,9,1017.4560546875,233.12096938904438,368.55185590885526,58.97060587882424
chapman,JS04845,SB,12,824.7514204545455,285.3372457868579,337.76923849231696,72.74919268030139
chapman,JS04848,SB,13,709.6354166666666,366.0974808465837,689.8305185722745,84.55045871559633
chapman,JS04849,SB,16,546.2239583333334,236.56542085417462,456.17633082986225,109.84505363528008
chapman,JS04859,SB,9,1018.6767578125,18.443758366515432,24.89755621871477,58.89994008388256
chapman,JS04867,SB,19,510.79644097222223,143.22291069851954,274.05996556984064,117.46362187997876
chapman,JS04877,SB,8,1150.2511160714287,23.562145304205547,28.68002960075862,52.16252274105518
chapman,JS04883,SB,8,1067.2433035714287,15.404001185874149,22.1078738724058,56.21960784313725
chapman,JS04887,SB,19,507.26996527777777,187.508443671364,284.06595946723155,118.28021390374332
chapman,JS04907,SB,14,705.7542067307693,265.39643409124136,334.48156637310854,85.01543374135177
chapman,JS04921,SB,18,535.3860294117648,205.28104770879952,361.1713791137697,112.06866952789699
chapman,JS04934,SB,10,892.4696180555555,338.0777163221903,487.36486273625803,67.229179331307
chapman,JS04936,SB,16,568.0338541666666,181.09401762262468,342.15791279483926,105.62750716332378
chapman,JS04959,SB,15,650.8091517857143,306.8765920652936,587.6330760323257,92.19292604501607
chapman,JS04976,SB,13,795.4915364583334,306.8973693812355,379.12824539603434,75.42506393861892
chapman,JS04991,SB,11,878.90625,323.18497862535503,442.3012451246346,68.26666666666667
chapman,JS05021,SB,8,1047.7120535714287,19.905501047083792,20.716018980074633,57.26764314247669
chapman,JS05048,SB,11,926.7578125,244.14930540124004,290.393959007798,64.7418335089568
chapman,JS05054,SB,10,1075.8463541666667,19.983771415704222,30.639405268581868,55.77004538577912
chapman,JS05087,SB,13,678.3040364583334,345.68392885292724,665.3912148753016,88.45590881823635
chapman,JS05093,SB,10,935.3298611111111,256.1512350986831,311.71700613351493,64.14849187935035
chapman,JS05107,SB,11,892.08984375,328.131216484805,376.2054847358478,67.25779967159278
chapman,JS05121,SB,14,661.4332932692307,268.24093432700863,460.76651812546436,90.71209540034073
chapman,JS05139,SB,13,761.71875,331.11609341840756,472.2740181199257,78.76923076923077
chapman,JS05144,SB,15,602.3297991071429,249.22299418744436,474.2345534410519,99.61320208453967
chapman,JS05150,SB,13,686.03515625,320.17727384807824,614.0318729440769,87.45907473309609
chapman,JS05152,SB,9,1022.94921875,25.705253589129853,38.091302850100575,58.653937947494036
chapman,JS05158,SB,10,978.7326388888889,97.72065476064114,113.72865916847769,61.30376940133038
chapman,JS05172,SB,7,1278.4830729166667,62.02645514699525,66.52104049190001,46.930617441120305
chapman,JS05186,SB,7,1146.6471354166667,17.309323530137263,29.62060720332637,52.32647267565649
chapman,JS05228,SB,12,787.0205965909091,327.7150685663364,379.38856122635576,76.23688663282572
chapman,JS05255,SB,16,592.1223958333334,212.0068338463173,384.3401353643999,101.33040131940626
chapman,JS05267,SB,8,1064.453125,22.552744890219756,36.4852079613605,56.36697247706422
chapman,JS05288,SB,16,556.640625,250.6661395808498,483.09008078573135,107.78947368421052
chapman,JS05290,SB,10,1040.0390625,121.286546370842,128.64380910827853,57.690140845070424
chapman,JS05293,SB,16,596.0286458333334,255.78712544294368,492.25676518446454,100.66630256690333
chapman,JS05326,SB,9,1084.5947265625,12.084344405043536,20.38454128934495,55.320202588632526
chapman,JS05335,SB,13,724.6907552083334,295.0143012805915,409.3045726714806,82.79393599101628
chapman,JS05387,SB,7,1178.3854166666667,62.12247634356901,74.88394340890943,50.9171270718232
chapman,JS05392,SB,9,1032.1044921875,12.49997275213269,14.055135100174306,58.13364872856298
chapman,JS05409,SB,12,778.1427556818181,392.92701045866613,700.9634064008171,77.10667427267542
chapman,JS05413,SB,11,943.84765625,376.02975532356345,289.45282481194135,63.569580962234866
chapman,JS05418,SB,8,1143.275669642857,35.37131432389286,48.950043104891165,52.48078096400244
chapman,JS05458,SB,9,1058.9599609375,18.535862601558602,26.294750034836447,56.65936599423631
chapman,JS05479,SB,17,573.73046875,234.41568657265265,393.27510876938504,104.57872340425531
chapman,JS05483,SB,10,1011.8272569444445,21.252546968099924,16.558422810364423,59.29865951742627
chapman,JS05522,SB,19,527.8862847222222,177.9057501841188,336.270314897377,113.66084275436795
chapman,JS05547,SB,16,583.3333333333334,264.2194387436551,460.8284218507613,102.85714285714285
chapman,JS05551,SB,10,998.8064236111111,166.26874787721536,181.281606614989,60.07170016295492
chapman,JS05570,SB,8,1111.1886160714287,22.70326543663345,33.71145048373695,53.996233521657246
chapman,JS05572,SB,19,513.7803819444445,154.54023794456634,300.31573566403586,116.78141499472017
chapman,JS05585,SB,15,594.3080357142857,271.88662241187205,523.6530757868105,100.95774647887325
chapman,JS05593,SB,6,1320.3125,52.202723675406624,72.62927138986092,45.44378698224852
chapman,JS05597,SB,8,1079.799107142857,9.530274149888019,10.358009490037317,55.565891472868216
chapman,JS05619,SB,16,590.1692708333334,268.3571886066233,480.8392840479449,101.66574738003308
chapman,JS05624,SB,9,1043.0908203125,287.91371663477435,318.0314028744421,57.521357519016966
chapman,JS05661,SB,9,1074.8291015625,23.84057177753121,26.35943586452453,55.82282793867121
chapman,JS05681,SB,14,720.7782451923077,313.32250094588386,534.563910869103,83.24335591453881
chapman,JS05685,SB,11,806.15234375,401.5497729259156,688.9381394504303,74.42761962447001
chapman,JS05689,SB,12,755.5042613636364,327.5496818560946,542.042772836451,79.41715628672151
chapman,JS05706,SB,13,701.0904947916666,291.3772046642131,401.85765314598785,85.58096343586767
chapman,JS05707,SB,10,1012.3697916666666,122.67914576563588,125.1086716339742,59.26688102893891
chapman,JS05725,SB,10,948.3506944444445,250.90456604873873,291.4848896513858,63.267734553775746
chapman,JS05748,SB,9,1049.1943359375,45.98573308253684,69.69165699184497,57.18673647469459
chapman,JS05749,SB,14,658.0528846153846,293.1867261350236,484.48639275884034,91.17808219178082
chapman,JS05751,SB,19,507.8125,184.69078579691936,355.8802525333627,118.15384615384616
chapman,JS05756,SB,10,990.1258680555555,110.04698664978382,121.8136951119762,60.59835616438356
chapman,JS05765,SB,19,508.89756944444446,183.64412616298864,353.83301608657223,117.90191897654584
chapman,JS05783,SB,9,1021.1181640625,7.11786119976233,10.439892262204078,58.759115361625824
chapman,JS05788,SB,8,1047.0145089285713,249.77001328890884,401.292730573537,57.3057961359094
chapman,JS05797,SB,8,1141.880580357143,369.6284608777668,475.53764165925605,52.54489920586438
chapman,JS05807,SB,17,563.3544921875,198.70007381709814,382.7992132047927,106.50487540628386
chapman,JS05820,SB,9,1074.21875,21.20352141960193,24.553175093189232,55.85454545454545
chapman,JS05822,SB,8,1056.7801339285713,173.0899557470889,227.44858324916873,56.776237623762384
chapman,JS05828,SB,17,558.16650390625,221.13422611900864,428.9414836630561,107.49480590486604
chapman,JS05831,SB,18,518.4397977941177,174.93348981484522,340.01348356550164,115.73185595567867
chapman,JS05832,SB,18,516.1420036764706,203.93243896181355,364.7840038448226,116.24707846410683
chapman,JS05835,SB,13,761.3118489583334,279.097660426599,281.7644750482078,78.81133083912346
chapman,JS05841,SB,9,1069.3359375,14.53171502232119,21.52238925856796,56.10958904109589
chapman,JS05864,SB,10,956.4887152777778,253.7940665965429,308.97054725696046,62.72943845717526
chapman,JS05899,SB,8,1135.6026785714287,13.769514759573036,16.79668574263533,52.83538083538083
chapman,JS05904,SB,12,813.6541193181819,322.85156787074465,416.00874774245096,73.74140752864156
chapman,JS05921,SB,7,1258.9518229166667,139.66607824913262,151.94885718621023,47.658694246929535
chapman,JS05926,SB,10,935.8723958333334,352.1977090244419,427.9047657105039,64.11130434782608
chapman,JS05936,SB,18,527.0565257352941,177.9504706348266,344.77246548911376,113.83978201634876
chapman,JS05947,SB,8,1120.9542410714287,38.94606904056939,37.34633432807215,53.525824517734904
chapman,JS05970,SB,11,920.41015625,229.8122906068801,269.65231027256164,65.18832891246684
chapman,JS05979,SB,8,1089.564732142857,22.095031655886533,13.66606089172092,55.06786171574904
chapman,JS05995,SB,8,1190.708705357143,13.93344332829114,13.66606089172092,50.390158172231985
chapman,JS06014,SB,16,581.3802083333334,237.66142060998072,458.19896528395145,103.2026875699888
chapman,JS06015,SB,17,552.67333984375,196.9028574293031,379.42940687918156,108.56322473771397
chapman,JS06038,SB,17,540.771484375,212.6313943979729,408.9492719633916,110.95259593679458
chapman,JS06039,SB,9,913.6962890625,262.71991341053626,195.94797568348574,65.66733466933867
chapman,JS06050,SB,17,567.0166015625,234.5775153170954,449.671420476362,105.81700753498386
chapman,JS06059,SB,20,479.80057565789474,173.47421881955526,317.188692638742,125.05195500803428
chapman,JS06064,SB,17,610.3515625,271.292859044709,418.63024204953734,98.304
chapman,JS06074,SB,11,910.64453125,322.1936900196557,466.58900840920313,65.88739946380697
chapman,JS06075,SB,10,990.1258680555555,247.18292176360254,256.109217606627,60.59835616438356
chapman,JS06116,SB,10,1049.2621527777778,11.821158078071248,16.558422810364423,57.18304033092037
chapman,JS06127,SB,10,961.3715277777778,237.71380343260182,179.1732727725466,62.41083521444695
chapman,JS06136,SB,15,614.8856026785714,278.54402992639996,535.4113648087504,97.57912648893931
chapman,JS06143,SB,9,938.1103515625,255.29002299306597,249.77455873542445,63.9583604424203
chapman,JS06145,SB,9,1054.6875,37.00275449183829,31.31967678661223,56.888888888888886
chapman,JS06149,SB,8,1134.9051339285713,24.062762710184625,32.51136776601266,52.86785494775661
chapman,JS06152,SB,17,523.0712890625,202.03970474210513,391.2978417474564,114.7071178529755
chapman,JS06191,SB,13,756.4290364583334,317.46446675077067,457.3499254717958,79.32006455083378
chapman,JS06196,SB,6,1327.1484375,43.999532523706286,63.14705642762482,45.209713024282564
chapman,JS06213,SB,15,619.0708705357143,308.06209343724584,494.3507980748505,96.9194366197183
chapman,JS06229,SB,10,953.2335069444445,180.28058200582456,190.71118017028618,62.943653955606145
chapman,JS06231,SB,15,644.1556490384615,294.13600435692496,446.835151087189,93.14518950437318
chapman,JS06251,SB,8,1109.095982142857,19.819762668458043,22.46447549127972,54.09811320754717
chapman,JS06254,SB,8,1136.3002232142858,13.435658680425657,20.906954066837773,52.80294659300184
chapman,JS06290,SB,15,626.7438616071429,302.73199503063506,579.2179680969581,95.73288814691152
chapman,JS06301,SB,6,1277.34375,43.068509904687396,44.01307709306627,46.972477064220186
chapman,JS06307,SB,8,1039.341517857143,346.04214149504423,313.147827047343,57.728859060402684
chapman,JS06313,SB,15,613.8392857142857,244.36159299710494,470.7216709061865,97.74545454545455
chapman,JS06317,SB,8,1088.8671875,106.93991074853648,126.02639013773698,55.10313901345292
chapman,JS06324,SB,7,1237.79296875,31.606547524770036,42.229977168827446,48.47337278106509
chapman,JS06359,SB,10,963.5416666666666,247.84783014082973,293.7763526945742,62.270270270270274
chapman,JS06387,SB,14,710.44921875,311.9967483226573,531.0013949247408,84.45360824742268
chapman,JS06415,SB,18,550.8961397058823,204.1038644039733,392.18020793321193,108.91345151199167
chapman,JS06446,SB,7,1254.0690104166667,23.400171010840683,35.81468910330517,47.844256975989616
chapman,JS06457,SB,7,1183.2682291666667,216.29628533218644,363.24318306939597,50.707015130674
chapman,JS06489,SB,10,947.265625,249.7643313644361,286.0355146672174,63.34020618556701
chapman,JS06497,SB,17,538.9404296875,183.2876697661511,353.6428429875566,111.32955832389581
chapman,JS06498,SB,18,537.109375,176.77028885957768,340.5914850108048,111.7090909090909
chapman,JS06518,SB,12,772.3721590909091,370.5267704406693,707.3390564658521,77.68275862068965
chapman,JS06525,SB,18,544.2899816176471,210.30924200123997,405.9585846556234,110.2353562005277
chapman,JS06534,SB,17,545.95947265625,168.9690075319657,325.5411777496735,109.8982671883734
chapman,JS06558,SB,7,1076.66015625,170.4584179062666,288.73899760897274,55.72789115646258
chapman,JS06561,SB,16,616.5364583333334,292.70976896439794,448.75221431017366,97.31784582893347
chapman,JS06564,SB,12,792.7911931818181,379.770282322214,550.2931853787285,75.68197088465845
chapman,JS06569,SB,9,1041.259765625,19.13485871141909,21.20352141960193,57.62250879249707
chapman,JS06570,SB,9,1026.611328125,16.864142583337866,26.164898623759836,58.44470868014269
chapman,JS06586,SB,8,1217.2154017857142,11.525328991251609,14.512170003358568,49.29283667621777
chapman,JS06588,SB,8,1080.4966517857142,194.49115806204048,217.52733314618212,55.530019367333765
chapman,JS06594,SB,15,601.9810267857143,263.6748559431617,509.45670393871643,99.67091541135572
chapman,JS06609,SB,16,613.9322916666666,278.1334220056027,433.734807030677,97.73064687168612
chapman,JS06614,SB,18,516.7164522058823,184.3725308892848,356.8693799914161,116.11784324624793
chapman,JS06621,SB,8,1053.2924107142858,18.20756319796493,27.259333047598023,56.964238410596025
chapman,JS06644,SB,8,1139.0904017857142,48.88621916093917,35.82578239429547,52.67360685854256
chapman,JS06658,SB,7,1172.6888020833333,19.140791081337287,24.02026147704852,51.1644691186676
chapman,JS06672,SB,7,1319.1731770833333,8.95921806284042,9.264485332524549,45.483035163479336
chapman,JS06735,SB,9,1016.845703125,28.916569933278637,29.004775231991896,59.006002400960384
chapman,JS06747,SB,16,563.1510416666666,231.44050518038333,400.49694390897275,106.54335260115607
chapman,JS06752,SB,9,1109.0087890625,46.86609819446403,54.871541404288884,54.10236653824986
chapman,JS06753,SB,10,971.1371527777778,225.2115479603638,253.35986696960697,61.783240223463686
chapman,JS06755,SB,8,1142.578125,17.829510335454625,19.22365203616165,52.51282051282051
chapman,JS06756,SB,8,1088.8671875,64.2852137308968,50.70450681460031,55.10313901345292
chapman,JS06760,SB,8,1010.7421875,27.621358640099512,34.92718706685373,59.36231884057971
chapman,JS06767,SB,11,923.33984375,214.0215931314514,245.5687397466445,64.98149127445797
chapman,JS06768,SB,7,1292.3177083333333,19.449699539439656,15.594452561202454,46.42821158690177
chapman,JS06774,SB,9,1036.376953125,28.079962622586976,24.553175093189232,57.89399293286219
chapman,JS06775,SB,9,1044.3115234375,34.569829732681384,47.805986860157475,57.454120397428404
chapman,JS06788,SB,9,1101.07421875,16.711981795076646,20.04758351450881,54.492239467849224
chapman,JS06795,SB,17,587.158203125,275.3173153384341,513.2453027192225,102.18711018711019
chapman,JS06796,SB,14,621.9951923076923,305.8263798178191,577.8057832329221,96.46376811594203
chapman,JS06801,SB,8,1026.7857142857142,6.1209293996875855,8.689028525416106,58.434782608695656
chapman,JS06808,SB,17,538.9404296875,215.37483925867826,415.4295038492777,111.32955832389581
chapman,JS06811,SB,8,1090.2622767857142,472.3198003600926,599.768270672476,55.03262955854127
chapman,JS06826,SB,12,827.8586647727273,278.8198268688187,367.3387581158723,72.47613941018767
chapman,JS06842,SB,13,688.4765625,279.5053953802993,460.9611046717468,87.14893617021276
chapman,JS06860,SB,8,1175.3627232142858,24.203894493439552,39.36649291161401,51.04807121661721
chapman,JS06875,SB,9,1043.0908203125,301.0639567725577,369.0551751179216,57.521357519016966
chapman,JS06884,SB,9,1034.5458984375,24.957334350904386,33.979804572596535,57.99646017699115
chapman,JS06894,SB,8,1057.4776785714287,3.8417763304172032,4.8828125,56.738786279683374
chapman,JS06910,SB,8,1028.1808035714287,23.392892197555298,40.55968683065466,58.355495251017636
chapman,JS06912,SB,13,770.6705729166666,291.3353594736031,400.0169316956466,77.85427666314678
chapman,JS06925,SB,10,959.2013888888889,259.75588570727905,304.65776347278313,62.55203619909502
chapman,JS06928,SB,8,1033.0636160714287,11.574477738703164,19.015822665279824,58.07967589466576
chapman,JS06939,SB,9,1030.2734375,11.073177920192204,9.589653379511384,58.23696682464455
chapman,JS06999,SB,7,1142.578125,397.00598770353696,322.18423451379226,52.51282051282051
chapman,JS07015,SB,9,1027.2216796875,42.07949259784132,49.82930064086492,58.409982174688054
chapman,JS07026,SB,8,1193.4988839285713,34.510253098762725,45.41278134213446,50.27235534774986
chapman,JS07032,SB,17,573.1201171875,240.6579395554052,465.9168668494184,104.69009584664536
chapman,JS07034,SB,17,567.93212890625,215.9191152840385,418.8132622601862,105.64642665233745
chapman,JS07037,SB,8,1008.6495535714286,17.572957243016354,23.837595240684912,59.48547717842324
chapman,JS07041,SB,17,556.640625,185.8207956141677,358.4840206342958,107.78947368421052
chapman,JS07054,SB,16,564.7786458333334,224.29576644146448,433.13759235988516,106.23631123919307
chapman,JS07083,SB,10,921.7664930555555,252.47939131663517,308.8499526732947,65.09240729841083
chapman,JS07128,SB,7,1166.1783854166667,28.707726400646933,41.316788674426135,51.450104675505926
chapman,JS07145,SB,11,883.30078125,237.27822908484455,294.3984573568018,67.92703150912106
chapman,JS07155,SB,8,1055.385044642857,20.41237002761216,19.53125,56.8512888301388
chapman,JS07198,SB,18,515.2803308823529,176.42532731234053,342.53938949626775,116.44147157190636
chapman,JS07212,SB,7,1374.51171875,48.11490832451177,49.458817430080465,43.651865008880996
chapman,JS07225,SB,8,1067.9408482142858,30.45589935237167,20.716018980074633,56.1828870019595
chapman,JS07231,SB,16,622.0703125,268.96529081440355,446.88691724498085,96.45211930926217
chapman,JS07239,SB,6,1472.65625,28.176832121588884,41.8613969713922,40.742705570291776
chapman,JS07266,SB,16,575.1953125,249.57811998665713,439.205039100615,104.31239388794567
chapman,JS07285,SB,10,1042.209201388889,124.39464641825323,142.50369284680164,57.570015616866215
chapman,JS07291,SB,16,581.0546875,266.9901668070675,371.5042482561166,103.26050420168067
chapman,JS07297,SB,9,1048.583984375,15.605369225165383,25.169668739772202,57.22002328288708
chapman,JS07298,SB,15,616.6294642857143,297.8819081044583,565.9576177300462,97.30316742081448
chapman,JS07311,SB,15,573.0329241071429,243.51337047143116,472.2348303092239,104.70602556299451
chapman,JS07319,SB,7,1202.7994791666667,9.601485158693116,14.319217088491387,49.88362652232747
chapman,JS07323,SB,8,1145.3683035714287,41.51416299209405,59.90158274602196,52.384896467722285
chapman,JS07331,SB,14,733.5486778846154,295.67673334783706,428.15194149590616,81.79416282642089
chapman,JS07366,SB,8,1077.7064732142858,19.67603515442711,26.669872409137273,55.67378640776699
chapman,JS07419,SB,23,419.03409090909093,94.24420071991217,112.8643614407415,143.1864406779661
chapman,JS07492,SB,8,1051.8973214285713,22.171973380285277,30.49315428905468,57.03978779840849
chapman,JS07500,SB,10,983.0729166666666,278.8231306411683,349.5604411568757,61.033112582781456
chapman,JS07521,SB,10,957.5737847222222,377.7593534938428,427.27399462469504,62.65835694050992
chapman,JS07541,SB,8,1046.3169642857142,40.629605322185114,58.45795897157543,57.344
chapman,JS07567,SB,14,688.8521634615385,309.3912084325641,479.1525410214811,87.10141766630316
chapman,JS07600,SB,9,1052.24609375,16.50691903766634,19.53125,57.02088167053364
chapman,JS07612,SB,18,546.0133272058823,213.62817581815568,413.05787191801136,109.88742766964756
chapman,JS07615,SB,10,891.3845486111111,299.857080819359,349.2661821552646,67.31101643335363
chapman,JS07619,SB,16,576.4973958333334,216.88284656521557,357.0730277323722,104.07679277244495
chapman,JS07624,SB,13,716.1458333333334,316.7390853111857,454.6072224350587,83.78181818181818
chapman,JS07652,SB,13,694.1731770833334,315.2334710797515,602.9145630584912,86.4337631887456
chapman,JS07661,SB,9,1062.01171875,60.6502933015741,81.60079850305692,56.49655172413793
chapman,JS07680,SB,17,537.41455078125,204.2896918644132,395.9656878932435,111.64565587734242
chapman,JS07706,SB,13,709.228515625,370.83155664389176,709.5093306221728,84.59896729776248
chapman,JS07717,SB,16,624.6744791666666,264.0492263686712,507.64982531340405,96.05002605523711
chapman,JS07734,SB,8,1111.8861607142858,19.473034520284696,35.09742619278617,53.96235884567126
chapman,JS07764,SB,11,850.5859375,322.3954783629238,325.5696577967732,70.53960964408725
chapman,JS07767,SB,7,1092.9361979166667,51.2501513471152,38.57112823853809,54.897989575577064
chapman,JS07780,SB,10,1019.4227430555555,166.7639130763475,195.8914758390382,58.85683874401278
chapman,JS07787,SB,8,1083.984375,30.099677748871954,27.69319584500904,55.351351351351354
chapman,JS07794,SB,8,1145.3683035714287,62.20283708037933,53.19054244260479,52.384896467722285
chapman,JS07804,SB,9,1046.142578125,31.61732187228762,52.36233054083793,57.35355892648775
chapman,JS07829,SB,17,545.34912109375,196.4543344273404,380.9303152414979,110.02126468942362
chapman,JS07833,SB,12,826.5269886363636,367.14133704771655,440.4719093536925,72.59291084854995
chapman,JS07837,SB,8,1067.2433035714287,26.723031466088145,35.49147540259851,56.21960784313725
chapman,JS07853,SB,8,1167.689732142857,8.656301371366391,9.134905729428567,51.38351254480287
chapman,JS07861,SB,14,588.5667067307693,247.25885756305206,475.1384700587577,101.94256541161454
chapman,JS07878,SB,15,656.73828125,279.0918608397878,372.15232445881304,91.36059479553903
chapman,JS07887,SB,7,1136.8815104166667,14.943852774919309,19.40879581479667,52.77594846098783
chapman,JS07900,SB,7,1106.7708333333333,20.171788261496964,23.00628708865185,54.21176470588236
chapman,JS07915,SB,9,1011.962890625,36.60946616001012,50.541911084645086,59.29071170084439
chapman,JS07931,SB,8,1100.7254464285713,17.114737927434845,21.283686247757196,54.50950570342206
chapman,JS07937,SB,7,1387.5325520833333,40.54988862134859,61.064446097122975,43.24222873900293
chapman,JS07952,SB,14,653.5456730769231,291.57414208900997,395.75639612809033,91.80689655172414
chapman,JS07954,SB,13,718.5872395833334,324.83689098769617,411.9674523704915,83.49716874292186
chapman,JS07964,SB,9,1126.708984375,37.70936919859238,44.75171577105313,53.25243770314193
chapman,JS07967,SB,14,673.4525240384615,307.9687399001262,592.3484187712368,89.09313998884551
chapman,JS07984,SB,14,693.7349759615385,315.911186186876,435.70039378584636,86.48835950189496
chapman,JS07985,SB,10,996.09375,126.05791643970299,129.23320574087936,60.23529411764706
chapman,JS07993,SB,8,1077.7064732142858,324.8656445811982,403.50962976296125,55.67378640776699
chapman,JS08013,SB,9,1010.7421875,20.716018980074633,33.829117335329634,59.36231884057971
chapman,JS08030,SB,15,593.9592633928571,277.4762839340192,525.4641343208112,101.01702877275397
chapman,JS08051,SB,8,1086.0770089285713,8.850849288818024,9.56000986691954,55.2447013487476
chapman,JS08058,SB,18,517.2909007352941,148.81037596984837,262.167133726984,115.98889505830094
chapman,JS08081,SB,9,1023.5595703125,11.942587659224284,20.879784524408155,58.61896243291592
chapman,JS08085,SB,16,557.2916666666666,206.06284188897672,398.2796663597985,107.66355140186917
chapman,JS08121,SB,9,1072.3876953125,18.258156075559935,18.362788199062756,55.949914627205466
chapman,JS08130,SB,10,1063.9105902777778,79.05198206107352,105.82869532076779,56.395716471188166
chapman,JS08134,SB,11,838.37890625,291.5552017118018,262.55429629741684,71.56668608037275
chapman,JS08136,SB,10,955.9461805555555,221.08922323947897,226.21575491532772,62.76503972758229
chapman,JS08138,SB,12,831.4098011363636,281.86215144383664,367.5334193805677,72.16657768286171
chapman,JS08172,SB,9,1033.3251953125,38.35306354861505,48.12552542036926,58.06497341996456
chapman,JS08194,SB,10,930.9895833333334,261.42434029650514,337.8195274391367,64.44755244755244
chapman,JS08196,SB,9,1057.12890625,37.641566861696546,33.72828516667573,56.75750577367206
chapman,JS08220,SB,11,916.015625,220.90132524330662,247.52964617148027,65.50106609808103
chapman,JS08221,SB,7,1082.3567708333333,375.30589872637904,493.95627891642096,55.43458646616542
chapman,JS08225,SB,8,1082.5892857142858,19.473034520284696,24.89755621871477,55.42268041237113
chapman,JS08232,SB,11,929.19921875,234.78211260190497,263.6768984217976,64.57172884918549
chapman,JS08238,SB,12,814.5419034090909,269.3243426228088,215.7739097457177,73.66103542234333
chapman,JS08246,SB,13,803.4446022727273,283.23144083560754,286.6464632884409,74.67845303867404
chapman,JS08257,SB,19,507.8125,164.36858701983496,308.87521049544466,118.15384615384616
chapman,JS08263,SB,8,1030.2734375,14.374610785038813,15.947198846244648,58.23696682464455
chapman,JS08267,SB,10,1043.8368055555557,60.63235138917116,71.88687433757548,57.480249480249476
chapman,JS08274,SB,8,1115.3738839285713,18.881010091761336,25.914198125147553,53.79362101313321
chapman,JS08289,SB,9,1115.72265625,19.70486452542625,15.768212270448263,53.776805251641136
chapman,JS08292,SB,8,1030.2734375,31.76956591136578,49.07165830625435,58.23696682464455
chapman,JS08293,SB,9,917.96875,419.27249415062215,466.911707660846,65.36170212765957
chapman,JS08295,SB,8,1061.6629464285713,28.729469440250135,47.63349813366503,56.51511169513798
chapman,JS08318,SB,16,598.9583333333334,251.24069431607262,484.65274283863147,100.17391304347825
chapman,JS08328,SB,7,1135.25390625,6.730492554731554,5.777421663183219,52.851612903225806
chapman,JS08331,SB,18,496.03630514705884,153.36286426690097,297.68391878583674,120.95888824551244
chapman,JS08338,SB,8,1007.2544642857143,13.136576350284164,19.015822665279824,59.56786703601108
chapman,JS08367,SB,16,630.859375,286.96769577361835,446.9612213703787,95.10835913312694
chapman,JS08375,SB,8,1055.385044642857,15.293046551716284,23.920798269366973,56.8512888301388
chapman,JS08390,SB,11,915.0390625,236.0553550959771,281.73541341754833,65.5709711846318
chapman,JS08391,SB,10,923.9366319444445,238.40651146759987,167.64125390725482,64.9395184967704
chapman,JS08394,SB,8,1049.8046875,27.621358640099512,18.80569662807836,57.15348837209302
chapman,JS08397,SB,9,1024.169921875,43.96468447030391,55.51947072706167,58.584028605482715
chapman,JS08416,SB,8,1080.4966517857142,15.106311263747012,26.74426550318194,55.530019367333765
chapman,JS08422,SB,7,1215.0065104166667,34.721798364383446,56.5226411269054,49.38245144005358
chapman,JS08442,SB,8,1035.853794642857,22.803060490969987,33.94637632586948,57.92323232323233
chapman,JS08461,SB,8,1073.521205357143,10.708313745972335,14.6484375,55.89083820662768
chapman,JS08492,SB,9,1031.494140625,15.385564313694738,18.269811458857134,58.168047337278104
chapman,JS08500,SB,15,631.6266741071429,293.99114935676937,567.9534906830523,94.99282164549972
chapman,JS08514,SB,8,1097.2377232142858,22.852794596922646,33.05679689386377,54.68277177368086
chapman,JS08516,SB,19,536.0243055555555,170.7921770781608,332.1241624975258,111.93522267206478
chapman,JS08531,SB,16,599.2838541666666,191.75281049923726,368.75511332146357,100.11950027159153
chapman,JS08540,SB,7,1212.5651041666667,18.953029463554213,34.109861712056606,49.48187919463087
chapman,JS08541,SB,10,967.8819444444445,317.8029987653322,451.4225515219449,61.99103139013453
chapman,JS08545,SB,14,683.59375,293.6529012593782,564.6971424815672,87.77142857142857
chapman,JS08581,SB,15,600.9347098214286,244.65438945329183,470.2753533449094,99.84445734184563
chapman,JS08583,SB,15,613.8392857142857,251.4852899891481,484.0979150381417,97.74545454545455
chapman,JS08594,SB,16,607.421875,239.7754286088355,456.6930840269501,98.7781350482315
chapman,JS08597,SB,10,947.265625,259.35273591968974,317.91759332510975,63.34020618556701
chapman,JS08603,SB,15,633.0217633928571,288.16936703739367,480.8135379035152,94.78347107438017
chapman,JS08687,SB,10,1043.2942708333333,17.60523083722651,23.858423200307694,57.51014040561623
chapman,JS08691,SB,8,1021.9029017857143,17.312602742732782,26.294750034836447,58.71399317406143
chapman,JS08716,SB,16,638.671875,280.9099836587418,462.8472839630881,93.94495412844037
chapman,JS08717,SB,14,668.1941105769231,291.5332544960043,458.3844532057283,89.79426644182125
chapman,JS08719,SB,16,624.6744791666666,281.7409207046556,388.38425048913405,96.05002605523711
chapman,JS08763,SB,19,526.8012152777778,185.92357942712164,355.5727352249165,113.89495365602471
chapman,JS08767,SB,7,1212.5651041666667,53.72573186400457,60.86891422752899,49.48187919463087
chapman,JS08770,SB,10,909.2881944444445,322.3837690504703,198.76105895554318,65.9856801909308
chapman,JS08773,SB,10,949.9782986111111,239.28410738089372,289.118580919677,63.15933752141633
chapman,JS08775,SB,9,1112.6708984375,29.57889510800223,36.67917640941659,53.92430060340099
chapman,JS08778,SB,17,533.14208984375,197.217425510418,383.504436840269,112.54035489410418
chapman,JS08785,SB,9,1016.845703125,43.497376060585204,71.54849747745016,59.006002400960384
chapman,JS08793,SB,10,935.8723958333334,234.92113697480306,238.70287005613207,64.11130434782608
chapman,JS08798,SB,9,1016.845703125,186.29339807930359,217.067554438409,59.006002400960384
chapman,JS08807,SB,13,730.3873697916666,309.9612950561883,442.1158087601052,82.14818941504178
chapman,JS08823,SB,10,977.6475694444445,251.66360680612604,262.6753448498587,61.37180910099889
chapman,JS08838,SB,8,1136.3002232142858,23.538040801420692,22.286887919318282,52.80294659300184
chapman,JS08840,SB,15,674.5256696428571,290.181409059324,445.0164510971565,88.95139607032058
chapman,JS08848,SB,18,550.23193359375,218.29844598885418,394.96490515760047,109.04492512479202
chapman,JS08856,SB,17,567.626953125,191.58636428849147,369.7893742593264,105.70322580645161
chapman,JS08861,SB,14,629.5072115384615,278.5376808058803,369.2662262550708,95.31264916467781
chapman,JS08863,SB,7,1141.7643229166667,68.31867277846949,86.88113842690753,52.550249465431214
chapman,JS08870,SB,9,1019.287109375,23.307804752516216,35.88119740405046,58.864670658682634
chapman,JS08875,SB,14,697.4909855769231,317.55708202510755,605.1109651470503,86.02261712439419
chapman,JS08883,SB,9,1052.8564453125,24.33546220209869,24.829062124103917,56.987826086956524
chapman,JS08888,SB,10,1061.740451388889,119.88053273646025,136.70785043048454,56.51098620337251
chapman,JS08900,SB,16,566.0807291666666,203.54833957967494,386.2076722124875,105.99194939620472
chapman,JS08907,SB,8,1089.564732142857,54.40401051908606,85.83201089476047,55.06786171574904
chapman,JS08916,SB,12,781.6938920454545,351.0905479176789,241.02998811284402,76.75638841567292
chapman,JS08932,SB,10,1029.7309027777778,109.2224267944959,120.39871099548782,58.267650158061116
chapman,JS08955,SB,9,1062.01171875,26.488333630088622,36.77191783788282,56.49655172413793
chapman,JS08969,SB,9,1119.9951171875,15.86243204696823,16.914558667664817,53.5716621253406
chapman,JS08977,SB,9,1054.0771484375,19.256843978063124,28.59082244966406,56.92182976259409
chapman,JS09001,SB,9,1066.2841796875,27.859246660096936,29.180385970077968,56.27017744705209
chapman,JS09002,SB,11,850.5859375,288.5021930966028,325.9599902272511,70.53960964408725
chapman,JS09011,SB,10,903.3203125,226.69610655091057,256.8006600059513,66.42162162162163
chapman,JS09015,SB,10,949.4357638888889,244.3494115919652,280.655550578781,63.19542857142857
chapman,JS09027,SB,7,1223.9583333333333,15.645331823825412,25.465634395322848,49.02127659574468
chapman,JS09029,SB,17,552.06298828125,203.8145343796355,394.0825980110969,108.6832504145937
chapman,JS09045,SB,17,535.888671875,199.20039871564026,379.45454048016825,111.96355353075171
chapman,JS09056,SB,9,1021.728515625,8.946536926883832,13.179717932262266,58.72401433691756
chapman,JS09058,SB,16,576.4973958333334,280.96615632086605,543.6925347190464,104.07679277244495
chapman,JS09059,SB,11,853.02734375,378.84423096838395,398.17798282579076,70.33772180881512
chapman,JS09072,SB,12,844.7265625,287.7464233494321,315.6729784465073,71.02890173410404
chapman,JS09073,SB,12,772.3721590909091,310.07065200022527,407.5700879817257,77.68275862068965
chapman,JS09082,SB,9,1081.54296875,16.711981795076646,23.920798269366973,55.47629796839729
chapman,JS09084,SB,10,1012.3697916666666,32.1116856395652,41.070810159327934,59.26688102893891
chapman,JS09086,SB,10,1023.2204861111111,17.454110180279308,15.24657714452734,58.638388123011666
chapman,JS09107,SB,13,740.966796875,386.77257937351266,737.3120366694237,80.97528830313014
chapman,JS09123,SB,12,743.5191761363636,310.6181966323704,356.5055064756517,80.69731343283583
chapman,JS09155,SB,8,1076.3113839285713,29.14145281602176,30.623189652061814,55.745949449125085
chapman,JS09179,SB,10,944.5529513888889,350.52771219094944,407.8646630144324,63.52211372774268
chapman,JS09184,SB,10,897.3524305555555,339.68707257270927,414.7445531375907,66.863361547763
chapman,JS09202,SB,19,524.90234375,194.29198288669144,375.02041929413883,114.30697674418604
chapman,JS09226,SB,19,538.4657118055555,171.29439387870804,330.2482063219947,111.42770780856424
chapman,JS09253,SB,13,767.0084635416666,341.36830333208076,432.24738661298295,78.22599469496022
chapman,JS09266,SB,11,929.19921875,225.68068503146827,262.39785926948394,64.57172884918549
chapman,JS09288,SB,8,1117.466517857143,16.779779159848136,14.374610785038813,53.69288389513108
chapman,JS09299,SB,13,765.380859375,232.63109085675833,332.90808457372617,78.39234449760765
chapman,JS09303,SB,13,780.4361979166666,298.5590091098356,372.7459063386876,76.88008342022941
chapman,JS09308,SB,9,1109.619140625,27.09222445024896,20.216764433858035,54.07260726072607
chapman,JS09310,SB,8,1066.5457589285713,20.879784524408155,24.4140625,56.256376716808376
chapman,JS09312,SB,11,745.1171875,399.92191824167895,762.2124357247093,80.52424639580603
chapman,JS09331,SB,8,1070.033482142857,11.769020400710346,16.79668574263533,56.07301173402868
chapman,JS09369,SB,15,579.6595982142857,240.4805924523857,464.32953931614446,103.50902527075813
chapman,JS09400,SB,11,822.265625,357.3708790274696,338.9795845558545,72.96912114014252
chapman,JS09402,SB,7,1155.5989583333333,356.3137421273225,439.19805965863526,51.92112676056338
chapman,JS09404,SB,16,550.1302083333334,215.49802296706986,377.7321784854053,109.06508875739644
chapman,JS09408,SB,12,773.7038352272727,343.4277750317576,459.05968880100994,77.54905335628227
chapman,JS09409,SB,10,1060.6553819444443,37.08831010776641,47.277628737883504,56.5687979539642
chapman,JS09423,SB,13,746.2565104166666,296.21216975689686,352.510657183204,80.40130861504908
chapman,JS09424,SB,21,449.951171875,168.47118373521778,267.4801882093295,133.34780249593055
chapman,JS09434,SB,9,1105.3466796875,121.29883166298501,138.83241383232738,54.28161236885698
chapman,JS09441,SB,15,605.46875,249.83591416925842,482.57444826788765,99.09677419354838
chapman,JS09454,SB,11,924.31640625,409.4390249619728,501.52398024571244,64.91283676703645
chapman,JS09487,SB,20,488.7952302631579,143.24668764943635,201.35312109878183,122.75078864353311
chapman,JS09490,SB,9,1076.66015625,14.764237226922939,25.505727258345733,55.72789115646258
chapman,JS09492,SB,10,946.7230902777778,216.7281919325014,219.88926267964263,63.376504297994266
chapman,JS09527,SB,9,1021.728515625,30.071375271763213,42.16540530052292,58.72401433691756
chapman,JS09528,SB,8,1152.34375,14.095465556387348,17.492012744307193,52.067796610169495
chapman,JS09551,SB,9,1064.453125,31.64424169144463,50.710104265278574,56.36697247706422
chapman,JS09559,SB,17,565.185546875,222.3512222131779,428.16447055164844,106.1598272138229
chapman,JS09562,SB,9,1109.619140625,20.174602209792926,28.53119606057137,54.07260726072607
chapman,JS09574,SB,9,1030.8837890625,19.432910214334026,27.744394254117385,58.202486678507995
chapman,JS09576,SB,8,1077.0089285714287,21.627633843440265,26.966213420867337,55.709844559585484
chapman,JS09580,SB,9,1018.6767578125,16.075718019658918,22.827941088104872,58.89994008388256
chapman,JS09599,SB,8,1176.060267857143,144.58481276032566,163.06936823264593,51.01779359430605
chapman,JS09651,SB,15,611.3978794642857,353.965326413531,370.7971043585172,98.13576725613235
chapman,JS09665,SB,9,994.873046875,285.52377684542813,352.08043290462086,60.30920245398773
chapman,JS09670,SB,8,1128.627232142857,86.03678990885201,116.67776509129415,53.161928306551296
chapman,JS09688,SB,10,1048.1770833333333,35.54741156875253,45.96721285098323,57.24223602484472
chapman,JS09712,SB,10,1030.8159722222222,19.75042496665299,30.395262690402177,58.206315789473685
chapman,JS09743,SB,11,948.8932291666666,264.157448576696,313.26201039737185,63.23156089193825
chapman,JS09747,SB,15,628.8364955357143,278.8382822178224,536.9147101345885,95.414309484193
chapman,JS09759,SB,16,592.1223958333334,269.14040902092376,475.5042160601384,101.33040131940626
chapman,JS09764,SB,9,1084.5947265625,151.74782704884709,171.4754290346741,55.320202588632526
chapman,JS09771,SB,8,1100.7254464285713,22.171973380285273,27.477120794489146,54.50950570342206
chapman,JS09783,SB,16,617.67578125,341.87064579924225,571.0434244472281,97.13833992094861
chapman,JS09788,SB,17,526.7333984375,182.1655563827887,347.455942119094,113.90961761297798
chapman,JS09798,SB,19,525.4448784722222,178.21489621698242,343.12373757117354,114.18895198760971
chapman,JS09819,SB,8,1097.935267857143,18.1451013905568,18.269811458857134,54.64803049555273
chapman,JS09834,SB,15,672.4330357142857,319.43865744139384,401.6482871573054,89.22821576763486
chapman,JS09846,SB,17,534.0576171875,189.31947168909065,358.38868061196877,112.34742857142857
chapman,JS09848,SB,19,508.6263020833333,172.44857307681585,334.3798720396501,117.96480000000001
chapman,JS09864,SB,9,1022.3388671875,24.751779709719447,41.14330943933769,58.6889552238806
chapman,JS09875,SB,9,945.4345703125,388.63136534983346,485.51813059598123,63.462879276952876
chapman,JS09894,SB,18,549.1727941176471,189.0641586535091,364.4039075845016,109.25523012552301
chapman,JS09898,SB,10,952.1484375,250.0028610065785,298.35642567205946,63.01538461538462
chapman,JS00042,SR,11,780.2734375,8.550732771200323,7.634140234087614,76.89612015018774
chapman,JS00068,SR,14,712.5150240384615,248.22000014482876,287.1914354898019,84.20875065893516
chapman,JS00154,SR,24,404.8488451086956,125.97547034429446,164.7509378118947,148.20346093340325
chapman,JS00181,SR,11,827.1484375,8.673771220360825,7.278867114257127,72.53837072018891
chapman,JS00258,SR,12,748.8458806818181,8.808768942901024,7.5644205980613615,80.12329579134558
chapman,JS00293,SR,9,1003.41796875,6.393102253007589,7.609313696034957,59.7956204379562
chapman,JS00315,SR,20,502.67269736842104,142.45464194435073,272.0850847780834,119.36196319018406
chapman,JS00333,SR,14,674.2037259615385,16.493687036311282,15.181281010886742,88.99387186629527
chapman,JS00370,SR,15,656.73828125,21.56191617755822,12.989495542210474,91.36059479553903
chapman,JS00374,SR,12,777.2549715909091,10.430990831912391,11.86031035301867,77.19474585950884
chapman,JS00396,SR,9,955.810546875,9.67803915004995,13.049865327755096,62.77394636015325
chapman,JS00541,SR,19,489.63758680555554,140.23116624777296,271.66223047664107,122.53961218836565
chapman,JS00556,SR,13,741.7805989583334,17.35205365896395,19.308028383284398,80.88645090510148
chapman,JS00577,SR,16,572.9166666666666,204.01799578680362,263.35843948978595,104.72727272727273
chapman,JS00592,SR,12,833.1853693181819,18.692019432506452,19.5921900856825,72.0127863612147
chapman,JS00665,SR,13,729.5735677083334,185.93730338804818,223.60838741168465,82.23982152816508
chapman,JS00677,SR,13,781.25,15.719044042636517,15.510835590958939,76.8
chapman,JS00714,SR,13,750.732421875,162.38730464244998,169.51678709385354,79.9219512195122
chapman,JS00741,SR,11,834.47265625,2.7717100204958336,4.603559773349919,71.9016968987712
chapman,JS00754,SR,12,791.015625,16.914558667664817,19.099225796492135,75.85185185185185
chapman,JS00827,SR,10,935.8723958333334,15.049838874435977,19.607395512950454,64.11130434782608
chapman,JS00884,SR,14,673.0769230769231,6.56496330113752,8.914755167727312,89.14285714285714
chapman,JS00902,SR,11,854.4921875,11.038948540242949,15.863923087254173,70.21714285714286
chapman,JS00915,SR,10,954.3185763888889,109.59469967143507,100.48396302371425,62.872086412734504
chapman,JS00974,SR,16,633.4635416666666,12.980079451417245,15.385564313694738,94.71736896197328
chapman,JS00981,SR,10,839.3012152777778,15.137593780711486,10.066175843793117,71.48804137039431
chapman,JS00996,SR,14,698.6177884615385,13.587551890653812,18.269811458857134,85.88387096774194
chapman,JS01026,SR,13,753.5807291666666,42.98959441898092,60.95075840978505,79.61987041036717
chapman,JS01030,SR,14,716.6466346153846,257.8827259183636,292.75165567600413,83.72327044025157
chapman,JS01059,SR,11,866.2109375,26.862865932002286,35.65902067090925,69.26719278466742
chapman,JS01077,SR,12,854.4921875,34.938562148434215,33.934668659949324,70.21714285714286
chapman,JS01091,SR,11,920.41015625,28.494696289081375,18.9110514951534,65.18832891246684
chapman,JS01115,SR,13,762.939453125,10.436184255600805,11.115042636318284,78.6432
chapman,JS01124,SR,10,886.5017361111111,9.171083715482295,15.727659578521882,67.68176254589963
chapman,JS01128,SR,19,499.94574652777777,188.05551617741352,258.92451019772034,120.0130222463375
chapman,JS01238,SR,15,664.0625,232.78897963760042,270.8835592854998,90.3529411764706
chapman,JS01262,SR,15,654.9944196428571,9.354543200147756,8.457279333832409,91.6038338658147
chapman,JS01283,SR,15,651.5066964285714,124.08514914391094,127.15521083001656,92.09421841541756
chapman,JS01343,SR,10,891.3845486111111,21.577268202413496,24.291685476235838,67.31101643335363
chapman,JS01365,SR,16,617.8385416666666,17.88037922722904,14.354851860530607,97.1127502634352
chapman,JS01369,SR,11,914.0625,92.29534615443237,96.44155577490592,65.64102564102564
chapman,JS01376,SR,10,887.5868055555555,27.271477994980536,33.38572834760094,67.59902200488997
chapman,JS01429,SR,13,727.1321614583334,12.57150025743255,16.591114693741794,82.51594851706771
chapman,JS01448,SR,16,633.4635416666666,18.313259347702086,15.659838393306115,94.71736896197328
chapman,JS01452,SR,11,925.78125,24.053324481655164,29.52206566929859,64.81012658227849
chapman,JS01453,SR,13,797.119140625,26.346217592470012,25.41451563973657,75.27105666156203
chapman,JS01479,SR,13,714.5182291666666,15.346942918074417,13.412593154952173,83.97266514806378
chapman,JS01488,SR,13,751.953125,11.40379312736606,15.856330876679467,79.79220779220779
chapman,JS01495,SR,13,753.5807291666666,12.549930609990545,13.573228738832258,79.61987041036717
chapman,JS01523,SR,14,691.4813701923077,5.473130257009814,7.047732778193674,86.77023356871265
chapman,JS01530,SR,13,737.7115885416666,20.019892134589064,23.463379414777187,81.33259790402649
chapman,JS01565,SR,10,918.5112847222222,32.79531523374005,44.98419378097724,65.32309509746014
chapman,JS01567,SR,10,936.9574652777778,20.922786673474025,25.135815773894045,64.03705848291835
chapman,JS01568,SR,14,647.5360576923077,7.058567116301051,5.638186222554939,92.65893271461717
chapman,JS01580,SR,13,772.2981770833334,177.8873949753585,219.50944133778341,77.69020021074815
chapman,JS01609,SR,13,751.953125,29.810251048261392,20.024402643181748,79.79220779220779
chapman,JS01662,SR,13,777.587890625,47.620224731726005,47.065118123896546,77.16169544740973
chapman,JS01729,SR,15,679.0597098214286,18.907587615374343,26.084668772565603,88.35747303543914
chapman,JS01773,SR,13,710.44921875,13.573228738832258,11.869444209091741,84.45360824742268
chapman,JS01778,SR,14,708.7590144230769,219.61663694391663,282.1875592552396,84.6550079491256
chapman,JS01786,SR,11,848.6328125,11.229289264752826,15.947198846244648,70.70195627157652
chapman,JS01798,SR,10,926.6493055555555,16.875359174257586,13.918157044667211,64.74941451990632
chapman,JS01838,SR,14,680.9645432692307,11.208400925012599,12.368720828101125,88.11031439602868
chapman,JS01910,SR,13,708.4147135416666,209.1537562697468,218.351124328289,84.69615163699024
chapman,JS01924,SR,15,629.1852678571429,9.156391229267488,6.205946379904712,95.36141906873614
chapman,JS02069,SR,13,770.263671875,169.96530199132891,212.26071027232223,77.89540412044374
chapman,JS02070,SR,10,874.5659722222222,26.457956066095146,25.54742375055707,68.60545905707197
chapman,JS02108,SR,14,687.3497596153846,144.64384413396968,157.05536867471022,87.29180327868852
chapman,JS02147,SR,15,687.7790178571429,14.055135100174308,19.718156172486008,87.23732251521298
chapman,JS02180,SR,15,683.9425223214286,17.286099016049647,9.284260136950328,87.72667006629271
chapman,JS02191,SR,15,628.1389508928571,81.53896845344212,85.90676351561828,95.52026651860078
chapman,JS02203,SR,11,878.41796875,5.845795897157543,8.138020833333334,68.30461367426348
chapman,JS02282,SR,15,671.0379464285714,21.81259187828976,20.17784858558187,89.4137214137214
chapman,JS02285,SR,13,785.3190104166666,28.761784044598983,49.18195662096783,76.40207253886011
chapman,JS02287,SR,15,688.4765625,10.489963975187006,12.485554491131808,87.14893617021276
chapman,JS02295,SR,13,761.71875,32.91991515933799,15.856330876679467,78.76923076923077
chapman,JS02316,SR,13,703.125,6.905339660024878,8.584463603432935,85.33333333333333
chapman,JS02336,SR,13,814.9857954545455,7.706354560528021,8.457279333832409,73.62091503267973
chapman,JS02343,SR,18,536.2477022058823,203.2332153665388,326.11284464199,111.88859132297804
chapman,JS02383,SR,20,481.34251644736844,126.56980673414789,244.8016225535268,124.6513614522157
chapman,JS02427,SR,10,942.9253472222222,13.470821417030313,14.23572239952466,63.631760644418875
chapman,JS02456,SR,13,756.0221354166666,168.63010312927253,196.15960650797604,79.36275565123789
chapman,JS02465,SR,12,816.3174715909091,267.8953036253175,336.6379643156052,73.50081566068515
chapman,JS02470,SR,12,770.5965909090909,31.098431704847517,30.454035409204444,77.86175115207374
chapman,JS02485,SR,13,787.7604166666666,79.45460957296487,83.50245336459645,76.16528925619835
chapman,JS02523,SR,13,731.6080729166666,46.501443680781556,43.871268112946865,82.0111234705228
chapman,JS02525,SR,13,743.0013020833334,25.400297727776397,27.699717261759044,80.75355969331872
chapman,JS02557,SR,14,707.6322115384615,191.89993103517867,110.80864958896697,84.78980891719745
chapman,JS02571,SR,11,802.734375,7.703228884244292,10.918300671385692,74.74452554744525
chapman,JS02590,SR,11,863.28125,14.702590873224239,15.947198846244648,69.50226244343891
chapman,JS02599,SR,14,687.7253605769231,247.630061210734,364.10254611569434,87.24412889131622
chapman,JS02600,SR,19,493.1640625,143.67128836784082,235.83648385630352,121.66336633663366
chapman,JS02617,SR,10,1006.4019097222222,44.447304050850825,56.417089884235075,59.61832884097036
chapman,JS02618,SR,11,927.24609375,27.37570212754207,29.745551566564234,64.70774091627172
chapman,JS02623,SR,12,792.3473011363636,84.94103656030411,90.10079144163053,75.72436974789916
chapman,JS02650,SR,19,481.49956597222223,133.65984235625427,258.8838833293398,124.61070422535211
chapman,JS02673,SR,11,878.90625,25.00372964800979,21.22136199610237,68.26666666666667
chapman,JS02709,SR,20,476.9736842105263,153.99623619006104,239.42936912022518,125.79310344827587
chapman,JS02717,SR,13,766.6015625,9.075394309419776,9.541097860531195,78.26751592356688
chapman,JS02727,SR,14,712.1394230769231,18.253073194730348,23.374685247957473,84.25316455696202
chapman,JS02733,SR,15,653.5993303571429,11.143933770606814,13.406376425461799,91.79935965848452
chapman,JS02737,SR,11,938.96484375,20.849857135286296,12.288141984490153,63.90015600624025
chapman,JS02739,SR,12,762.6065340909091,14.618814744709224,18.006922768150172,78.67753201396972
chapman,JS02744,SR,11,875.48828125,99.8837218833532,101.57867042076774,68.53318460680424
chapman,JS02825,SR,12,820.3125,124.88932478328249,133.26589945396907,73.14285714285714
chapman,JS02830,SR,15,649.7628348214286,23.879690147789844,23.22052511429347,92.34138486312399
chapman,JS02831,SR,11,814.94140625,8.749791702939852,11.393229166666666,73.6249251048532
chapman,JS02852,SR,22,446.6610863095238,129.82790640392668,113.72865916847769,134.3300364393545
chapman,JS02855,SR,12,817.6491477272727,13.347797639974658,19.03670770470501,73.38110749185668
chapman,JS02889,SR,14,674.9549278846154,142.30353467634848,153.19378404349115,88.89482470784641
chapman,JS02901,SR,15,648.3677455357143,7.93792318411066,10.663363556624391,92.54007530930608
chapman,JS02906,SR,16,583.3333333333334,146.28505164092843,142.99580111898544,102.85714285714285
chapman,JS02912,SR,14,698.6177884615385,25.093217822832656,22.062893411012304,85.88387096774194
chapman,JS02926,SR,10,961.3715277777778,28.41323282893244,37.58497148032386,62.41083521444695
chapman,JS02935,SR,12,758.1676136363636,39.97296546800234,69.29466201018278,79.13817330210773
chapman,JS02944,SR,24,397.63077445652175,55.74705685920088,108.53092429548035,150.89375333689267
chapman,JS02948,SR,12,821.2002840909091,13.250010259765004,13.010656830541238,73.06378378378378
chapman,JS02963,SR,16,575.1953125,250.93231744170168,370.6115802567563,104.31239388794567
chapman,JS02968,SR,13,729.5735677083334,16.58567052142336,8.063699451609088,82.23982152816508
chapman,JS02975,SR,11,923.33984375,25.261968715743084,31.97734815167399,64.98149127445797
chapman,JS02986,SR,10,963.5416666666666,10.641843123878598,11.187928942763282,62.270270270270274
chapman,JS03006,SR,13,692.9524739583334,39.52903734969585,30.91669060611834,86.58602466236053
chapman,JS03169,SR,13,767.822265625,35.70710766480968,56.34981797048836,78.14308426073131
chapman,JS03174,SR,13,710.8561197916666,30.702711413319623,25.24337217349597,84.40526617057814
chapman,JS03180,SR,14,669.3209134615385,10.058581594621733,9.866825889471142,89.64309764309765
chapman,JS03194,SR,20,479.5435855263158,124.34489934790572,232.20898078916267,125.11897106109325
chapman,JS03207,SR,13,775.146484375,171.33701080821382,115.31372159887391,77.40472440944882
chapman,JS03227,SR,9,978.3935546875,27.73672051748765,46.13824133413418,61.325015595757954
chapman,JS03232,SR,12,812.3224431818181,187.060447807446,207.35574878738177,73.86229508196722
chapman,JS03276,SR,15,644.53125,13.129926602275042,11.570704477726384,93.0909090909091
chapman,JS03428,SR,12,848.7215909090909,25.448606219299545,26.788802195986722,70.69456066945607
chapman,JS03485,SR,11,811.03515625,263.29434214815933,327.3750899149156,73.97953040337147
chapman,JS03519,SR,9,976.5625,8.25345951883317,11.960399134683486,61.44
chapman,JS03522,SR,11,815.91796875,16.51035762098406,20.843503377060056,73.53680430879713
chapman,JS03527,SR,13,789.794921875,22.819462114039727,29.333842680320984,75.96908809891808
chapman,JS03540,SR,14,671.9501201923077,19.071999516369115,14.443554157958047,89.29234209055338
chapman,JS03556,SR,15,676.6183035714286,56.31831937626069,40.05921162804526,88.67628865979381
chapman,JS03572,SR,13,739.74609375,15.370463150906236,15.085800308919058,81.10891089108911
chapman,JS03616,SR,15,648.0189732142857,8.65630137136639,11.33045607647112,92.58988159311087
chapman,JS03656,SR,9,1008.30078125,36.070545406941676,53.995542634943156,59.506053268765136
chapman,JS03770,SR,11,810.546875,207.13461288975304,227.27672496323768,74.02409638554217
chapman,JS03793,SR,10,989.5833333333334,15.822120845722315,27.7290446572279,60.63157894736842
chapman,JS03801,SR,10,896.8098958333334,16.377451007078538,10.918300671385692,66.9038112522686
chapman,JS03857,SR,9,1007.6904296875,5.179004745018658,7.147705612416015,59.542095699576016
chapman,JS03866,SR,15,666.50390625,127.19486853293661,134.90925665349758,90.02197802197803
chapman,JS03905,SR,9,978.3935546875,192.37710281762412,327.4814236862669,61.325015595757954
chapman,JS03945,SR,13,782.0638020833334,26.730754885748276,21.18160562933265,76.7200832466181
chapman,JS03967,SR,20,462.58223684210526,139.70725129440837,271.9925744345848,129.70666666666668
chapman,JS03983,SR,9,989.990234375,16.246951309782528,22.069324804068604,60.606658446362516
chapman,JS04005,SR,18,514.9931066176471,191.70961004619295,333.6831680991243,116.5064138315672
chapman,JS04006,SR,13,747.8841145833334,27.842801984560463,16.591114693741794,80.22633297062023
chapman,JS04047,SR,12,819.8686079545455,20.537383982555955,21.227602655550935,73.18245804006497
chapman,JS04057,SR,9,937.5,13.308303591196228,15.440808887540914,64.0
chapman,JS04075,SR,11,873.046875,215.11238334917076,150.28701449855214,68.7248322147651
chapman,JS04076,SR,14,699.3689903846154,198.54256405402933,226.13010580815555,85.79162191192266
chapman,JS04092,SR,15,670.6891741071429,10.062921867356458,12.703977257577947,89.46021840873634
chapman,JS04097,SR,14,658.8040865384615,11.001967034162266,7.590640505443371,91.07411630558722
chapman,JS04113,SR,11,849.12109375,33.39167892751587,23.246837332496256,70.6612995974698
chapman,JS04132,SR,14,713.6418269230769,20.508408683336608,16.97318816293474,84.07578947368421
chapman,JS04153,SR,11,844.7265625,10.796304656104818,12.607367663435602,71.02890173410404
chapman,JS04159,SR,15,630.9291294642857,134.51688057948346,190.97305214678593,95.0978441127695
chapman,JS04165,SR,10,953.2335069444445,72.86596806346313,75.40744732168213,62.943653955606145
chapman,JS04179,SR,12,805.2201704545455,13.716192377165566,18.657200365764453,74.51378169790517
chapman,JS04204,SR,14,663.6868990384615,231.69328232339151,276.853028768275,90.40407470288625
chapman,JS04216,SR,10,967.3394097222222,36.41252819205256,31.07402847011195,62.02579921480651
chapman,JS04224,SR,9,991.8212890625,49.82502839833631,84.35100234336825,60.49476923076923
chapman,JS04340,SR,13,747.4772135416666,12.397892380006958,17.231932656056173,80.27000544365814
chapman,JS04341,SR,14,723.0318509615385,11.531010691863546,14.305335149126746,82.9838961038961
chapman,JS04381,SR,10,991.2109375,10.358009490037317,16.10218012484487,60.532019704433495
chapman,JS04390,SR,10,912.0008680555555,15.397858014668376,21.836601342771385,65.78941106484235
chapman,JS04406,SR,12,841.6193181818181,25.397453190253866,29.90099783670872,71.29113924050634
chapman,JS04420,SR,11,839.35546875,208.16096486737126,240.94039701948512,71.48342059336824
chapman,JS04437,SR,15,637.9045758928571,250.21446377189739,359.5421443848651,94.0579551667578
chapman,JS04457,SR,10,976.5625,35.79804272122847,54.91807558204098,61.44
chapman,JS04467,SR,15,660.5747767857143,21.19116145269937,18.219550534307245,90.8299894403379
chapman,JS04489,SR,20,458.4703947368421,136.5432313723492,266.380681227584,130.86995515695068
chapman,JS04491,SR,12,784.8011363636364,6.936656553841462,5.348853100636388,76.4524886877828
chapman,JS04522,SR,15,678.7109375,23.844005781406068,15.734945962780508,88.40287769784173
chapman,JS04524,SR,11,866.2109375,13.84898918371266,18.19716778564282,69.26719278466742
chapman,JS04535,SR,11,833.0078125,6.591294508892118,9.765625,72.02813599062134
chapman,JS04569,SR,14,681.3401442307693,7.620782148203727,9.243014885742632,88.0617420066152
chapman,JS04653,SR,11,938.96484375,34.83605269870502,32.429783276645956,63.90015600624025
chapman,JS04655,SR,12,819.4247159090909,209.56105385747736,255.53022572397364,73.22210184182015
chapman,JS04676,SR,13,723.0631510416666,34.30364680285111,26.253503342722382,82.98030388294879
chapman,JS04679,SR,11,881.34765625,10.358009490037317,12.815768024107765,68.07756232686981
chapman,JS04715,SR,14,717.3978365384615,11.531010691863544,11.623418666248128,83.63560209424084
chapman,JS04718,SR,13,742.1875,18.030980123925694,16.785928978328336,80.84210526315789
chapman,JS04733,SR,14,689.2277644230769,8.181723599305876,9.663364328644139,87.05395095367848
chapman,JS04787,SR,12,874.4673295454545,8.302086712184686,10.58568524837832,68.61319796954315
chapman,JS04814,SR,12,857.1555397727273,88.65669924202038,90.32543261371887,69.99896426721907
chapman,JS04827,SR,14,739.1826923076923,13.00125606570795,11.364127639785922,81.17073170731707
chapman,JS04882,SR,14,697.1153846153846,12.150560486494749,15.568950577562655,86.06896551724138
chapman,JS04893,SR,11,840.33203125,5.373559251047909,7.634140234087614,71.40034863451481
chapman,JS04930,SR,14,688.1009615384615,30.523211619456198,31.42372164112601,87.19650655021834
chapman,JS04974,SR,11,909.66796875,6.530730028560833,7.278867114257127,65.95813204508856
chapman,JS04992,SR,11,854.4921875,12.815768024107765,12.07063555842393,70.21714285714286
chapman,JS04999,SR,10,986.328125,30.688000707950525,32.20436024968974,60.83168316831683
chapman,JS05058,SR,11,867.1875,16.788798122692224,20.393821754787872,69.1891891891892
chapman,JS05075,SR,10,837.1310763888889,11.988053273646026,19.607395512950454,71.67336357744654
chapman,JS05090,SR,13,719.8079427083334,19.13418446209414,23.87545074371485,83.35556811758055
chapman,JS05173,SR,12,823.8636363636364,263.1749051815723,343.6334585825744,72.82758620689656
chapman,JS05182,SR,15,679.4084821428571,215.66047115460836,203.38540624666533,88.31211498973306
chapman,JS05239,SR,10,942.9253472222222,13.470821417030313,13.033542788124159,63.631760644418875
chapman,JS05306,SR,20,482.8844572368421,145.0750960429872,282.2849399567552,124.2533262373603
chapman,JS05426,SR,14,678.7109375,21.469573499793164,23.417146109925387,88.40287769784173
chapman,JS05437,SR,16,616.2109375,15.462851452492606,16.194456984157227,97.36925515055468
chapman,JS05443,SR,9,970.458984375,27.217652085835198,24.965862399795313,61.82641509433962
chapman,JS05468,SR,13,770.263671875,11.041675216470836,12.578681920547544,77.89540412044374
chapman,JS05574,SR,18,558.0767463235294,183.10355391155636,218.68309632757462,107.5120946989192
chapman,JS05591,SR,13,734.0494791666666,11.83897061783707,16.914558667664817,81.73835920177385
chapman,JS05604,SR,18,533.0882352941177,191.5861202796292,325.7196455050824,112.55172413793103
chapman,JS05620,SR,12,840.8203125,11.229289264752826,10.164384763018226,71.3588850174216
chapman,JS05664,SR,13,760.498046875,162.94692941509615,113.0452822538108,78.89566613162118
chapman,JS05679,SR,12,806.9957386363636,25.845802556895272,22.482157096135428,74.34983498349835
chapman,JS05709,SR,17,559.99755859375,18.158001726030754,18.657200365764453,107.1433242506812
chapman,JS05723,SR,12,794.5667613636364,31.272186726259577,34.87025599874438,75.51284916201118
chapman,JS05735,SR,14,702.3737980769231,257.9650901586126,263.24956535359024,85.42459893048128
chapman,JS05740,SR,11,849.609375,28.47144479904932,43.246517759070386,70.62068965517241
chapman,JS05784,SR,11,865.234375,206.54290462059026,145.45901260355782,69.34537246049662
chapman,JS05847,SR,12,790.1278409090909,11.308362218445488,14.319217088491387,75.9370786516854
chapman,JS05851,SR,15,658.8309151785714,33.25303610195558,21.36968128992552,91.070407623081
chapman,JS05853,SR,12,734.1974431818181,240.0365269925819,261.4744953970923,81.72188633615478
chapman,JS05854,SR,10,996.09375,7.32421875,8.802615418613255,60.23529411764706
chapman,JS05859,SR,12,811.8785511363636,91.63806984153841,103.79853365823435,73.90267905959541
chapman,JS05881,SR,12,841.6193181818181,13.151495805802572,14.566829970875292,71.29113924050634
chapman,JS05919,SR,12,860.2627840909091,15.566630143750295,19.713505115416357,69.74613003095975
chapman,JS05922,SR,13,692.9524739583334,15.782115419260489,9.985104651280178,86.58602466236053
chapman,JS06004,SR,14,669.6965144230769,154.45757071897236,152.33540308330194,89.59282108805384
chapman,JS06020,SR,13,758.056640625,86.17538441229388,94.97837678414939,79.14975845410628
chapman,JS06025,SR,13,762.5325520833334,13.626353124813916,14.86872711687165,78.68516542155817
chapman,JS06101,SR,19,503.2009548611111,180.26750793466536,289.21073181634904,119.23665768194071
chapman,JS06126,SR,14,675.7061298076923,155.78567765834268,148.51832280860015,88.79599777654254
chapman,JS06236,SR,13,797.9329427083334,150.8214814533446,161.9512616276887,75.19428862825089
chapman,JS06237,SR,11,918.9453125,13.382034369202126,16.757210515929362,65.2922422954304
chapman,JS06283,SR,13,762.5325520833334,156.56641509070292,195.72266945026195,78.68516542155817
chapman,JS06328,SR,11,879.39453125,13.510095032192144,15.093780103345873,68.22876179900055
chapman,JS06366,SR,13,692.138671875,5.15278176768639,7.212392049570277,86.68783068783068
chapman,JS06383,SR,13,761.71875,179.56297408164087,148.19813095484807,78.76923076923077
chapman,JS06417,SR,14,682.8425480769231,190.0102861222429,220.86744464875807,87.86798679867987
chapman,JS06481,SR,15,650.8091517857143,127.79440781981997,143.86938744623768,92.19292604501607
chapman,JS06485,SR,12,868.1640625,17.34754244072165,17.224943431410093,69.11136107986502
chapman,JS06508,SR,11,817.3828125,12.857042746179362,16.992686375179932,73.40501792114695
chapman,JS06510,SR,13,718.994140625,27.86549772211552,17.231932656056173,83.44991511035654
chapman,JS06538,SR,12,805.2201704545455,5.099931326827085,7.075867551850312,74.51378169790517
chapman,JS06541,SR,20,492.1361019736842,182.20139182693887,316.54704327436076,121.91749347258485
chapman,JS06592,SR,13,775.9602864583334,178.93975118235792,181.11339431725807,77.32354483481909
chapman,JS06593,SR,14,718.994140625,9.569451854274725,11.308362218445488,83.44991511035654
chapman,JS06625,SR,12,799.0056818181819,10.758316919744816,9.642782059634522,75.09333333333333
chapman,JS06639,SR,13,761.3118489583334,81.79677063372024,88.81058543329914,78.81133083912346
chapman,JS06660,SR,14,749.9186197916666,20.76391735379732,20.66363958151169,80.00868149755833
chapman,JS06718,SR,17,586.85302734375,106.59331785017689,77.51224544134543,102.2402496099844
chapman,JS06746,SR,17,579.833984375,220.75137170845704,326.3555378930225,103.4778947368421
chapman,JS06810,SR,12,846.5021306818181,107.60532824237279,104.96343430110889,70.87991609858416
chapman,JS06856,SR,10,846.8967013888889,5.519474270121474,6.459353786778785,70.84689301729661
chapman,JS06878,SR,12,782.1377840909091,20.346531669683667,28.763039990279573,76.71282633371169
chapman,JS06918,SR,13,737.3046875,160.64109071250058,170.72713614414116,81.37748344370861
chapman,JS06955,SR,14,672.3257211538462,102.81740448189831,103.84828867805516,89.24245810055865
chapman,JS06957,SR,12,802.1129261363636,18.41162324863992,22.74573183369554,74.80243497509684
chapman,JS07013,SR,12,829.1903409090909,20.695083129369984,28.969525340217434,72.35974304068523
chapman,JS07046,SR,26,386.328125,90.71962524650627,142.5908052562717,155.30839231547017
chapman,JS07170,SR,12,825.1953125,12.544172440102665,15.207433107809997,72.71005917159763
chapman,JS07184,SR,23,431.0191761363636,130.5611195004814,200.090369743244,139.20494335736353
chapman,JS07208,SR,13,742.1875,10.19986265365417,10.41019122830129,80.84210526315789
chapman,JS07211,SR,13,708.8216145833334,16.239008531840323,27.026428337870687,84.6475315729047
chapman,JS07216,SR,15,620.4659598214286,10.036852077786865,10.918300671385692,96.70151770657674
chapman,JS07217,SR,12,811.4346590909091,12.317504372790845,12.826099156800485,73.94310722100656
chapman,JS07227,SR,15,667.2014508928571,9.878988732076616,8.565019719795208,89.92786199686357
chapman,JS07280,SR,15,674.8744419642857,133.55909812151822,149.0104213490973,88.90542635658916
chapman,JS07284,SR,13,753.9876302083334,20.659268637077485,23.738888418183482,79.57690232056125
chapman,JS07290,SR,9,975.341796875,9.67803915004995,12.652313858270825,61.516896120150186
chapman,JS07300,SR,13,753.173828125,17.804166313637612,12.834545716265056,79.66288492706646
chapman,JS07325,SR,9,956.4208984375,20.623329392187873,21.20352141960193,62.733886407147416
chapman,JS07347,SR,13,795.0846354166666,248.59949337405874,228.02358917181002,75.46366427840329
chapman,JS07352,SR,15,657.3016826923077,236.67406104354168,333.4493832435534,91.2822857142857
chapman,JS07355,SR,13,774.7395833333334,163.6928781860857,149.68247763403133,77.4453781512605
chapman,JS07380,SR,17,563.96484375,212.31346170729591,273.9833651131469,106.3896103896104
chapman,JS07420,SR,15,664.0625,140.25464970883823,153.9262966340881,90.3529411764706
chapman,JS07430,SR,11,878.41796875,19.860772735392707,23.698274379168353,68.30461367426348
chapman,JS07438,SR,10,977.1050347222222,79.20263711325806,78.84646124001534,61.4058856191005
chapman,JS07460,SR,10,884.8741319444445,19.80065927831452,20.787825153718753,67.8062538320049
chapman,JS07483,SR,13,772.705078125,196.9164101562739,157.7753691164477,77.64928909952607
chapman,JS07574,SR,14,717.0222355769231,16.052272871362756,19.632711721703807,83.6794133053955
chapman,JS07642,SR,13,764.16015625,233.71285046434218,303.71721757976536,78.51757188498402
chapman,JS07679,SR,10,941.8402777777778,42.035063704898946,53.237213103897766,63.70506912442396
chapman,JS07800,SR,13,780.8430989583334,10.910026095986126,13.810679320049756,76.84002084418968
chapman,JS07823,SR,15,625.0,7.660786528835313,8.880401455481437,96.0
chapman,JS07828,SR,11,842.7734375,8.36278162673511,13.714436479779229,71.19351100811124
chapman,JS07873,SR,13,769.8567708333334,8.414457391165323,12.229205711963699,77.93657505285412
chapman,JS07877,SR,14,664.4381009615385,8.087785656805496,10.918300671385692,90.30186546071226
chapman,JS07888,SR,11,883.30078125,216.617544425604,255.80842964493732,67.92703150912106
chapman,JS07898,SR,15,640.3459821428571,79.3792318411066,83.17335373835382,93.69934640522877
chapman,JS07979,SR,14,734.2998798076923,155.49206917014595,164.83259359154536,81.71048593350385
chapman,JS07983,SR,10,896.8098958333334,16.00937139722168,22.375857885526564,66.9038112522686
chapman,JS07989,SR,15,644.53125,269.45121878298454,228.7998776538639,93.0909090909091
chapman,JS08060,SR,10,915.2560763888889,27.30788042897545,28.102696370169284,65.55542382928274
chapman,JS08087,SR,11,813.4765625,14.774486611862262,22.669902794896025,73.75750300120048
chapman,JS08088,SR,15,688.1009615384615,246.1946596489701,318.1830856165888,87.19650655021834
chapman,JS08107,SR,19,462.51085069444446,137.9117375766338,267.9717729555309,129.7266862170088
chapman,JS08207,SR,11,888.671875,16.914558667664817,26.092479723114252,67.51648351648352
chapman,JS08212,SR,16,622.7213541666666,127.23272924200454,127.8553854052052,96.35128071092525
chapman,JS08226,SR,10,889.2144097222222,349.5173365692844,558.5167038075109,67.47528981086029
chapman,JS08237,SR,17,576.7822265625,165.39093368326078,186.02169919340264,104.02539682539683
chapman,JS08253,SR,15,680.1060267857143,150.6984560488934,148.98580373430036,88.22153846153846
chapman,JS08265,SR,14,671.1989182692307,39.94841868904774,15.37633758763931,89.3922775601567
chapman,JS08284,SR,14,693.359375,21.096161127629752,21.836601342771385,86.53521126760563
chapman,JS08304,SR,15,668.9453125,15.676560062131315,16.194456984157227,89.69343065693431
chapman,JS08311,SR,12,766.1576704545455,15.815269959561899,15.28562093993997,78.31286210892236
chapman,JS08357,SR,14,726.7878605769231,156.32432001521758,191.87444398946482,82.55503875968992
chapman,JS08440,SR,15,673.4793526785714,11.07909150027739,12.112767049727388,89.08959088555153
chapman,JS08534,SR,15,613.8392857142857,241.51554892655196,327.40060961304346,97.74545454545455
chapman,JS08555,SR,17,572.509765625,168.57611091644105,181.46728119831357,104.80170575692964
chapman,JS08559,SR,13,725.09765625,9.875974547801398,12.834545716265056,82.74747474747475
chapman,JS08621,SR,13,744.2220052083334,26.373625888664616,27.621358640099512,80.62110442864953
chapman,JS08648,SR,15,638.9508928571429,3.237273164706035,4.491534233436522,93.90393013100436
chapman,JS08672,SR,9,961.9140625,29.296875,35.73852806208007,62.3756345177665
chapman,JS08698,SR,15,648.3677455357143,9.220547343676825,10.402180306585208,92.54007530930608
chapman,JS08759,SR,19,490.4513888888889,173.1463425695823,198.06128101066872,122.3362831858407
chapman,JS08786,SR,15,653.2505580357143,82.13444341809738,138.28595023723605,91.84837159636946
chapman,JS08822,SR,11,870.60546875,14.926115257956218,21.345828529628907,68.91755468311834
chapman,JS08827,SR,20,470.54893092105266,147.32479658391128,248.39500634304432,127.51064991807755
chapman,JS08837,SR,13,761.71875,18.388063900220153,19.586657912739888,78.76923076923077
chapman,JS08869,SR,10,935.8723958333334,23.289531284593398,26.520460183594277,64.11130434782608
chapman,JS08922,SR,15,654.6456473214286,11.722550107873921,8.671421559957329,91.65263718700054
chapman,JS08941,SR,11,874.51171875,17.29401231658788,24.250755901287988,68.60971524288107
chapman,JS09007,SR,12,862.4822443181819,24.923658853406337,28.513283829407094,69.56664951106536
chapman,JS09013,SR,16,602.6785714285714,255.9473414338876,385.6613535070694,99.55555555555556
chapman,JS09014,SR,16,604.4921875,9.264485332524549,10.192270644672474,99.25686591276252
chapman,JS09016,SR,13,736.8977864583334,17.60010036040557,11.017110836284497,81.42241855328547
chapman,JS09019,SR,12,791.9034090909091,174.3214419273598,195.8488728735996,75.76681614349775
chapman,JS09135,SR,13,736.4908854166666,17.273808617335067,18.150788618839552,81.46740331491714
chapman,JS09149,SR,11,888.671875,16.437996318948695,15.005768973458474,67.51648351648352
chapman,JS09187,SR,12,828.7464488636364,15.454839611823918,18.006922768150172,72.39850026780933
chapman,JS09189,SR,12,807.8835227272727,12.229205711963699,15.363410861867454,74.26813186813186
chapman,JS09209,SR,16,612.3046875,115.07288074651117,86.88701864068017,97.99043062200957
chapman,JS09235,SR,13,734.86328125,159.51049267491186,174.90980127479096,81.64784053156146
chapman,JS09256,SR,12,789.6839488636364,7.593019643726349,8.597078545731938,75.97976391231029
chapman,JS09257,SR,11,854.98046875,209.5940906552287,252.9864482776751,70.17704169046259
chapman,JS09265,SR,14,706.1298076923077,13.001256065707949,16.498319443939856,84.97021276595744
chapman,JS09292,SR,12,819.4247159090909,15.257235361239363,16.194456984157227,73.22210184182015
chapman,JS09305,SR,16,637.3697916666666,239.58405994123447,233.18761959774687,94.13687436159347
chapman,JS09351,SR,12,823.4197443181819,31.286045440312904,28.387581745602798,72.86684636118598
chapman,JS09360,SR,15,659.5284598214286,8.449531023150467,8.011842325609052,90.97408778424115
chapman,JS09376,SR,12,820.3125,173.08864390797666,170.41645202374485,73.14285714285714
chapman,JS09394,SR,12,775.9232954545455,13.002324676737224,17.054930856028303,77.32723112128146
chapman,JS09451,SR,13,769.8567708333334,171.81967273020658,198.15492054551444,77.93657505285412
chapman,JS09453,SR,16,622.7213541666666,10.418119783318316,11.525328991251609,96.35128071092525
chapman,JS09496,SR,16,603.515625,9.37412802864528,9.410391715424137,99.41747572815534
chapman,JS09500,SR,15,676.26953125,10.088924292790935,10.918300671385692,88.72202166064982
chapman,JS09509,SR,15,642.08984375,19.22365203616165,24.934359721758938,93.4448669201521
chapman,JS09519,SR,12,843.3948863636364,50.46527432928832,52.11130027131156,71.14105263157894
chapman,JS09523,SR,12,804.7762784090909,177.0087644408493,181.2964018256882,74.55488141202427
chapman,JS09535,SR,9,946.6552734375,15.092212976715127,20.79806294067463,63.38104448742747
chapman,JS09581,SR,9,995.4833984375,11.79912794645457,18.176359124993557,60.2722256284488
chapman,JS09598,SR,15,647.6702008928571,9.500445362636883,11.649686312553202,92.63974151857836
chapman,JS09624,SR,13,723.0631510416666,8.699415891379019,10.41019122830129,82.98030388294879
chapman,JS09653,SR,13,738.1184895833334,13.626353124813916,9.4268290933928,81.28776185226019
chapman,JS09682,SR,14,726.4122596153846,22.654166829931384,16.558422810364423,82.59772492244053
chapman,JS09684,SR,14,657.6772836538462,5.772128559311405,7.32421875,91.23015419760137
chapman,JS09708,SR,9,989.990234375,29.26779620871547,33.21953376057661,60.606658446362516
chapman,JS09713,SR,13,716.9596354166666,7.162130865459842,9.194031950110077,83.68671963677639
chapman,JS09731,SR,13,773.5188802083334,184.86176330336951,220.5486908144665,77.56759600210415
chapman,JS09744,SR,13,764.9739583333334,161.04984161457307,163.0317045441402,78.43404255319149
chapman,JS09769,SR,15,631.9754464285714,151.76908356314428,173.29090291292502,94.94039735099338
chapman,JS09800,SR,14,670.8233173076923,253.67560811679695,309.6835052817691,89.44232922732364
chapman,JS09835,SR,11,862.79296875,99.05813438190377,162.51609266102363,69.54159592529712
chapman,JS09849,SR,12,763.9382102272727,22.836077941362063,14.6484375,78.5403834979663
